row_id,true_campaign,true_type
1,Non-campaign,Operational
2,Winter Warmup 2026,Marketing
3,Winter Warmup 2026,Marketing
4,Non-campaign,Operational
5,Non-campaign,Operational
6,Non-campaign,Transactional
7,Winter Warmup 2026,Marketing
8,Winter Warmup 2026,Marketing
9,Winter Warmup 2026,Marketing
10,Winter Warmup 2026,Marketing
11,Non-campaign,Operational
12,Winter Warmup 2026,Marketing
13,Winter Warmup 2026,Marketing
14,Winter Warmup 2026,Marketing
15,Winter Warmup 2026,Marketing
16,Winter Warmup 2026,Marketing
17,Winter Warmup 2026,Marketing
18,Winter Warmup 2026,Marketing
19,Non-campaign,Transactional
20,Non-campaign,Transactional
21,Winter Warmup 2026,Marketing
22,Non-campaign,Operational
23,Non-campaign,Transactional
24,Non-campaign,Operational
25,Winter Warmup 2026,Marketing
26,Winter Warmup 2026,Marketing
27,Non-campaign,Transactional
28,Winter Warmup 2026,Marketing
29,Winter Warmup 2026,Marketing
30,Non-campaign,Transactional
31,Winter Warmup 2026,Marketing
32,Non-campaign,Transactional
33,Winter Warmup 2026,Marketing
34,Winter Warmup 2026,Marketing
35,Winter Warmup 2026,Marketing
36,Winter Warmup 2026,Marketing
37,Winter Warmup 2026,Marketing
38,Winter Warmup 2026,Marketing
39,Winter Warmup 2026,Marketing
40,Winter Warmup 2026,Marketing
41,Winter Warmup 2026,Marketing
42,Non-campaign,Operational
43,Winter Warmup 2026,Marketing
44,Winter Warmup 2026,Marketing
45,Winter Warmup 2026,Marketing
46,Non-campaign,Transactional
47,Winter Warmup 2026,Marketing
48,Winter Warmup 2026,Marketing
49,Winter Warmup 2026,Marketing
50,Winter Warmup 2026,Marketing
51,Non-campaign,Transactional
52,Winter Warmup 2026,Marketing
53,Winter Warmup 2026,Marketing
54,Winter Warmup 2026,Marketing
55,Winter Warmup 2026,Marketing
56,Winter Warmup 2026,Marketing
57,Winter Warmup 2026,Marketing
58,Winter Warmup 2026,Marketing
59,Winter Warmup 2026,Marketing
60,Winter Warmup 2026,Marketing
61,Winter Warmup 2026,Marketing
62,Non-campaign,Operational
63,Winter Warmup 2026,Marketing
64,Winter Warmup 2026,Marketing
65,Winter Warmup 2026,Marketing
66,Winter Warmup 2026,Marketing
67,Winter Warmup 2026,Marketing
68,Non-campaign,Operational
69,Winter Warmup 2026,Marketing
70,Winter Warmup 2026,Marketing
71,Non-campaign,Transactional
72,Non-campaign,Operational
73,Winter Warmup 2026,Marketing
74,Winter Warmup 2026,Marketing
75,Winter Warmup 2026,Marketing
76,Winter Warmup 2026,Marketing
77,Winter Warmup 2026,Marketing
78,Non-campaign,Operational
79,Winter Warmup 2026,Marketing
80,Winter Warmup 2026,Marketing
81,Winter Warmup 2026,Marketing
82,Winter Warmup 2026,Marketing
83,Winter Warmup 2026,Marketing
84,Winter Warmup 2026,Marketing
85,Winter Warmup 2026,Marketing
86,Winter Warmup 2026,Marketing
87,Winter Warmup 2026,Marketing
88,Winter Warmup 2026,Marketing
89,Winter Warmup 2026,Marketing
90,Winter Warmup 2026,Marketing
91,Winter Warmup 2026,Marketing
92,Winter Warmup 2026,Marketing
93,Winter Warmup 2026,Marketing
94,Winter Warmup 2026,Marketing
95,Winter Warmup 2026,Marketing
96,Winter Warmup 2026,Marketing
97,Winter Warmup 2026,Marketing
98,Winter Warmup 2026,Marketing
99,Winter Warmup 2026,Marketing
100,Winter Warmup 2026,Marketing
101,Non-campaign,Operational
102,Winter Warmup 2026,Marketing
103,Winter Warmup 2026,Marketing
104,Winter Warmup 2026,Marketing
105,Winter Warmup 2026,Marketing
106,Winter Warmup 2026,Marketing
107,Winter Warmup 2026,Marketing
108,Winter Warmup 2026,Marketing
109,Winter Warmup 2026,Marketing
110,Winter Warmup 2026,Marketing
111,Non-campaign,Operational
112,Winter Warmup 2026,Marketing
113,Non-campaign,Transactional
114,Winter Warmup 2026,Marketing
115,Winter Warmup 2026,Marketing
116,Winter Warmup 2026,Marketing
117,Non-campaign,Transactional
118,Non-campaign,Operational
119,Winter Warmup 2026,Marketing
120,Winter Warmup 2026,Marketing
121,Winter Warmup 2026,Marketing
122,Winter Warmup 2026,Marketing
123,Winter Warmup 2026,Marketing
124,Winter Warmup 2026,Marketing
125,Winter Warmup 2026,Marketing
126,Winter Warmup 2026,Marketing
127,Winter Warmup 2026,Marketing
128,Non-campaign,Transactional
129,Winter Warmup 2026,Marketing
130,Non-campaign,Transactional
131,Winter Warmup 2026,Marketing
132,Winter Warmup 2026,Marketing
133,Winter Warmup 2026,Marketing
134,Winter Warmup 2026,Marketing
135,Winter Warmup 2026,Marketing
136,Winter Warmup 2026,Marketing
137,Winter Warmup 2026,Marketing
138,Non-campaign,Transactional
139,Winter Warmup 2026,Marketing
140,Winter Warmup 2026,Marketing
141,Non-campaign,Operational
142,Winter Warmup 2026,Marketing
143,Winter Warmup 2026,Marketing
144,Winter Warmup 2026,Marketing
145,Non-campaign,Transactional
146,Winter Warmup 2026,Marketing
147,Non-campaign,Operational
148,Winter Warmup 2026,Marketing
149,Winter Warmup 2026,Marketing
150,Winter Warmup 2026,Marketing
151,Winter Warmup 2026,Marketing
152,Winter Warmup 2026,Marketing
153,Winter Warmup 2026,Marketing
154,Winter Warmup 2026,Marketing
155,Winter Warmup 2026,Marketing
156,Winter Warmup 2026,Marketing
157,Winter Warmup 2026,Marketing
158,Winter Warmup 2026,Marketing
159,Winter Warmup 2026,Marketing
160,Winter Warmup 2026,Marketing
161,Winter Warmup 2026,Marketing
162,Winter Warmup 2026,Marketing
163,Winter Warmup 2026,Marketing
164,Winter Warmup 2026,Marketing
165,Non-campaign,Transactional
166,Winter Warmup 2026,Marketing
167,Winter Warmup 2026,Marketing
168,Winter Warmup 2026,Marketing
169,Winter Warmup 2026,Marketing
170,Non-campaign,Operational
171,Winter Warmup 2026,Marketing
172,Winter Warmup 2026,Marketing
173,Winter Warmup 2026,Marketing
174,Winter Warmup 2026,Marketing
175,Winter Warmup 2026,Marketing
176,Winter Warmup 2026,Marketing
177,Winter Warmup 2026,Marketing
178,Winter Warmup 2026,Marketing
179,Winter Warmup 2026,Marketing
180,Winter Warmup 2026,Marketing
181,Winter Warmup 2026,Marketing
182,Winter Warmup 2026,Marketing
183,Non-campaign,Transactional
184,Non-campaign,Transactional
185,Non-campaign,Operational
186,Winter Warmup 2026,Marketing
187,Winter Warmup 2026,Marketing
188,Winter Warmup 2026,Marketing
189,Winter Warmup 2026,Marketing
190,Winter Warmup 2026,Marketing
191,Winter Warmup 2026,Marketing
192,Winter Warmup 2026,Marketing
193,Winter Warmup 2026,Marketing
194,Winter Warmup 2026,Marketing
195,Winter Warmup 2026,Marketing
196,Winter Warmup 2026,Marketing
197,Winter Warmup 2026,Marketing
198,Winter Warmup 2026,Marketing
199,Winter Warmup 2026,Marketing
200,Winter Warmup 2026,Marketing
201,Winter Warmup 2026,Marketing
202,Non-campaign,Transactional
203,Winter Warmup 2026,Marketing
204,Winter Warmup 2026,Marketing
205,Winter Warmup 2026,Marketing
206,Winter Warmup 2026,Marketing
207,Winter Warmup 2026,Marketing
208,Winter Warmup 2026,Marketing
209,Winter Warmup 2026,Marketing
210,Winter Warmup 2026,Marketing
211,Winter Warmup 2026,Marketing
212,Non-campaign,Operational
213,Winter Warmup 2026,Marketing
214,Winter Warmup 2026,Marketing
215,Winter Warmup 2026,Marketing
216,Winter Warmup 2026,Marketing
217,Winter Warmup 2026,Marketing
218,Winter Warmup 2026,Marketing
219,Winter Warmup 2026,Marketing
220,Winter Warmup 2026,Marketing
221,Winter Warmup 2026,Marketing
222,Winter Warmup 2026,Marketing
223,Winter Warmup 2026,Marketing
224,Winter Warmup 2026,Marketing
225,Winter Warmup 2026,Marketing
226,Winter Warmup 2026,Marketing
227,Winter Warmup 2026,Marketing
228,Winter Warmup 2026,Marketing
229,Winter Warmup 2026,Marketing
230,Non-campaign,Transactional
231,Winter Warmup 2026,Marketing
232,Winter Warmup 2026,Marketing
233,Winter Warmup 2026,Marketing
234,Winter Warmup 2026,Marketing
235,Winter Warmup 2026,Marketing
236,Winter Warmup 2026,Marketing
237,Winter Warmup 2026,Marketing
238,Winter Warmup 2026,Marketing
239,Winter Warmup 2026,Marketing
240,Winter Warmup 2026,Marketing
241,Non-campaign,Operational
242,Winter Warmup 2026,Marketing
243,Winter Warmup 2026,Marketing
244,Winter Warmup 2026,Marketing
245,Winter Warmup 2026,Marketing
246,Winter Warmup 2026,Marketing
247,Winter Warmup 2026,Marketing
248,Winter Warmup 2026,Marketing
249,Winter Warmup 2026,Marketing
250,Winter Warmup 2026,Marketing
251,Winter Warmup 2026,Marketing
252,Non-campaign,Transactional
253,Winter Warmup 2026,Marketing
254,Winter Warmup 2026,Marketing
255,Winter Warmup 2026,Marketing
256,Winter Warmup 2026,Marketing
257,Winter Warmup 2026,Marketing
258,Winter Warmup 2026,Marketing
259,Winter Warmup 2026,Marketing
260,Winter Warmup 2026,Marketing
261,Winter Warmup 2026,Marketing
262,Winter Warmup 2026,Marketing
263,Winter Warmup 2026,Marketing
264,Winter Warmup 2026,Marketing
265,Winter Warmup 2026,Marketing
266,Winter Warmup 2026,Marketing
267,Winter Warmup 2026,Marketing
268,Winter Warmup 2026,Marketing
269,Winter Warmup 2026,Marketing
270,Winter Warmup 2026,Marketing
271,Winter Warmup 2026,Marketing
272,Winter Warmup 2026,Marketing
273,Winter Warmup 2026,Marketing
274,Winter Warmup 2026,Marketing
275,Winter Warmup 2026,Marketing
276,Winter Warmup 2026,Marketing
277,Winter Warmup 2026,Marketing
278,Winter Warmup 2026,Marketing
279,Winter Warmup 2026,Marketing
280,Winter Warmup 2026,Marketing
281,Winter Warmup 2026,Marketing
282,Winter Warmup 2026,Marketing
283,Winter Warmup 2026,Marketing
284,Winter Warmup 2026,Marketing
285,Winter Warmup 2026,Marketing
286,Non-campaign,Transactional
287,Non-campaign,Operational
288,Winter Warmup 2026,Marketing
289,Winter Warmup 2026,Marketing
290,Winter Warmup 2026,Marketing
291,Winter Warmup 2026,Marketing
292,Non-campaign,Operational
293,Non-campaign,Transactional
294,Winter Warmup 2026,Marketing
295,Winter Warmup 2026,Marketing
296,Winter Warmup 2026,Marketing
297,Winter Warmup 2026,Marketing
298,Winter Warmup 2026,Marketing
299,Non-campaign,Transactional
300,Winter Warmup 2026,Marketing
301,Winter Warmup 2026,Marketing
302,Winter Warmup 2026,Marketing
303,Winter Warmup 2026,Marketing
304,Winter Warmup 2026,Marketing
305,Winter Warmup 2026,Marketing
306,Winter Warmup 2026,Marketing
307,Winter Warmup 2026,Marketing
308,Winter Warmup 2026,Marketing
309,Winter Warmup 2026,Marketing
310,Winter Warmup 2026,Marketing
311,Non-campaign,Operational
312,Winter Warmup 2026,Marketing
313,Winter Warmup 2026,Marketing
314,Winter Warmup 2026,Marketing
315,Winter Warmup 2026,Marketing
316,Winter Warmup 2026,Marketing
317,Winter Warmup 2026,Marketing
318,Winter Warmup 2026,Marketing
319,Winter Warmup 2026,Marketing
320,Non-campaign,Transactional
321,Winter Warmup 2026,Marketing
322,Winter Warmup 2026,Marketing
323,Winter Warmup 2026,Marketing
324,Winter Warmup 2026,Marketing
325,Winter Warmup 2026,Marketing
326,Winter Warmup 2026,Marketing
327,Winter Warmup 2026,Marketing
328,Winter Warmup 2026,Marketing
329,Winter Warmup 2026,Marketing
330,Winter Warmup 2026,Marketing
331,Winter Warmup 2026,Marketing
332,Winter Warmup 2026,Marketing
333,Winter Warmup 2026,Marketing
334,Winter Warmup 2026,Marketing
335,Winter Warmup 2026,Marketing
336,Winter Warmup 2026,Marketing
337,Winter Warmup 2026,Marketing
338,Winter Warmup 2026,Marketing
339,Winter Warmup 2026,Marketing
340,Winter Warmup 2026,Marketing
341,Winter Warmup 2026,Marketing
342,Winter Warmup 2026,Marketing
343,Winter Warmup 2026,Marketing
344,Winter Warmup 2026,Marketing
345,Non-campaign,Operational
346,Winter Warmup 2026,Marketing
347,Winter Warmup 2026,Marketing
348,Winter Warmup 2026,Marketing
349,Non-campaign,Transactional
350,Winter Warmup 2026,Marketing
351,Winter Warmup 2026,Marketing
352,Winter Warmup 2026,Marketing
353,Winter Warmup 2026,Marketing
354,Winter Warmup 2026,Marketing
355,Winter Warmup 2026,Marketing
356,Winter Warmup 2026,Marketing
357,Winter Warmup 2026,Marketing
358,Winter Warmup 2026,Marketing
359,Winter Warmup 2026,Marketing
360,Winter Warmup 2026,Marketing
361,Winter Warmup 2026,Marketing
362,Winter Warmup 2026,Marketing
363,Winter Warmup 2026,Marketing
364,Winter Warmup 2026,Marketing
365,Winter Warmup 2026,Marketing
366,Non-campaign,Operational
367,Winter Warmup 2026,Marketing
368,Winter Warmup 2026,Marketing
369,Winter Warmup 2026,Marketing
370,Non-campaign,Operational
371,Non-campaign,Transactional
372,Winter Warmup 2026,Marketing
373,Winter Warmup 2026,Marketing
374,Winter Warmup 2026,Marketing
375,Winter Warmup 2026,Marketing
376,Winter Warmup 2026,Marketing
377,Winter Warmup 2026,Marketing
378,Non-campaign,Transactional
379,Winter Warmup 2026,Marketing
380,Winter Warmup 2026,Marketing
381,Winter Warmup 2026,Marketing
382,Winter Warmup 2026,Marketing
383,Winter Warmup 2026,Marketing
384,Winter Warmup 2026,Marketing
385,Winter Warmup 2026,Marketing
386,Winter Warmup 2026,Marketing
387,Winter Warmup 2026,Marketing
388,Winter Warmup 2026,Marketing
389,Winter Warmup 2026,Marketing
390,Winter Warmup 2026,Marketing
391,Non-campaign,Transactional
392,Non-campaign,Transactional
393,Winter Warmup 2026,Marketing
394,Winter Warmup 2026,Marketing
395,Winter Warmup 2026,Marketing
396,Winter Warmup 2026,Marketing
397,Winter Warmup 2026,Marketing
398,Winter Warmup 2026,Marketing
399,Winter Warmup 2026,Marketing
400,Winter Warmup 2026,Marketing
401,Winter Warmup 2026,Marketing
402,Winter Warmup 2026,Marketing
403,Winter Warmup 2026,Marketing
404,Winter Warmup 2026,Marketing
405,Winter Warmup 2026,Marketing
406,Winter Warmup 2026,Marketing
407,Winter Warmup 2026,Marketing
408,Winter Warmup 2026,Marketing
409,Winter Warmup 2026,Marketing
410,Winter Warmup 2026,Marketing
411,Winter Warmup 2026,Marketing
412,Winter Warmup 2026,Marketing
413,Winter Warmup 2026,Marketing
414,Winter Warmup 2026,Marketing
415,Winter Warmup 2026,Marketing
416,Winter Warmup 2026,Marketing
417,Winter Warmup 2026,Marketing
418,Winter Warmup 2026,Marketing
419,Winter Warmup 2026,Marketing
420,Non-campaign,Operational
421,Winter Warmup 2026,Marketing
422,Winter Warmup 2026,Marketing
423,Winter Warmup 2026,Marketing
424,Winter Warmup 2026,Marketing
425,Winter Warmup 2026,Marketing
426,Winter Warmup 2026,Marketing
427,Winter Warmup 2026,Marketing
428,Winter Warmup 2026,Marketing
429,Winter Warmup 2026,Marketing
430,Winter Warmup 2026,Marketing
431,Winter Warmup 2026,Marketing
432,Non-campaign,Operational
433,Non-campaign,Operational
434,Winter Warmup 2026,Marketing
435,Winter Warmup 2026,Marketing
436,Winter Warmup 2026,Marketing
437,Winter Warmup 2026,Marketing
438,Winter Warmup 2026,Marketing
439,Winter Warmup 2026,Marketing
440,Winter Warmup 2026,Marketing
441,Winter Warmup 2026,Marketing
442,Winter Warmup 2026,Marketing
443,Winter Warmup 2026,Marketing
444,Winter Warmup 2026,Marketing
445,Non-campaign,Transactional
446,Winter Warmup 2026,Marketing
447,Winter Warmup 2026,Marketing
448,Winter Warmup 2026,Marketing
449,Winter Warmup 2026,Marketing
450,Winter Warmup 2026,Marketing
451,Winter Warmup 2026,Marketing
452,Winter Warmup 2026,Marketing
453,Winter Warmup 2026,Marketing
454,Winter Warmup 2026,Marketing
455,Winter Warmup 2026,Marketing
456,Winter Warmup 2026,Marketing
457,Winter Warmup 2026,Marketing
458,Winter Warmup 2026,Marketing
459,Winter Warmup 2026,Marketing
460,Winter Warmup 2026,Marketing
461,Winter Warmup 2026,Marketing
462,Winter Warmup 2026,Marketing
463,Winter Warmup 2026,Marketing
464,Winter Warmup 2026,Marketing
465,Winter Warmup 2026,Marketing
466,Winter Warmup 2026,Marketing
467,Winter Warmup 2026,Marketing
468,Winter Warmup 2026,Marketing
469,Winter Warmup 2026,Marketing
470,Non-campaign,Transactional
471,Winter Warmup 2026,Marketing
472,Winter Warmup 2026,Marketing
473,Winter Warmup 2026,Marketing
474,Winter Warmup 2026,Marketing
475,Winter Warmup 2026,Marketing
476,Winter Warmup 2026,Marketing
477,Winter Warmup 2026,Marketing
478,Winter Warmup 2026,Marketing
479,Winter Warmup 2026,Marketing
480,Winter Warmup 2026,Marketing
481,Winter Warmup 2026,Marketing
482,Winter Warmup 2026,Marketing
483,Winter Warmup 2026,Marketing
484,Winter Warmup 2026,Marketing
485,Winter Warmup 2026,Marketing
486,Winter Warmup 2026,Marketing
487,Winter Warmup 2026,Marketing
488,Non-campaign,Operational
489,Winter Warmup 2026,Marketing
490,Winter Warmup 2026,Marketing
491,Winter Warmup 2026,Marketing
492,Winter Warmup 2026,Marketing
493,Winter Warmup 2026,Marketing
494,Winter Warmup 2026,Marketing
495,Winter Warmup 2026,Marketing
496,Winter Warmup 2026,Marketing
497,Winter Warmup 2026,Marketing
498,Winter Warmup 2026,Marketing
499,Winter Warmup 2026,Marketing
500,Winter Warmup 2026,Marketing
501,Winter Warmup 2026,Marketing
502,Winter Warmup 2026,Marketing
503,Winter Warmup 2026,Marketing
504,Winter Warmup 2026,Marketing
505,Winter Warmup 2026,Marketing
506,Winter Warmup 2026,Marketing
507,Winter Warmup 2026,Marketing
508,Winter Warmup 2026,Marketing
509,Non-campaign,Transactional
510,Non-campaign,Operational
511,Winter Warmup 2026,Marketing
512,Winter Warmup 2026,Marketing
513,Winter Warmup 2026,Marketing
514,Winter Warmup 2026,Marketing
515,Winter Warmup 2026,Marketing
516,Winter Warmup 2026,Marketing
517,Winter Warmup 2026,Marketing
518,Winter Warmup 2026,Marketing
519,Winter Warmup 2026,Marketing
520,Winter Warmup 2026,Marketing
521,Winter Warmup 2026,Marketing
522,Winter Warmup 2026,Marketing
523,Winter Warmup 2026,Marketing
524,Winter Warmup 2026,Marketing
525,Winter Warmup 2026,Marketing
526,Winter Warmup 2026,Marketing
527,Winter Warmup 2026,Marketing
528,Winter Warmup 2026,Marketing
529,Winter Warmup 2026,Marketing
530,Winter Warmup 2026,Marketing
531,Winter Warmup 2026,Marketing
532,Winter Warmup 2026,Marketing
533,Non-campaign,Operational
534,Winter Warmup 2026,Marketing
535,Winter Warmup 2026,Marketing
536,Winter Warmup 2026,Marketing
537,Winter Warmup 2026,Marketing
538,Winter Warmup 2026,Marketing
539,Winter Warmup 2026,Marketing
540,Winter Warmup 2026,Marketing
541,Winter Warmup 2026,Marketing
542,Non-campaign,Operational
543,Winter Warmup 2026,Marketing
544,Winter Warmup 2026,Marketing
545,Winter Warmup 2026,Marketing
546,Winter Warmup 2026,Marketing
547,Winter Warmup 2026,Marketing
548,Winter Warmup 2026,Marketing
549,Winter Warmup 2026,Marketing
550,Non-campaign,Transactional
551,Winter Warmup 2026,Marketing
552,Winter Warmup 2026,Marketing
553,Winter Warmup 2026,Marketing
554,Winter Warmup 2026,Marketing
555,Non-campaign,Operational
556,Winter Warmup 2026,Marketing
557,Winter Warmup 2026,Marketing
558,Winter Warmup 2026,Marketing
559,Winter Warmup 2026,Marketing
560,Winter Warmup 2026,Marketing
561,Non-campaign,Transactional
562,Non-campaign,Operational
563,Non-campaign,Operational
564,Winter Warmup 2026,Marketing
565,Winter Warmup 2026,Marketing
566,Winter Warmup 2026,Marketing
567,Winter Warmup 2026,Marketing
568,Winter Warmup 2026,Marketing
569,Winter Warmup 2026,Marketing
570,Winter Warmup 2026,Marketing
571,Winter Warmup 2026,Marketing
572,Winter Warmup 2026,Marketing
573,Non-campaign,Transactional
574,Winter Warmup 2026,Marketing
575,Winter Warmup 2026,Marketing
576,Winter Warmup 2026,Marketing
577,Winter Warmup 2026,Marketing
578,Winter Warmup 2026,Marketing
579,Winter Warmup 2026,Marketing
580,Winter Warmup 2026,Marketing
581,Winter Warmup 2026,Marketing
582,Winter Warmup 2026,Marketing
583,Winter Warmup 2026,Marketing
584,Non-campaign,Transactional
585,Winter Warmup 2026,Marketing
586,Winter Warmup 2026,Marketing
587,Winter Warmup 2026,Marketing
588,Winter Warmup 2026,Marketing
589,Winter Warmup 2026,Marketing
590,Winter Warmup 2026,Marketing
591,Winter Warmup 2026,Marketing
592,Winter Warmup 2026,Marketing
593,Winter Warmup 2026,Marketing
594,Winter Warmup 2026,Marketing
595,Winter Warmup 2026,Marketing
596,Winter Warmup 2026,Marketing
597,Winter Warmup 2026,Marketing
598,Winter Warmup 2026,Marketing
599,Winter Warmup 2026,Marketing
600,Winter Warmup 2026,Marketing
601,Winter Warmup 2026,Marketing
602,Winter Warmup 2026,Marketing
603,Winter Warmup 2026,Marketing
604,Winter Warmup 2026,Marketing
605,Winter Warmup 2026,Marketing
606,Winter Warmup 2026,Marketing
607,Winter Warmup 2026,Marketing
608,Winter Warmup 2026,Marketing
609,Winter Warmup 2026,Marketing
610,Winter Warmup 2026,Marketing
611,Winter Warmup 2026,Marketing
612,Winter Warmup 2026,Marketing
613,Winter Warmup 2026,Marketing
614,Non-campaign,Operational
615,Winter Warmup 2026,Marketing
616,Winter Warmup 2026,Marketing
617,Winter Warmup 2026,Marketing
618,Winter Warmup 2026,Marketing
619,Winter Warmup 2026,Marketing
620,Winter Warmup 2026,Marketing
621,Winter Warmup 2026,Marketing
622,Winter Warmup 2026,Marketing
623,Winter Warmup 2026,Marketing
624,Winter Warmup 2026,Marketing
625,Winter Warmup 2026,Marketing
626,Non-campaign,Operational
627,Non-campaign,Transactional
628,Non-campaign,Operational
629,Winter Warmup 2026,Marketing
630,Winter Warmup 2026,Marketing
631,Winter Warmup 2026,Marketing
632,Winter Warmup 2026,Marketing
633,Winter Warmup 2026,Marketing
634,Winter Warmup 2026,Marketing
635,Winter Warmup 2026,Marketing
636,Winter Warmup 2026,Marketing
637,Winter Warmup 2026,Marketing
638,Winter Warmup 2026,Marketing
639,Winter Warmup 2026,Marketing
640,Winter Warmup 2026,Marketing
641,Winter Warmup 2026,Marketing
642,Winter Warmup 2026,Marketing
643,Winter Warmup 2026,Marketing
644,Winter Warmup 2026,Marketing
645,Winter Warmup 2026,Marketing
646,Winter Warmup 2026,Marketing
647,Winter Warmup 2026,Marketing
648,Winter Warmup 2026,Marketing
649,Winter Warmup 2026,Marketing
650,Winter Warmup 2026,Marketing
651,Winter Warmup 2026,Marketing
652,Winter Warmup 2026,Marketing
653,Winter Warmup 2026,Marketing
654,Winter Warmup 2026,Marketing
655,Winter Warmup 2026,Marketing
656,Winter Warmup 2026,Marketing
657,Non-campaign,Transactional
658,Winter Warmup 2026,Marketing
659,Winter Warmup 2026,Marketing
660,Winter Warmup 2026,Marketing
661,Non-campaign,Operational
662,Winter Warmup 2026,Marketing
663,Winter Warmup 2026,Marketing
664,Winter Warmup 2026,Marketing
665,Winter Warmup 2026,Marketing
666,Winter Warmup 2026,Marketing
667,Winter Warmup 2026,Marketing
668,Winter Warmup 2026,Marketing
669,Winter Warmup 2026,Marketing
670,Winter Warmup 2026,Marketing
671,Winter Warmup 2026,Marketing
672,Winter Warmup 2026,Marketing
673,Winter Warmup 2026,Marketing
674,Winter Warmup 2026,Marketing
675,Winter Warmup 2026,Marketing
676,Winter Warmup 2026,Marketing
677,Winter Warmup 2026,Marketing
678,Winter Warmup 2026,Marketing
679,Winter Warmup 2026,Marketing
680,Non-campaign,Transactional
681,Winter Warmup 2026,Marketing
682,Winter Warmup 2026,Marketing
683,Winter Warmup 2026,Marketing
684,Winter Warmup 2026,Marketing
685,Winter Warmup 2026,Marketing
686,Non-campaign,Transactional
687,Winter Warmup 2026,Marketing
688,Winter Warmup 2026,Marketing
689,Winter Warmup 2026,Marketing
690,Winter Warmup 2026,Marketing
691,Non-campaign,Transactional
692,Winter Warmup 2026,Marketing
693,Winter Warmup 2026,Marketing
694,Winter Warmup 2026,Marketing
695,Winter Warmup 2026,Marketing
696,Winter Warmup 2026,Marketing
697,Winter Warmup 2026,Marketing
698,Winter Warmup 2026,Marketing
699,Winter Warmup 2026,Marketing
700,Winter Warmup 2026,Marketing
701,Winter Warmup 2026,Marketing
702,Winter Warmup 2026,Marketing
703,Winter Warmup 2026,Marketing
704,Winter Warmup 2026,Marketing
705,Winter Warmup 2026,Marketing
706,Winter Warmup 2026,Marketing
707,Winter Warmup 2026,Marketing
708,Winter Warmup 2026,Marketing
709,Winter Warmup 2026,Marketing
710,Winter Warmup 2026,Marketing
711,Winter Warmup 2026,Marketing
712,Winter Warmup 2026,Marketing
713,Winter Warmup 2026,Marketing
714,Winter Warmup 2026,Marketing
715,Winter Warmup 2026,Marketing
716,Winter Warmup 2026,Marketing
717,Winter Warmup 2026,Marketing
718,Winter Warmup 2026,Marketing
719,Winter Warmup 2026,Marketing
720,Winter Warmup 2026,Marketing
721,Winter Warmup 2026,Marketing
722,Winter Warmup 2026,Marketing
723,Winter Warmup 2026,Marketing
724,Winter Warmup 2026,Marketing
725,Winter Warmup 2026,Marketing
726,Winter Warmup 2026,Marketing
727,Winter Warmup 2026,Marketing
728,Winter Warmup 2026,Marketing
729,Winter Warmup 2026,Marketing
730,Winter Warmup 2026,Marketing
731,Winter Warmup 2026,Marketing
732,Winter Warmup 2026,Marketing
733,Winter Warmup 2026,Marketing
734,Winter Warmup 2026,Marketing
735,Winter Warmup 2026,Marketing
736,Winter Warmup 2026,Marketing
737,Winter Warmup 2026,Marketing
738,Winter Warmup 2026,Marketing
739,Winter Warmup 2026,Marketing
740,Non-campaign,Transactional
741,Spring Refresh 2026,Marketing
742,Spring Refresh 2026,Marketing
743,Spring Refresh 2026,Marketing
744,Non-campaign,Transactional
745,Non-campaign,Transactional
746,Spring Refresh 2026,Marketing
747,Non-campaign,Transactional
748,Non-campaign,Transactional
749,Non-campaign,Operational
750,Spring Refresh 2026,Marketing
751,Spring Refresh 2026,Marketing
752,Non-campaign,Transactional
753,Non-campaign,Operational
754,Spring Refresh 2026,Marketing
755,Spring Refresh 2026,Marketing
756,Spring Refresh 2026,Marketing
757,Spring Refresh 2026,Marketing
758,Spring Refresh 2026,Marketing
759,Spring Refresh 2026,Marketing
760,Spring Refresh 2026,Marketing
761,Spring Refresh 2026,Marketing
762,Non-campaign,Transactional
763,Spring Refresh 2026,Marketing
764,Spring Refresh 2026,Marketing
765,Non-campaign,Operational
766,Non-campaign,Operational
767,Spring Refresh 2026,Marketing
768,Spring Refresh 2026,Marketing
769,Spring Refresh 2026,Marketing
770,Spring Refresh 2026,Marketing
771,Spring Refresh 2026,Marketing
772,Spring Refresh 2026,Marketing
773,Spring Refresh 2026,Marketing
774,Spring Refresh 2026,Marketing
775,Non-campaign,Operational
776,Non-campaign,Operational
777,Spring Refresh 2026,Marketing
778,Spring Refresh 2026,Marketing
779,Spring Refresh 2026,Marketing
780,Spring Refresh 2026,Marketing
781,Spring Refresh 2026,Marketing
782,Spring Refresh 2026,Marketing
783,Non-campaign,Transactional
784,Spring Refresh 2026,Marketing
785,Spring Refresh 2026,Marketing
786,Non-campaign,Transactional
787,Spring Refresh 2026,Marketing
788,Non-campaign,Transactional
789,Spring Refresh 2026,Marketing
790,Spring Refresh 2026,Marketing
791,Spring Refresh 2026,Marketing
792,Non-campaign,Transactional
793,Spring Refresh 2026,Marketing
794,Spring Refresh 2026,Marketing
795,Non-campaign,Transactional
796,Non-campaign,Transactional
797,Spring Refresh 2026,Marketing
798,Spring Refresh 2026,Marketing
799,Spring Refresh 2026,Marketing
800,Spring Refresh 2026,Marketing
801,Non-campaign,Operational
802,Spring Refresh 2026,Marketing
803,Spring Refresh 2026,Marketing
804,Non-campaign,Transactional
805,Spring Refresh 2026,Marketing
806,Spring Refresh 2026,Marketing
807,Spring Refresh 2026,Marketing
808,Spring Refresh 2026,Marketing
809,Spring Refresh 2026,Marketing
810,Spring Refresh 2026,Marketing
811,Spring Refresh 2026,Marketing
812,Non-campaign,Operational
813,Spring Refresh 2026,Marketing
814,Spring Refresh 2026,Marketing
815,Spring Refresh 2026,Marketing
816,Spring Refresh 2026,Marketing
817,Spring Refresh 2026,Marketing
818,Spring Refresh 2026,Marketing
819,Spring Refresh 2026,Marketing
820,Non-campaign,Operational
821,Spring Refresh 2026,Marketing
822,Spring Refresh 2026,Marketing
823,Non-campaign,Operational
824,Spring Refresh 2026,Marketing
825,Spring Refresh 2026,Marketing
826,Spring Refresh 2026,Marketing
827,Spring Refresh 2026,Marketing
828,Non-campaign,Transactional
829,Spring Refresh 2026,Marketing
830,Spring Refresh 2026,Marketing
831,Spring Refresh 2026,Marketing
832,Spring Refresh 2026,Marketing
833,Spring Refresh 2026,Marketing
834,Spring Refresh 2026,Marketing
835,Non-campaign,Transactional
836,Spring Refresh 2026,Marketing
837,Spring Refresh 2026,Marketing
838,Spring Refresh 2026,Marketing
839,Spring Refresh 2026,Marketing
840,Spring Refresh 2026,Marketing
841,Spring Refresh 2026,Marketing
842,Spring Refresh 2026,Marketing
843,Non-campaign,Transactional
844,Non-campaign,Operational
845,Non-campaign,Operational
846,Spring Refresh 2026,Marketing
847,Spring Refresh 2026,Marketing
848,Spring Refresh 2026,Marketing
849,Spring Refresh 2026,Marketing
850,Spring Refresh 2026,Marketing
851,Spring Refresh 2026,Marketing
852,Spring Refresh 2026,Marketing
853,Non-campaign,Transactional
854,Spring Refresh 2026,Marketing
855,Spring Refresh 2026,Marketing
856,Spring Refresh 2026,Marketing
857,Spring Refresh 2026,Marketing
858,Spring Refresh 2026,Marketing
859,Non-campaign,Operational
860,Non-campaign,Transactional
861,Spring Refresh 2026,Marketing
862,Spring Refresh 2026,Marketing
863,Spring Refresh 2026,Marketing
864,Spring Refresh 2026,Marketing
865,Spring Refresh 2026,Marketing
866,Spring Refresh 2026,Marketing
867,Spring Refresh 2026,Marketing
868,Spring Refresh 2026,Marketing
869,Spring Refresh 2026,Marketing
870,Non-campaign,Operational
871,Spring Refresh 2026,Marketing
872,Spring Refresh 2026,Marketing
873,Spring Refresh 2026,Marketing
874,Spring Refresh 2026,Marketing
875,Spring Refresh 2026,Marketing
876,Spring Refresh 2026,Marketing
877,Spring Refresh 2026,Marketing
878,Spring Refresh 2026,Marketing
879,Spring Refresh 2026,Marketing
880,Spring Refresh 2026,Marketing
881,Non-campaign,Transactional
882,Spring Refresh 2026,Marketing
883,Spring Refresh 2026,Marketing
884,Spring Refresh 2026,Marketing
885,Non-campaign,Operational
886,Spring Refresh 2026,Marketing
887,Spring Refresh 2026,Marketing
888,Spring Refresh 2026,Marketing
889,Spring Refresh 2026,Marketing
890,Non-campaign,Transactional
891,Spring Refresh 2026,Marketing
892,Spring Refresh 2026,Marketing
893,Spring Refresh 2026,Marketing
894,Spring Refresh 2026,Marketing
895,Spring Refresh 2026,Marketing
896,Spring Refresh 2026,Marketing
897,Spring Refresh 2026,Marketing
898,Spring Refresh 2026,Marketing
899,Spring Refresh 2026,Marketing
900,Spring Refresh 2026,Marketing
901,Spring Refresh 2026,Marketing
902,Spring Refresh 2026,Marketing
903,Non-campaign,Transactional
904,Spring Refresh 2026,Marketing
905,Spring Refresh 2026,Marketing
906,Spring Refresh 2026,Marketing
907,Spring Refresh 2026,Marketing
908,Spring Refresh 2026,Marketing
909,Spring Refresh 2026,Marketing
910,Spring Refresh 2026,Marketing
911,Spring Refresh 2026,Marketing
912,Spring Refresh 2026,Marketing
913,Spring Refresh 2026,Marketing
914,Non-campaign,Operational
915,Spring Refresh 2026,Marketing
916,Spring Refresh 2026,Marketing
917,Spring Refresh 2026,Marketing
918,Spring Refresh 2026,Marketing
919,Spring Refresh 2026,Marketing
920,Spring Refresh 2026,Marketing
921,Non-campaign,Transactional
922,Spring Refresh 2026,Marketing
923,Spring Refresh 2026,Marketing
924,Spring Refresh 2026,Marketing
925,Non-campaign,Transactional
926,Spring Refresh 2026,Marketing
927,Spring Refresh 2026,Marketing
928,Spring Refresh 2026,Marketing
929,Spring Refresh 2026,Marketing
930,Spring Refresh 2026,Marketing
931,Spring Refresh 2026,Marketing
932,Spring Refresh 2026,Marketing
933,Spring Refresh 2026,Marketing
934,Spring Refresh 2026,Marketing
935,Spring Refresh 2026,Marketing
936,Spring Refresh 2026,Marketing
937,Spring Refresh 2026,Marketing
938,Spring Refresh 2026,Marketing
939,Non-campaign,Transactional
940,Non-campaign,Operational
941,Spring Refresh 2026,Marketing
942,Spring Refresh 2026,Marketing
943,Spring Refresh 2026,Marketing
944,Spring Refresh 2026,Marketing
945,Spring Refresh 2026,Marketing
946,Spring Refresh 2026,Marketing
947,Spring Refresh 2026,Marketing
948,Spring Refresh 2026,Marketing
949,Spring Refresh 2026,Marketing
950,Spring Refresh 2026,Marketing
951,Spring Refresh 2026,Marketing
952,Spring Refresh 2026,Marketing
953,Spring Refresh 2026,Marketing
954,Spring Refresh 2026,Marketing
955,Spring Refresh 2026,Marketing
956,Spring Refresh 2026,Marketing
957,Spring Refresh 2026,Marketing
958,Spring Refresh 2026,Marketing
959,Non-campaign,Operational
960,Spring Refresh 2026,Marketing
961,Spring Refresh 2026,Marketing
962,Spring Refresh 2026,Marketing
963,Spring Refresh 2026,Marketing
964,Spring Refresh 2026,Marketing
965,Spring Refresh 2026,Marketing
966,Spring Refresh 2026,Marketing
967,Spring Refresh 2026,Marketing
968,Spring Refresh 2026,Marketing
969,Spring Refresh 2026,Marketing
970,Spring Refresh 2026,Marketing
971,Spring Refresh 2026,Marketing
972,Spring Refresh 2026,Marketing
973,Non-campaign,Operational
974,Spring Refresh 2026,Marketing
975,Spring Refresh 2026,Marketing
976,Spring Refresh 2026,Marketing
977,Spring Refresh 2026,Marketing
978,Non-campaign,Operational
979,Spring Refresh 2026,Marketing
980,Spring Refresh 2026,Marketing
981,Spring Refresh 2026,Marketing
982,Spring Refresh 2026,Marketing
983,Non-campaign,Transactional
984,Spring Refresh 2026,Marketing
985,Spring Refresh 2026,Marketing
986,Spring Refresh 2026,Marketing
987,Spring Refresh 2026,Marketing
988,Spring Refresh 2026,Marketing
989,Spring Refresh 2026,Marketing
990,Spring Refresh 2026,Marketing
991,Spring Refresh 2026,Marketing
992,Spring Refresh 2026,Marketing
993,Spring Refresh 2026,Marketing
994,Spring Refresh 2026,Marketing
995,Spring Refresh 2026,Marketing
996,Spring Refresh 2026,Marketing
997,Non-campaign,Transactional
998,Spring Refresh 2026,Marketing
999,Spring Refresh 2026,Marketing
1000,Spring Refresh 2026,Marketing
1001,Spring Refresh 2026,Marketing
1002,Spring Refresh 2026,Marketing
1003,Spring Refresh 2026,Marketing
1004,Spring Refresh 2026,Marketing
1005,Spring Refresh 2026,Marketing
1006,Spring Refresh 2026,Marketing
1007,Spring Refresh 2026,Marketing
1008,Spring Refresh 2026,Marketing
1009,Spring Refresh 2026,Marketing
1010,Spring Refresh 2026,Marketing
1011,Spring Refresh 2026,Marketing
1012,Spring Refresh 2026,Marketing
1013,Spring Refresh 2026,Marketing
1014,Non-campaign,Transactional
1015,Spring Refresh 2026,Marketing
1016,Spring Refresh 2026,Marketing
1017,Spring Refresh 2026,Marketing
1018,Spring Refresh 2026,Marketing
1019,Non-campaign,Transactional
1020,Spring Refresh 2026,Marketing
1021,Non-campaign,Operational
1022,Spring Refresh 2026,Marketing
1023,Spring Refresh 2026,Marketing
1024,Non-campaign,Operational
1025,Spring Refresh 2026,Marketing
1026,Spring Refresh 2026,Marketing
1027,Spring Refresh 2026,Marketing
1028,Spring Refresh 2026,Marketing
1029,Spring Refresh 2026,Marketing
1030,Spring Refresh 2026,Marketing
1031,Spring Refresh 2026,Marketing
1032,Spring Refresh 2026,Marketing
1033,Non-campaign,Operational
1034,Spring Refresh 2026,Marketing
1035,Spring Refresh 2026,Marketing
1036,Spring Refresh 2026,Marketing
1037,Spring Refresh 2026,Marketing
1038,Spring Refresh 2026,Marketing
1039,Spring Refresh 2026,Marketing
1040,Spring Refresh 2026,Marketing
1041,Spring Refresh 2026,Marketing
1042,Spring Refresh 2026,Marketing
1043,Spring Refresh 2026,Marketing
1044,Spring Refresh 2026,Marketing
1045,Spring Refresh 2026,Marketing
1046,Spring Refresh 2026,Marketing
1047,Spring Refresh 2026,Marketing
1048,Spring Refresh 2026,Marketing
1049,Spring Refresh 2026,Marketing
1050,Spring Refresh 2026,Marketing
1051,Spring Refresh 2026,Marketing
1052,Spring Refresh 2026,Marketing
1053,Spring Refresh 2026,Marketing
1054,Non-campaign,Transactional
1055,Spring Refresh 2026,Marketing
1056,Spring Refresh 2026,Marketing
1057,Spring Refresh 2026,Marketing
1058,Spring Refresh 2026,Marketing
1059,Spring Refresh 2026,Marketing
1060,Spring Refresh 2026,Marketing
1061,Non-campaign,Operational
1062,Spring Refresh 2026,Marketing
1063,Spring Refresh 2026,Marketing
1064,Spring Refresh 2026,Marketing
1065,Spring Refresh 2026,Marketing
1066,Spring Refresh 2026,Marketing
1067,Spring Refresh 2026,Marketing
1068,Spring Refresh 2026,Marketing
1069,Spring Refresh 2026,Marketing
1070,Spring Refresh 2026,Marketing
1071,Spring Refresh 2026,Marketing
1072,Spring Refresh 2026,Marketing
1073,Spring Refresh 2026,Marketing
1074,Spring Refresh 2026,Marketing
1075,Spring Refresh 2026,Marketing
1076,Spring Refresh 2026,Marketing
1077,Spring Refresh 2026,Marketing
1078,Spring Refresh 2026,Marketing
1079,Spring Refresh 2026,Marketing
1080,Spring Refresh 2026,Marketing
1081,Spring Refresh 2026,Marketing
1082,Spring Refresh 2026,Marketing
1083,Spring Refresh 2026,Marketing
1084,Non-campaign,Transactional
1085,Spring Refresh 2026,Marketing
1086,Spring Refresh 2026,Marketing
1087,Spring Refresh 2026,Marketing
1088,Spring Refresh 2026,Marketing
1089,Spring Refresh 2026,Marketing
1090,Spring Refresh 2026,Marketing
1091,Spring Refresh 2026,Marketing
1092,Non-campaign,Operational
1093,Spring Refresh 2026,Marketing
1094,Spring Refresh 2026,Marketing
1095,Spring Refresh 2026,Marketing
1096,Spring Refresh 2026,Marketing
1097,Spring Refresh 2026,Marketing
1098,Spring Refresh 2026,Marketing
1099,Spring Refresh 2026,Marketing
1100,Spring Refresh 2026,Marketing
1101,Spring Refresh 2026,Marketing
1102,Spring Refresh 2026,Marketing
1103,Spring Refresh 2026,Marketing
1104,Spring Refresh 2026,Marketing
1105,Spring Refresh 2026,Marketing
1106,Spring Refresh 2026,Marketing
1107,Spring Refresh 2026,Marketing
1108,Spring Refresh 2026,Marketing
1109,Spring Refresh 2026,Marketing
1110,Spring Refresh 2026,Marketing
1111,Spring Refresh 2026,Marketing
1112,Spring Refresh 2026,Marketing
1113,Spring Refresh 2026,Marketing
1114,Spring Refresh 2026,Marketing
1115,Spring Refresh 2026,Marketing
1116,Spring Refresh 2026,Marketing
1117,Spring Refresh 2026,Marketing
1118,Spring Refresh 2026,Marketing
1119,Non-campaign,Transactional
1120,Spring Refresh 2026,Marketing
1121,Spring Refresh 2026,Marketing
1122,Spring Refresh 2026,Marketing
1123,Spring Refresh 2026,Marketing
1124,Spring Refresh 2026,Marketing
1125,Spring Refresh 2026,Marketing
1126,Spring Refresh 2026,Marketing
1127,Spring Refresh 2026,Marketing
1128,Spring Refresh 2026,Marketing
1129,Spring Refresh 2026,Marketing
1130,Spring Refresh 2026,Marketing
1131,Spring Refresh 2026,Marketing
1132,Spring Refresh 2026,Marketing
1133,Spring Refresh 2026,Marketing
1134,Non-campaign,Transactional
1135,Spring Refresh 2026,Marketing
1136,Spring Refresh 2026,Marketing
1137,Spring Refresh 2026,Marketing
1138,Spring Refresh 2026,Marketing
1139,Spring Refresh 2026,Marketing
1140,Spring Refresh 2026,Marketing
1141,Non-campaign,Operational
1142,Spring Refresh 2026,Marketing
1143,Spring Refresh 2026,Marketing
1144,Spring Refresh 2026,Marketing
1145,Spring Refresh 2026,Marketing
1146,Spring Refresh 2026,Marketing
1147,Spring Refresh 2026,Marketing
1148,Spring Refresh 2026,Marketing
1149,Spring Refresh 2026,Marketing
1150,Spring Refresh 2026,Marketing
1151,Spring Refresh 2026,Marketing
1152,Spring Refresh 2026,Marketing
1153,Spring Refresh 2026,Marketing
1154,Spring Refresh 2026,Marketing
1155,Non-campaign,Transactional
1156,Spring Refresh 2026,Marketing
1157,Spring Refresh 2026,Marketing
1158,Spring Refresh 2026,Marketing
1159,Spring Refresh 2026,Marketing
1160,Spring Refresh 2026,Marketing
1161,Spring Refresh 2026,Marketing
1162,Spring Refresh 2026,Marketing
1163,Spring Refresh 2026,Marketing
1164,Spring Refresh 2026,Marketing
1165,Spring Refresh 2026,Marketing
1166,Spring Refresh 2026,Marketing
1167,Spring Refresh 2026,Marketing
1168,Spring Refresh 2026,Marketing
1169,Spring Refresh 2026,Marketing
1170,Spring Refresh 2026,Marketing
1171,Spring Refresh 2026,Marketing
1172,Spring Refresh 2026,Marketing
1173,Spring Refresh 2026,Marketing
1174,Spring Refresh 2026,Marketing
1175,Spring Refresh 2026,Marketing
1176,Spring Refresh 2026,Marketing
1177,Spring Refresh 2026,Marketing
1178,Spring Refresh 2026,Marketing
1179,Spring Refresh 2026,Marketing
1180,Spring Refresh 2026,Marketing
1181,Spring Refresh 2026,Marketing
1182,Spring Refresh 2026,Marketing
1183,Spring Refresh 2026,Marketing
1184,Spring Refresh 2026,Marketing
1185,Spring Refresh 2026,Marketing
1186,Spring Refresh 2026,Marketing
1187,Non-campaign,Operational
1188,Spring Refresh 2026,Marketing
1189,Spring Refresh 2026,Marketing
1190,Spring Refresh 2026,Marketing
1191,Spring Refresh 2026,Marketing
1192,Spring Refresh 2026,Marketing
1193,Non-campaign,Transactional
1194,Spring Refresh 2026,Marketing
1195,Spring Refresh 2026,Marketing
1196,Spring Refresh 2026,Marketing
1197,Non-campaign,Operational
1198,Spring Refresh 2026,Marketing
1199,Spring Refresh 2026,Marketing
1200,Spring Refresh 2026,Marketing
1201,Spring Refresh 2026,Marketing
1202,Spring Refresh 2026,Marketing
1203,Spring Refresh 2026,Marketing
1204,Spring Refresh 2026,Marketing
1205,Spring Refresh 2026,Marketing
1206,Spring Refresh 2026,Marketing
1207,Spring Refresh 2026,Marketing
1208,Spring Refresh 2026,Marketing
1209,Spring Refresh 2026,Marketing
1210,Spring Refresh 2026,Marketing
1211,Non-campaign,Transactional
1212,Non-campaign,Transactional
1213,Spring Refresh 2026,Marketing
1214,Non-campaign,Transactional
1215,Spring Refresh 2026,Marketing
1216,Spring Refresh 2026,Marketing
1217,Spring Refresh 2026,Marketing
1218,Spring Refresh 2026,Marketing
1219,Non-campaign,Transactional
1220,Spring Refresh 2026,Marketing
1221,Spring Refresh 2026,Marketing
1222,Spring Refresh 2026,Marketing
1223,Spring Refresh 2026,Marketing
1224,Spring Refresh 2026,Marketing
1225,Spring Refresh 2026,Marketing
1226,Spring Refresh 2026,Marketing
1227,Spring Refresh 2026,Marketing
1228,Spring Refresh 2026,Marketing
1229,Non-campaign,Operational
1230,Spring Refresh 2026,Marketing
1231,Spring Refresh 2026,Marketing
1232,Spring Refresh 2026,Marketing
1233,Spring Refresh 2026,Marketing
1234,Spring Refresh 2026,Marketing
1235,Spring Refresh 2026,Marketing
1236,Non-campaign,Operational
1237,Spring Refresh 2026,Marketing
1238,Spring Refresh 2026,Marketing
1239,Spring Refresh 2026,Marketing
1240,Spring Refresh 2026,Marketing
1241,Spring Refresh 2026,Marketing
1242,Spring Refresh 2026,Marketing
1243,Spring Refresh 2026,Marketing
1244,Non-campaign,Transactional
1245,Spring Refresh 2026,Marketing
1246,Spring Refresh 2026,Marketing
1247,Spring Refresh 2026,Marketing
1248,Spring Refresh 2026,Marketing
1249,Spring Refresh 2026,Marketing
1250,Spring Refresh 2026,Marketing
1251,Spring Refresh 2026,Marketing
1252,Spring Refresh 2026,Marketing
1253,Spring Refresh 2026,Marketing
1254,Spring Refresh 2026,Marketing
1255,Spring Refresh 2026,Marketing
1256,Spring Refresh 2026,Marketing
1257,Non-campaign,Operational
1258,Spring Refresh 2026,Marketing
1259,Spring Refresh 2026,Marketing
1260,Spring Refresh 2026,Marketing
1261,Spring Refresh 2026,Marketing
1262,Spring Refresh 2026,Marketing
1263,Spring Refresh 2026,Marketing
1264,Spring Refresh 2026,Marketing
1265,Spring Refresh 2026,Marketing
1266,Spring Refresh 2026,Marketing
1267,Spring Refresh 2026,Marketing
1268,Spring Refresh 2026,Marketing
1269,Spring Refresh 2026,Marketing
1270,Spring Refresh 2026,Marketing
1271,Spring Refresh 2026,Marketing
1272,Spring Refresh 2026,Marketing
1273,Spring Refresh 2026,Marketing
1274,Spring Refresh 2026,Marketing
1275,Spring Refresh 2026,Marketing
1276,Spring Refresh 2026,Marketing
1277,Spring Refresh 2026,Marketing
1278,Spring Refresh 2026,Marketing
1279,Spring Refresh 2026,Marketing
1280,Spring Refresh 2026,Marketing
1281,Spring Refresh 2026,Marketing
1282,Spring Refresh 2026,Marketing
1283,Spring Refresh 2026,Marketing
1284,Spring Refresh 2026,Marketing
1285,Spring Refresh 2026,Marketing
1286,Spring Refresh 2026,Marketing
1287,Spring Refresh 2026,Marketing
1288,Spring Refresh 2026,Marketing
1289,Spring Refresh 2026,Marketing
1290,Spring Refresh 2026,Marketing
1291,Spring Refresh 2026,Marketing
1292,Spring Refresh 2026,Marketing
1293,Spring Refresh 2026,Marketing
1294,Non-campaign,Transactional
1295,Spring Refresh 2026,Marketing
1296,Spring Refresh 2026,Marketing
1297,Spring Refresh 2026,Marketing
1298,Spring Refresh 2026,Marketing
1299,Spring Refresh 2026,Marketing
1300,Spring Refresh 2026,Marketing
1301,Spring Refresh 2026,Marketing
1302,Spring Refresh 2026,Marketing
1303,Spring Refresh 2026,Marketing
1304,Spring Refresh 2026,Marketing
1305,Spring Refresh 2026,Marketing
1306,Spring Refresh 2026,Marketing
1307,Spring Refresh 2026,Marketing
1308,Spring Refresh 2026,Marketing
1309,Spring Refresh 2026,Marketing
1310,Spring Refresh 2026,Marketing
1311,Spring Refresh 2026,Marketing
1312,Spring Refresh 2026,Marketing
1313,Spring Refresh 2026,Marketing
1314,Spring Refresh 2026,Marketing
1315,Spring Refresh 2026,Marketing
1316,Spring Refresh 2026,Marketing
1317,Spring Refresh 2026,Marketing
1318,Spring Refresh 2026,Marketing
1319,Spring Refresh 2026,Marketing
1320,Non-campaign,Operational
1321,Spring Refresh 2026,Marketing
1322,Spring Refresh 2026,Marketing
1323,Spring Refresh 2026,Marketing
1324,Spring Refresh 2026,Marketing
1325,Spring Refresh 2026,Marketing
1326,Spring Refresh 2026,Marketing
1327,Spring Refresh 2026,Marketing
1328,Spring Refresh 2026,Marketing
1329,Spring Refresh 2026,Marketing
1330,Spring Refresh 2026,Marketing
1331,Non-campaign,Transactional
1332,Spring Refresh 2026,Marketing
1333,Spring Refresh 2026,Marketing
1334,Spring Refresh 2026,Marketing
1335,Non-campaign,Transactional
1336,Non-campaign,Transactional
1337,Non-campaign,Operational
1338,Spring Refresh 2026,Marketing
1339,Spring Refresh 2026,Marketing
1340,Spring Refresh 2026,Marketing
1341,Spring Refresh 2026,Marketing
1342,Spring Refresh 2026,Marketing
1343,Non-campaign,Transactional
1344,Spring Refresh 2026,Marketing
1345,Spring Refresh 2026,Marketing
1346,Spring Refresh 2026,Marketing
1347,Spring Refresh 2026,Marketing
1348,Spring Refresh 2026,Marketing
1349,Spring Refresh 2026,Marketing
1350,Spring Refresh 2026,Marketing
1351,Spring Refresh 2026,Marketing
1352,Spring Refresh 2026,Marketing
1353,Spring Refresh 2026,Marketing
1354,Spring Refresh 2026,Marketing
1355,Spring Refresh 2026,Marketing
1356,Spring Refresh 2026,Marketing
1357,Spring Refresh 2026,Marketing
1358,Spring Refresh 2026,Marketing
1359,Non-campaign,Operational
1360,Spring Refresh 2026,Marketing
1361,Spring Refresh 2026,Marketing
1362,Spring Refresh 2026,Marketing
1363,Spring Refresh 2026,Marketing
1364,Spring Refresh 2026,Marketing
1365,Non-campaign,Transactional
1366,Spring Refresh 2026,Marketing
1367,Spring Refresh 2026,Marketing
1368,Spring Refresh 2026,Marketing
1369,Non-campaign,Transactional
1370,Spring Refresh 2026,Marketing
1371,Spring Refresh 2026,Marketing
1372,Spring Refresh 2026,Marketing
1373,Spring Refresh 2026,Marketing
1374,Spring Refresh 2026,Marketing
1375,Spring Refresh 2026,Marketing
1376,Spring Refresh 2026,Marketing
1377,Spring Refresh 2026,Marketing
1378,Spring Refresh 2026,Marketing
1379,Spring Refresh 2026,Marketing
1380,Spring Refresh 2026,Marketing
1381,Spring Refresh 2026,Marketing
1382,Spring Refresh 2026,Marketing
1383,Spring Refresh 2026,Marketing
1384,Spring Refresh 2026,Marketing
1385,Spring Refresh 2026,Marketing
1386,Spring Refresh 2026,Marketing
1387,Spring Refresh 2026,Marketing
1388,Spring Refresh 2026,Marketing
1389,Spring Refresh 2026,Marketing
1390,Spring Refresh 2026,Marketing
1391,Spring Refresh 2026,Marketing
1392,Spring Refresh 2026,Marketing
1393,Spring Refresh 2026,Marketing
1394,Spring Refresh 2026,Marketing
1395,Spring Refresh 2026,Marketing
1396,Spring Refresh 2026,Marketing
1397,Spring Refresh 2026,Marketing
1398,Spring Refresh 2026,Marketing
1399,Spring Refresh 2026,Marketing
1400,Spring Refresh 2026,Marketing
1401,Spring Refresh 2026,Marketing
1402,Non-campaign,Transactional
1403,Spring Refresh 2026,Marketing
1404,Spring Refresh 2026,Marketing
1405,Spring Refresh 2026,Marketing
1406,Spring Refresh 2026,Marketing
1407,Spring Refresh 2026,Marketing
1408,Spring Refresh 2026,Marketing
1409,Spring Refresh 2026,Marketing
1410,Spring Refresh 2026,Marketing
1411,Non-campaign,Operational
1412,Non-campaign,Operational
1413,Spring Refresh 2026,Marketing
1414,Spring Refresh 2026,Marketing
1415,Spring Refresh 2026,Marketing
1416,Spring Refresh 2026,Marketing
1417,Spring Refresh 2026,Marketing
1418,Spring Refresh 2026,Marketing
1419,Spring Refresh 2026,Marketing
1420,Spring Refresh 2026,Marketing
1421,Spring Refresh 2026,Marketing
1422,Spring Refresh 2026,Marketing
1423,Spring Refresh 2026,Marketing
1424,Non-campaign,Operational
1425,Spring Refresh 2026,Marketing
1426,Spring Refresh 2026,Marketing
1427,Spring Refresh 2026,Marketing
1428,Spring Refresh 2026,Marketing
1429,Spring Refresh 2026,Marketing
1430,Spring Refresh 2026,Marketing
1431,Spring Refresh 2026,Marketing
1432,Spring Refresh 2026,Marketing
1433,Spring Refresh 2026,Marketing
1434,Spring Refresh 2026,Marketing
1435,Spring Refresh 2026,Marketing
1436,Spring Refresh 2026,Marketing
1437,Spring Refresh 2026,Marketing
1438,Spring Refresh 2026,Marketing
1439,Spring Refresh 2026,Marketing
1440,Non-campaign,Transactional
1441,Spring Refresh 2026,Marketing
1442,Non-campaign,Operational
1443,Spring Refresh 2026,Marketing
1444,Spring Refresh 2026,Marketing
1445,Spring Refresh 2026,Marketing
1446,Spring Refresh 2026,Marketing
1447,Spring Refresh 2026,Marketing
1448,Spring Refresh 2026,Marketing
1449,Spring Refresh 2026,Marketing
1450,Non-campaign,Transactional
1451,Spring Refresh 2026,Marketing
1452,Spring Refresh 2026,Marketing
1453,Spring Refresh 2026,Marketing
1454,Spring Refresh 2026,Marketing
1455,Spring Refresh 2026,Marketing
1456,Spring Refresh 2026,Marketing
1457,Spring Refresh 2026,Marketing
1458,Spring Refresh 2026,Marketing
1459,Spring Refresh 2026,Marketing
1460,Spring Refresh 2026,Marketing
1461,Spring Refresh 2026,Marketing
1462,Spring Refresh 2026,Marketing
1463,Spring Refresh 2026,Marketing
1464,Spring Refresh 2026,Marketing
1465,Spring Refresh 2026,Marketing
1466,Spring Refresh 2026,Marketing
1467,Spring Refresh 2026,Marketing
1468,Spring Refresh 2026,Marketing
1469,Spring Refresh 2026,Marketing
1470,Spring Refresh 2026,Marketing
1471,Spring Refresh 2026,Marketing
1472,Spring Refresh 2026,Marketing
1473,Spring Refresh 2026,Marketing
1474,Spring Refresh 2026,Marketing
1475,Spring Refresh 2026,Marketing
1476,Spring Refresh 2026,Marketing
1477,Spring Refresh 2026,Marketing
1478,Spring Refresh 2026,Marketing
1479,Spring Refresh 2026,Marketing
1480,Non-campaign,Transactional
1481,Spring Refresh 2026,Marketing
1482,Spring Refresh 2026,Marketing
1483,Spring Refresh 2026,Marketing
1484,Spring Refresh 2026,Marketing
1485,Spring Refresh 2026,Marketing
1486,Spring Refresh 2026,Marketing
1487,Spring Refresh 2026,Marketing
1488,Non-campaign,Transactional
1489,Spring Refresh 2026,Marketing
1490,Spring Refresh 2026,Marketing
1491,Spring Refresh 2026,Marketing
1492,Spring Refresh 2026,Marketing
1493,Spring Refresh 2026,Marketing
1494,Spring Refresh 2026,Marketing
1495,Spring Refresh 2026,Marketing
1496,Spring Refresh 2026,Marketing
1497,Spring Refresh 2026,Marketing
1498,Spring Refresh 2026,Marketing
1499,Spring Refresh 2026,Marketing
1500,Spring Refresh 2026,Marketing
1501,Spring Refresh 2026,Marketing
1502,Spring Refresh 2026,Marketing
1503,Spring Refresh 2026,Marketing
1504,Spring Refresh 2026,Marketing
1505,Spring Refresh 2026,Marketing
1506,Spring Refresh 2026,Marketing
1507,Spring Refresh 2026,Marketing
1508,Non-campaign,Transactional
1509,Spring Refresh 2026,Marketing
1510,Spring Refresh 2026,Marketing
1511,Spring Refresh 2026,Marketing
1512,Spring Refresh 2026,Marketing
1513,Non-campaign,Transactional
1514,Spring Refresh 2026,Marketing
1515,Spring Refresh 2026,Marketing
1516,Spring Refresh 2026,Marketing
1517,Spring Refresh 2026,Marketing
1518,Spring Refresh 2026,Marketing
1519,Spring Refresh 2026,Marketing
1520,Spring Refresh 2026,Marketing
1521,Spring Refresh 2026,Marketing
1522,Spring Refresh 2026,Marketing
1523,Spring Refresh 2026,Marketing
1524,Spring Refresh 2026,Marketing
1525,Spring Refresh 2026,Marketing
1526,Spring Refresh 2026,Marketing
1527,Spring Refresh 2026,Marketing
1528,Non-campaign,Operational
1529,Spring Refresh 2026,Marketing
1530,Spring Refresh 2026,Marketing
1531,Spring Refresh 2026,Marketing
1532,Spring Refresh 2026,Marketing
1533,Spring Refresh 2026,Marketing
1534,Spring Refresh 2026,Marketing
1535,Non-campaign,Operational
1536,Spring Refresh 2026,Marketing
1537,Spring Refresh 2026,Marketing
1538,Spring Refresh 2026,Marketing
1539,Spring Refresh 2026,Marketing
1540,Spring Refresh 2026,Marketing
1541,Spring Refresh 2026,Marketing
1542,Spring Refresh 2026,Marketing
1543,Spring Refresh 2026,Marketing
1544,Spring Refresh 2026,Marketing
1545,Spring Refresh 2026,Marketing
1546,Spring Refresh 2026,Marketing
1547,Non-campaign,Operational
1548,Non-campaign,Operational
1549,Spring Refresh 2026,Marketing
1550,Spring Refresh 2026,Marketing
1551,Spring Refresh 2026,Marketing
1552,Spring Refresh 2026,Marketing
1553,Spring Refresh 2026,Marketing
1554,Spring Refresh 2026,Marketing
1555,Spring Refresh 2026,Marketing
1556,Spring Refresh 2026,Marketing
1557,Spring Refresh 2026,Marketing
1558,Spring Refresh 2026,Marketing
1559,Spring Refresh 2026,Marketing
1560,Spring Refresh 2026,Marketing
1561,Spring Refresh 2026,Marketing
1562,Spring Refresh 2026,Marketing
1563,Spring Refresh 2026,Marketing
1564,Spring Refresh 2026,Marketing
1565,Spring Refresh 2026,Marketing
1566,Spring Refresh 2026,Marketing
1567,Spring Refresh 2026,Marketing
1568,Spring Refresh 2026,Marketing
1569,Spring Refresh 2026,Marketing
1570,Spring Refresh 2026,Marketing
1571,Spring Refresh 2026,Marketing
1572,Spring Refresh 2026,Marketing
1573,Spring Refresh 2026,Marketing
1574,Spring Refresh 2026,Marketing
1575,Spring Refresh 2026,Marketing
1576,Spring Refresh 2026,Marketing
1577,Spring Refresh 2026,Marketing
1578,Spring Refresh 2026,Marketing
1579,Spring Refresh 2026,Marketing
1580,Spring Refresh 2026,Marketing
1581,Spring Refresh 2026,Marketing
1582,Spring Refresh 2026,Marketing
1583,Spring Refresh 2026,Marketing
1584,Non-campaign,Transactional
1585,Spring Refresh 2026,Marketing
1586,Spring Refresh 2026,Marketing
1587,Non-campaign,Transactional
1588,Non-campaign,Operational
1589,Non-campaign,Operational
1590,Non-campaign,Transactional
1591,Non-campaign,Transactional
1592,Non-campaign,Transactional
1593,Non-campaign,Operational
1594,Non-campaign,Operational
1595,Non-campaign,Operational
1596,Non-campaign,Transactional
1597,Non-campaign,Transactional
1598,Non-campaign,Operational
1599,Non-campaign,Operational
1600,Non-campaign,Operational
1601,Non-campaign,Transactional
1602,Non-campaign,Operational
1603,Non-campaign,Operational
1604,Non-campaign,Operational
1605,Non-campaign,Transactional
1606,Non-campaign,Transactional
1607,Non-campaign,Transactional
1608,Non-campaign,Operational
1609,Non-campaign,Transactional
1610,Summer Cup 2026,Marketing
1611,Summer Cup 2026,Marketing
1612,Summer Cup 2026,Marketing
1613,Summer Cup 2026,Marketing
1614,Summer Cup 2026,Marketing
1615,Non-campaign,Transactional
1616,Summer Cup 2026,Marketing
1617,Summer Cup 2026,Marketing
1618,Non-campaign,Operational
1619,Non-campaign,Transactional
1620,Non-campaign,Operational
1621,Summer Cup 2026,Marketing
1622,Summer Cup 2026,Marketing
1623,Summer Cup 2026,Marketing
1624,Summer Cup 2026,Marketing
1625,Summer Cup 2026,Marketing
1626,Summer Cup 2026,Marketing
1627,Summer Cup 2026,Marketing
1628,Summer Cup 2026,Marketing
1629,Summer Cup 2026,Marketing
1630,Summer Cup 2026,Marketing
1631,Summer Cup 2026,Marketing
1632,Summer Cup 2026,Marketing
1633,Summer Cup 2026,Marketing
1634,Non-campaign,Operational
1635,Summer Cup 2026,Marketing
1636,Non-campaign,Operational
1637,Summer Cup 2026,Marketing
1638,Non-campaign,Transactional
1639,Non-campaign,Operational
1640,Summer Cup 2026,Marketing
1641,Non-campaign,Transactional
1642,Non-campaign,Transactional
1643,Summer Cup 2026,Marketing
1644,Summer Cup 2026,Marketing
1645,Summer Cup 2026,Marketing
1646,Summer Cup 2026,Marketing
1647,Summer Cup 2026,Marketing
1648,Summer Cup 2026,Marketing
1649,Summer Cup 2026,Marketing
1650,Summer Cup 2026,Marketing
1651,Non-campaign,Transactional
1652,Non-campaign,Transactional
1653,Non-campaign,Operational
1654,Summer Cup 2026,Marketing
1655,Non-campaign,Operational
1656,Summer Cup 2026,Marketing
1657,Summer Cup 2026,Marketing
1658,Summer Cup 2026,Marketing
1659,Summer Cup 2026,Marketing
1660,Summer Cup 2026,Marketing
1661,Non-campaign,Transactional
1662,Summer Cup 2026,Marketing
1663,Summer Cup 2026,Marketing
1664,Non-campaign,Transactional
1665,Summer Cup 2026,Marketing
1666,Summer Cup 2026,Marketing
1667,Summer Cup 2026,Marketing
1668,Summer Cup 2026,Marketing
1669,Summer Cup 2026,Marketing
1670,Summer Cup 2026,Marketing
1671,Summer Cup 2026,Marketing
1672,Summer Cup 2026,Marketing
1673,Summer Cup 2026,Marketing
1674,Summer Cup 2026,Marketing
1675,Summer Cup 2026,Marketing
1676,Summer Cup 2026,Marketing
1677,Summer Cup 2026,Marketing
1678,Non-campaign,Operational
1679,Summer Cup 2026,Marketing
1680,Non-campaign,Operational
1681,Summer Cup 2026,Marketing
1682,Summer Cup 2026,Marketing
1683,Summer Cup 2026,Marketing
1684,Summer Cup 2026,Marketing
1685,Summer Cup 2026,Marketing
1686,Summer Cup 2026,Marketing
1687,Summer Cup 2026,Marketing
1688,Summer Cup 2026,Marketing
1689,Summer Cup 2026,Marketing
1690,Non-campaign,Transactional
1691,Summer Cup 2026,Marketing
1692,Summer Cup 2026,Marketing
1693,Summer Cup 2026,Marketing
1694,Summer Cup 2026,Marketing
1695,Summer Cup 2026,Marketing
1696,Summer Cup 2026,Marketing
1697,Summer Cup 2026,Marketing
1698,Summer Cup 2026,Marketing
1699,Summer Cup 2026,Marketing
1700,Summer Cup 2026,Marketing
1701,Summer Cup 2026,Marketing
1702,Summer Cup 2026,Marketing
1703,Summer Cup 2026,Marketing
1704,Non-campaign,Transactional
1705,Summer Cup 2026,Marketing
1706,Non-campaign,Operational
1707,Summer Cup 2026,Marketing
1708,Summer Cup 2026,Marketing
1709,Summer Cup 2026,Marketing
1710,Non-campaign,Operational
1711,Summer Cup 2026,Marketing
1712,Summer Cup 2026,Marketing
1713,Summer Cup 2026,Marketing
1714,Summer Cup 2026,Marketing
1715,Summer Cup 2026,Marketing
1716,Summer Cup 2026,Marketing
1717,Summer Cup 2026,Marketing
1718,Non-campaign,Transactional
1719,Summer Cup 2026,Marketing
1720,Summer Cup 2026,Marketing
1721,Summer Cup 2026,Marketing
1722,Summer Cup 2026,Marketing
1723,Summer Cup 2026,Marketing
1724,Summer Cup 2026,Marketing
1725,Summer Cup 2026,Marketing
1726,Summer Cup 2026,Marketing
1727,Summer Cup 2026,Marketing
1728,Summer Cup 2026,Marketing
1729,Summer Cup 2026,Marketing
1730,Summer Cup 2026,Marketing
1731,Summer Cup 2026,Marketing
1732,Summer Cup 2026,Marketing
1733,Summer Cup 2026,Marketing
1734,Non-campaign,Transactional
1735,Summer Cup 2026,Marketing
1736,Summer Cup 2026,Marketing
1737,Non-campaign,Transactional
1738,Summer Cup 2026,Marketing
1739,Summer Cup 2026,Marketing
1740,Summer Cup 2026,Marketing
1741,Non-campaign,Transactional
1742,Summer Cup 2026,Marketing
1743,Summer Cup 2026,Marketing
1744,Summer Cup 2026,Marketing
1745,Summer Cup 2026,Marketing
1746,Summer Cup 2026,Marketing
1747,Summer Cup 2026,Marketing
1748,Summer Cup 2026,Marketing
1749,Summer Cup 2026,Marketing
1750,Summer Cup 2026,Marketing
1751,Summer Cup 2026,Marketing
1752,Non-campaign,Transactional
1753,Non-campaign,Operational
1754,Non-campaign,Operational
1755,Summer Cup 2026,Marketing
1756,Summer Cup 2026,Marketing
1757,Summer Cup 2026,Marketing
1758,Summer Cup 2026,Marketing
1759,Summer Cup 2026,Marketing
1760,Summer Cup 2026,Marketing
1761,Summer Cup 2026,Marketing
1762,Summer Cup 2026,Marketing
1763,Summer Cup 2026,Marketing
1764,Summer Cup 2026,Marketing
1765,Summer Cup 2026,Marketing
1766,Summer Cup 2026,Marketing
1767,Summer Cup 2026,Marketing
1768,Summer Cup 2026,Marketing
1769,Summer Cup 2026,Marketing
1770,Summer Cup 2026,Marketing
1771,Summer Cup 2026,Marketing
1772,Summer Cup 2026,Marketing
1773,Summer Cup 2026,Marketing
1774,Summer Cup 2026,Marketing
1775,Summer Cup 2026,Marketing
1776,Summer Cup 2026,Marketing
1777,Summer Cup 2026,Marketing
1778,Summer Cup 2026,Marketing
1779,Summer Cup 2026,Marketing
1780,Summer Cup 2026,Marketing
1781,Summer Cup 2026,Marketing
1782,Summer Cup 2026,Marketing
1783,Summer Cup 2026,Marketing
1784,Non-campaign,Operational
1785,Summer Cup 2026,Marketing
1786,Summer Cup 2026,Marketing
1787,Summer Cup 2026,Marketing
1788,Summer Cup 2026,Marketing
1789,Summer Cup 2026,Marketing
1790,Summer Cup 2026,Marketing
1791,Summer Cup 2026,Marketing
1792,Summer Cup 2026,Marketing
1793,Summer Cup 2026,Marketing
1794,Summer Cup 2026,Marketing
1795,Summer Cup 2026,Marketing
1796,Non-campaign,Operational
1797,Summer Cup 2026,Marketing
1798,Summer Cup 2026,Marketing
1799,Summer Cup 2026,Marketing
1800,Summer Cup 2026,Marketing
1801,Non-campaign,Transactional
1802,Summer Cup 2026,Marketing
1803,Summer Cup 2026,Marketing
1804,Summer Cup 2026,Marketing
1805,Summer Cup 2026,Marketing
1806,Summer Cup 2026,Marketing
1807,Summer Cup 2026,Marketing
1808,Summer Cup 2026,Marketing
1809,Summer Cup 2026,Marketing
1810,Summer Cup 2026,Marketing
1811,Non-campaign,Transactional
1812,Summer Cup 2026,Marketing
1813,Summer Cup 2026,Marketing
1814,Summer Cup 2026,Marketing
1815,Summer Cup 2026,Marketing
1816,Summer Cup 2026,Marketing
1817,Summer Cup 2026,Marketing
1818,Summer Cup 2026,Marketing
1819,Summer Cup 2026,Marketing
1820,Summer Cup 2026,Marketing
1821,Summer Cup 2026,Marketing
1822,Summer Cup 2026,Marketing
1823,Summer Cup 2026,Marketing
1824,Summer Cup 2026,Marketing
1825,Non-campaign,Operational
1826,Summer Cup 2026,Marketing
1827,Summer Cup 2026,Marketing
1828,Summer Cup 2026,Marketing
1829,Summer Cup 2026,Marketing
1830,Summer Cup 2026,Marketing
1831,Summer Cup 2026,Marketing
1832,Summer Cup 2026,Marketing
1833,Summer Cup 2026,Marketing
1834,Summer Cup 2026,Marketing
1835,Summer Cup 2026,Marketing
1836,Summer Cup 2026,Marketing
1837,Summer Cup 2026,Marketing
1838,Non-campaign,Transactional
1839,Summer Cup 2026,Marketing
1840,Summer Cup 2026,Marketing
1841,Summer Cup 2026,Marketing
1842,Summer Cup 2026,Marketing
1843,Summer Cup 2026,Marketing
1844,Summer Cup 2026,Marketing
1845,Summer Cup 2026,Marketing
1846,Summer Cup 2026,Marketing
1847,Summer Cup 2026,Marketing
1848,Summer Cup 2026,Marketing
1849,Summer Cup 2026,Marketing
1850,Summer Cup 2026,Marketing
1851,Summer Cup 2026,Marketing
1852,Summer Cup 2026,Marketing
1853,Summer Cup 2026,Marketing
1854,Summer Cup 2026,Marketing
1855,Summer Cup 2026,Marketing
1856,Summer Cup 2026,Marketing
1857,Summer Cup 2026,Marketing
1858,Non-campaign,Transactional
1859,Summer Cup 2026,Marketing
1860,Summer Cup 2026,Marketing
1861,Summer Cup 2026,Marketing
1862,Summer Cup 2026,Marketing
1863,Summer Cup 2026,Marketing
1864,Summer Cup 2026,Marketing
1865,Summer Cup 2026,Marketing
1866,Non-campaign,Transactional
1867,Summer Cup 2026,Marketing
1868,Summer Cup 2026,Marketing
1869,Summer Cup 2026,Marketing
1870,Summer Cup 2026,Marketing
1871,Summer Cup 2026,Marketing
1872,Summer Cup 2026,Marketing
1873,Summer Cup 2026,Marketing
1874,Summer Cup 2026,Marketing
1875,Summer Cup 2026,Marketing
1876,Summer Cup 2026,Marketing
1877,Summer Cup 2026,Marketing
1878,Summer Cup 2026,Marketing
1879,Summer Cup 2026,Marketing
1880,Summer Cup 2026,Marketing
1881,Summer Cup 2026,Marketing
1882,Non-campaign,Operational
1883,Summer Cup 2026,Marketing
1884,Summer Cup 2026,Marketing
1885,Summer Cup 2026,Marketing
1886,Summer Cup 2026,Marketing
1887,Summer Cup 2026,Marketing
1888,Summer Cup 2026,Marketing
1889,Summer Cup 2026,Marketing
1890,Summer Cup 2026,Marketing
1891,Summer Cup 2026,Marketing
1892,Summer Cup 2026,Marketing
1893,Summer Cup 2026,Marketing
1894,Summer Cup 2026,Marketing
1895,Summer Cup 2026,Marketing
1896,Summer Cup 2026,Marketing
1897,Summer Cup 2026,Marketing
1898,Summer Cup 2026,Marketing
1899,Summer Cup 2026,Marketing
1900,Summer Cup 2026,Marketing
1901,Summer Cup 2026,Marketing
1902,Summer Cup 2026,Marketing
1903,Summer Cup 2026,Marketing
1904,Summer Cup 2026,Marketing
1905,Summer Cup 2026,Marketing
1906,Summer Cup 2026,Marketing
1907,Summer Cup 2026,Marketing
1908,Summer Cup 2026,Marketing
1909,Summer Cup 2026,Marketing
1910,Summer Cup 2026,Marketing
1911,Summer Cup 2026,Marketing
1912,Summer Cup 2026,Marketing
1913,Summer Cup 2026,Marketing
1914,Summer Cup 2026,Marketing
1915,Non-campaign,Operational
1916,Summer Cup 2026,Marketing
1917,Summer Cup 2026,Marketing
1918,Summer Cup 2026,Marketing
1919,Summer Cup 2026,Marketing
1920,Summer Cup 2026,Marketing
1921,Non-campaign,Transactional
1922,Summer Cup 2026,Marketing
1923,Summer Cup 2026,Marketing
1924,Summer Cup 2026,Marketing
1925,Summer Cup 2026,Marketing
1926,Summer Cup 2026,Marketing
1927,Non-campaign,Transactional
1928,Summer Cup 2026,Marketing
1929,Summer Cup 2026,Marketing
1930,Summer Cup 2026,Marketing
1931,Summer Cup 2026,Marketing
1932,Summer Cup 2026,Marketing
1933,Summer Cup 2026,Marketing
1934,Summer Cup 2026,Marketing
1935,Summer Cup 2026,Marketing
1936,Summer Cup 2026,Marketing
1937,Summer Cup 2026,Marketing
1938,Summer Cup 2026,Marketing
1939,Summer Cup 2026,Marketing
1940,Summer Cup 2026,Marketing
1941,Summer Cup 2026,Marketing
1942,Summer Cup 2026,Marketing
1943,Summer Cup 2026,Marketing
1944,Summer Cup 2026,Marketing
1945,Summer Cup 2026,Marketing
1946,Summer Cup 2026,Marketing
1947,Summer Cup 2026,Marketing
1948,Summer Cup 2026,Marketing
1949,Non-campaign,Transactional
1950,Summer Cup 2026,Marketing
1951,Summer Cup 2026,Marketing
1952,Summer Cup 2026,Marketing
1953,Summer Cup 2026,Marketing
1954,Summer Cup 2026,Marketing
1955,Non-campaign,Operational
1956,Summer Cup 2026,Marketing
1957,Summer Cup 2026,Marketing
1958,Non-campaign,Operational
1959,Summer Cup 2026,Marketing
1960,Summer Cup 2026,Marketing
1961,Summer Cup 2026,Marketing
1962,Summer Cup 2026,Marketing
1963,Summer Cup 2026,Marketing
1964,Summer Cup 2026,Marketing
1965,Summer Cup 2026,Marketing
1966,Summer Cup 2026,Marketing
1967,Summer Cup 2026,Marketing
1968,Summer Cup 2026,Marketing
1969,Summer Cup 2026,Marketing
1970,Summer Cup 2026,Marketing
1971,Summer Cup 2026,Marketing
1972,Summer Cup 2026,Marketing
1973,Summer Cup 2026,Marketing
1974,Summer Cup 2026,Marketing
1975,Summer Cup 2026,Marketing
1976,Summer Cup 2026,Marketing
1977,Summer Cup 2026,Marketing
1978,Summer Cup 2026,Marketing
1979,Non-campaign,Transactional
1980,Summer Cup 2026,Marketing
1981,Summer Cup 2026,Marketing
1982,Summer Cup 2026,Marketing
1983,Summer Cup 2026,Marketing
1984,Summer Cup 2026,Marketing
1985,Summer Cup 2026,Marketing
1986,Summer Cup 2026,Marketing
1987,Summer Cup 2026,Marketing
1988,Summer Cup 2026,Marketing
1989,Summer Cup 2026,Marketing
1990,Summer Cup 2026,Marketing
1991,Summer Cup 2026,Marketing
1992,Summer Cup 2026,Marketing
1993,Summer Cup 2026,Marketing
1994,Summer Cup 2026,Marketing
1995,Summer Cup 2026,Marketing
1996,Summer Cup 2026,Marketing
1997,Summer Cup 2026,Marketing
1998,Summer Cup 2026,Marketing
1999,Summer Cup 2026,Marketing
2000,Summer Cup 2026,Marketing
2001,Summer Cup 2026,Marketing
2002,Summer Cup 2026,Marketing
2003,Summer Cup 2026,Marketing
2004,Summer Cup 2026,Marketing
2005,Summer Cup 2026,Marketing
2006,Summer Cup 2026,Marketing
2007,Summer Cup 2026,Marketing
2008,Summer Cup 2026,Marketing
2009,Summer Cup 2026,Marketing
2010,Summer Cup 2026,Marketing
2011,Summer Cup 2026,Marketing
2012,Summer Cup 2026,Marketing
2013,Non-campaign,Transactional
2014,Non-campaign,Operational
2015,Summer Cup 2026,Marketing
2016,Summer Cup 2026,Marketing
2017,Summer Cup 2026,Marketing
2018,Summer Cup 2026,Marketing
2019,Summer Cup 2026,Marketing
2020,Summer Cup 2026,Marketing
2021,Non-campaign,Transactional
2022,Summer Cup 2026,Marketing
2023,Summer Cup 2026,Marketing
2024,Summer Cup 2026,Marketing
2025,Summer Cup 2026,Marketing
2026,Summer Cup 2026,Marketing
2027,Non-campaign,Operational
2028,Summer Cup 2026,Marketing
2029,Summer Cup 2026,Marketing
2030,Summer Cup 2026,Marketing
2031,Summer Cup 2026,Marketing
2032,Non-campaign,Operational
2033,Summer Cup 2026,Marketing
2034,Summer Cup 2026,Marketing
2035,Summer Cup 2026,Marketing
2036,Summer Cup 2026,Marketing
2037,Summer Cup 2026,Marketing
2038,Summer Cup 2026,Marketing
2039,Summer Cup 2026,Marketing
2040,Non-campaign,Transactional
2041,Summer Cup 2026,Marketing
2042,Summer Cup 2026,Marketing
2043,Summer Cup 2026,Marketing
2044,Summer Cup 2026,Marketing
2045,Summer Cup 2026,Marketing
2046,Summer Cup 2026,Marketing
2047,Summer Cup 2026,Marketing
2048,Summer Cup 2026,Marketing
2049,Summer Cup 2026,Marketing
2050,Summer Cup 2026,Marketing
2051,Summer Cup 2026,Marketing
2052,Summer Cup 2026,Marketing
2053,Summer Cup 2026,Marketing
2054,Non-campaign,Operational
2055,Non-campaign,Operational
2056,Summer Cup 2026,Marketing
2057,Summer Cup 2026,Marketing
2058,Summer Cup 2026,Marketing
2059,Non-campaign,Operational
2060,Summer Cup 2026,Marketing
2061,Summer Cup 2026,Marketing
2062,Summer Cup 2026,Marketing
2063,Summer Cup 2026,Marketing
2064,Summer Cup 2026,Marketing
2065,Summer Cup 2026,Marketing
2066,Summer Cup 2026,Marketing
2067,Summer Cup 2026,Marketing
2068,Summer Cup 2026,Marketing
2069,Summer Cup 2026,Marketing
2070,Summer Cup 2026,Marketing
2071,Non-campaign,Operational
2072,Summer Cup 2026,Marketing
2073,Summer Cup 2026,Marketing
2074,Summer Cup 2026,Marketing
2075,Summer Cup 2026,Marketing
2076,Summer Cup 2026,Marketing
2077,Summer Cup 2026,Marketing
2078,Summer Cup 2026,Marketing
2079,Summer Cup 2026,Marketing
2080,Summer Cup 2026,Marketing
2081,Summer Cup 2026,Marketing
2082,Summer Cup 2026,Marketing
2083,Summer Cup 2026,Marketing
2084,Summer Cup 2026,Marketing
2085,Summer Cup 2026,Marketing
2086,Summer Cup 2026,Marketing
2087,Summer Cup 2026,Marketing
2088,Summer Cup 2026,Marketing
2089,Summer Cup 2026,Marketing
2090,Summer Cup 2026,Marketing
2091,Summer Cup 2026,Marketing
2092,Summer Cup 2026,Marketing
2093,Summer Cup 2026,Marketing
2094,Summer Cup 2026,Marketing
2095,Non-campaign,Transactional
2096,Summer Cup 2026,Marketing
2097,Summer Cup 2026,Marketing
2098,Summer Cup 2026,Marketing
2099,Summer Cup 2026,Marketing
2100,Summer Cup 2026,Marketing
2101,Non-campaign,Operational
2102,Summer Cup 2026,Marketing
2103,Summer Cup 2026,Marketing
2104,Non-campaign,Operational
2105,Summer Cup 2026,Marketing
2106,Summer Cup 2026,Marketing
2107,Summer Cup 2026,Marketing
2108,Summer Cup 2026,Marketing
2109,Summer Cup 2026,Marketing
2110,Summer Cup 2026,Marketing
2111,Summer Cup 2026,Marketing
2112,Summer Cup 2026,Marketing
2113,Summer Cup 2026,Marketing
2114,Non-campaign,Transactional
2115,Summer Cup 2026,Marketing
2116,Summer Cup 2026,Marketing
2117,Summer Cup 2026,Marketing
2118,Summer Cup 2026,Marketing
2119,Summer Cup 2026,Marketing
2120,Non-campaign,Operational
2121,Summer Cup 2026,Marketing
2122,Summer Cup 2026,Marketing
2123,Summer Cup 2026,Marketing
2124,Summer Cup 2026,Marketing
2125,Summer Cup 2026,Marketing
2126,Summer Cup 2026,Marketing
2127,Summer Cup 2026,Marketing
2128,Non-campaign,Transactional
2129,Summer Cup 2026,Marketing
2130,Summer Cup 2026,Marketing
2131,Summer Cup 2026,Marketing
2132,Summer Cup 2026,Marketing
2133,Summer Cup 2026,Marketing
2134,Summer Cup 2026,Marketing
2135,Summer Cup 2026,Marketing
2136,Non-campaign,Transactional
2137,Summer Cup 2026,Marketing
2138,Summer Cup 2026,Marketing
2139,Summer Cup 2026,Marketing
2140,Summer Cup 2026,Marketing
2141,Non-campaign,Operational
2142,Summer Cup 2026,Marketing
2143,Summer Cup 2026,Marketing
2144,Summer Cup 2026,Marketing
2145,Summer Cup 2026,Marketing
2146,Summer Cup 2026,Marketing
2147,Summer Cup 2026,Marketing
2148,Summer Cup 2026,Marketing
2149,Summer Cup 2026,Marketing
2150,Summer Cup 2026,Marketing
2151,Summer Cup 2026,Marketing
2152,Summer Cup 2026,Marketing
2153,Summer Cup 2026,Marketing
2154,Summer Cup 2026,Marketing
2155,Summer Cup 2026,Marketing
2156,Summer Cup 2026,Marketing
2157,Summer Cup 2026,Marketing
2158,Non-campaign,Operational
2159,Summer Cup 2026,Marketing
2160,Summer Cup 2026,Marketing
2161,Summer Cup 2026,Marketing
2162,Summer Cup 2026,Marketing
2163,Summer Cup 2026,Marketing
2164,Summer Cup 2026,Marketing
2165,Summer Cup 2026,Marketing
2166,Non-campaign,Transactional
2167,Summer Cup 2026,Marketing
2168,Summer Cup 2026,Marketing
2169,Summer Cup 2026,Marketing
2170,Summer Cup 2026,Marketing
2171,Summer Cup 2026,Marketing
2172,Summer Cup 2026,Marketing
2173,Summer Cup 2026,Marketing
2174,Summer Cup 2026,Marketing
2175,Summer Cup 2026,Marketing
2176,Summer Cup 2026,Marketing
2177,Summer Cup 2026,Marketing
2178,Summer Cup 2026,Marketing
2179,Summer Cup 2026,Marketing
2180,Summer Cup 2026,Marketing
2181,Summer Cup 2026,Marketing
2182,Summer Cup 2026,Marketing
2183,Summer Cup 2026,Marketing
2184,Summer Cup 2026,Marketing
2185,Summer Cup 2026,Marketing
2186,Summer Cup 2026,Marketing
2187,Summer Cup 2026,Marketing
2188,Summer Cup 2026,Marketing
2189,Summer Cup 2026,Marketing
2190,Summer Cup 2026,Marketing
2191,Summer Cup 2026,Marketing
2192,Non-campaign,Operational
2193,Non-campaign,Transactional
2194,Summer Cup 2026,Marketing
2195,Summer Cup 2026,Marketing
2196,Summer Cup 2026,Marketing
2197,Summer Cup 2026,Marketing
2198,Summer Cup 2026,Marketing
2199,Summer Cup 2026,Marketing
2200,Summer Cup 2026,Marketing
2201,Summer Cup 2026,Marketing
2202,Summer Cup 2026,Marketing
2203,Summer Cup 2026,Marketing
2204,Summer Cup 2026,Marketing
2205,Summer Cup 2026,Marketing
2206,Summer Cup 2026,Marketing
2207,Summer Cup 2026,Marketing
2208,Summer Cup 2026,Marketing
2209,Non-campaign,Transactional
2210,Summer Cup 2026,Marketing
2211,Summer Cup 2026,Marketing
2212,Summer Cup 2026,Marketing
2213,Summer Cup 2026,Marketing
2214,Summer Cup 2026,Marketing
2215,Summer Cup 2026,Marketing
2216,Summer Cup 2026,Marketing
2217,Summer Cup 2026,Marketing
2218,Summer Cup 2026,Marketing
2219,Summer Cup 2026,Marketing
2220,Summer Cup 2026,Marketing
2221,Summer Cup 2026,Marketing
2222,Summer Cup 2026,Marketing
2223,Summer Cup 2026,Marketing
2224,Summer Cup 2026,Marketing
2225,Summer Cup 2026,Marketing
2226,Summer Cup 2026,Marketing
2227,Summer Cup 2026,Marketing
2228,Summer Cup 2026,Marketing
2229,Summer Cup 2026,Marketing
2230,Summer Cup 2026,Marketing
2231,Summer Cup 2026,Marketing
2232,Non-campaign,Operational
2233,Summer Cup 2026,Marketing
2234,Summer Cup 2026,Marketing
2235,Summer Cup 2026,Marketing
2236,Summer Cup 2026,Marketing
2237,Summer Cup 2026,Marketing
2238,Summer Cup 2026,Marketing
2239,Summer Cup 2026,Marketing
2240,Summer Cup 2026,Marketing
2241,Summer Cup 2026,Marketing
2242,Summer Cup 2026,Marketing
2243,Summer Cup 2026,Marketing
2244,Summer Cup 2026,Marketing
2245,Summer Cup 2026,Marketing
2246,Summer Cup 2026,Marketing
2247,Summer Cup 2026,Marketing
2248,Summer Cup 2026,Marketing
2249,Summer Cup 2026,Marketing
2250,Summer Cup 2026,Marketing
2251,Summer Cup 2026,Marketing
2252,Summer Cup 2026,Marketing
2253,Summer Cup 2026,Marketing
2254,Summer Cup 2026,Marketing
2255,Summer Cup 2026,Marketing
2256,Summer Cup 2026,Marketing
2257,Non-campaign,Operational
2258,Non-campaign,Operational
2259,Summer Cup 2026,Marketing
2260,Summer Cup 2026,Marketing
2261,Summer Cup 2026,Marketing
2262,Summer Cup 2026,Marketing
2263,Summer Cup 2026,Marketing
2264,Summer Cup 2026,Marketing
2265,Summer Cup 2026,Marketing
2266,Summer Cup 2026,Marketing
2267,Summer Cup 2026,Marketing
2268,Summer Cup 2026,Marketing
2269,Summer Cup 2026,Marketing
2270,Summer Cup 2026,Marketing
2271,Summer Cup 2026,Marketing
2272,Summer Cup 2026,Marketing
2273,Summer Cup 2026,Marketing
2274,Summer Cup 2026,Marketing
2275,Summer Cup 2026,Marketing
2276,Summer Cup 2026,Marketing
2277,Summer Cup 2026,Marketing
2278,Summer Cup 2026,Marketing
2279,Summer Cup 2026,Marketing
2280,Summer Cup 2026,Marketing
2281,Summer Cup 2026,Marketing
2282,Summer Cup 2026,Marketing
2283,Summer Cup 2026,Marketing
2284,Summer Cup 2026,Marketing
2285,Summer Cup 2026,Marketing
2286,Summer Cup 2026,Marketing
2287,Summer Cup 2026,Marketing
2288,Summer Cup 2026,Marketing
2289,Summer Cup 2026,Marketing
2290,Summer Cup 2026,Marketing
2291,Summer Cup 2026,Marketing
2292,Summer Cup 2026,Marketing
2293,Summer Cup 2026,Marketing
2294,Summer Cup 2026,Marketing
2295,Summer Cup 2026,Marketing
2296,Summer Cup 2026,Marketing
2297,Summer Cup 2026,Marketing
2298,Summer Cup 2026,Marketing
2299,Summer Cup 2026,Marketing
2300,Summer Cup 2026,Marketing
2301,Summer Cup 2026,Marketing
2302,Summer Cup 2026,Marketing
2303,Summer Cup 2026,Marketing
2304,Summer Cup 2026,Marketing
2305,Summer Cup 2026,Marketing
2306,Summer Cup 2026,Marketing
2307,Summer Cup 2026,Marketing
2308,Summer Cup 2026,Marketing
2309,Summer Cup 2026,Marketing
2310,Summer Cup 2026,Marketing
2311,Summer Cup 2026,Marketing
2312,Summer Cup 2026,Marketing
2313,Summer Cup 2026,Marketing
2314,Summer Cup 2026,Marketing
2315,Summer Cup 2026,Marketing
2316,Summer Cup 2026,Marketing
2317,Non-campaign,Operational
2318,Summer Cup 2026,Marketing
2319,Summer Cup 2026,Marketing
2320,Summer Cup 2026,Marketing
2321,Summer Cup 2026,Marketing
2322,Summer Cup 2026,Marketing
2323,Non-campaign,Operational
2324,Summer Cup 2026,Marketing
2325,Summer Cup 2026,Marketing
2326,Summer Cup 2026,Marketing
2327,Summer Cup 2026,Marketing
2328,Summer Cup 2026,Marketing
2329,Summer Cup 2026,Marketing
2330,Summer Cup 2026,Marketing
2331,Summer Cup 2026,Marketing
2332,Summer Cup 2026,Marketing
2333,Summer Cup 2026,Marketing
2334,Summer Cup 2026,Marketing
2335,Summer Cup 2026,Marketing
2336,Summer Cup 2026,Marketing
2337,Summer Cup 2026,Marketing
2338,Summer Cup 2026,Marketing
2339,Summer Cup 2026,Marketing
2340,Summer Cup 2026,Marketing
2341,Summer Cup 2026,Marketing
2342,Summer Cup 2026,Marketing
2343,Summer Cup 2026,Marketing
2344,Summer Cup 2026,Marketing
2345,Summer Cup 2026,Marketing
2346,Summer Cup 2026,Marketing
2347,Summer Cup 2026,Marketing
2348,Summer Cup 2026,Marketing
2349,Summer Cup 2026,Marketing
2350,Summer Cup 2026,Marketing
2351,Summer Cup 2026,Marketing
2352,Summer Cup 2026,Marketing
2353,Summer Cup 2026,Marketing
2354,Non-campaign,Operational
2355,Summer Cup 2026,Marketing
2356,Summer Cup 2026,Marketing
2357,Non-campaign,Transactional
2358,Summer Cup 2026,Marketing
2359,Summer Cup 2026,Marketing
2360,Summer Cup 2026,Marketing
2361,Summer Cup 2026,Marketing
2362,Harborline Harbor Days 2026,Marketing
2363,Harborline Harbor Days 2026,Marketing
2364,Harborline Harbor Days 2026,Marketing
2365,Harborline Harbor Days 2026,Marketing
2366,Summer Cup 2026,Marketing
2367,Summer Cup 2026,Marketing
2368,Summer Cup 2026,Marketing
2369,Summer Cup 2026,Marketing
2370,Non-campaign,Transactional
2371,Non-campaign,Operational
2372,Summer Cup 2026,Marketing
2373,Summer Cup 2026,Marketing
2374,Summer Cup 2026,Marketing
2375,Summer Cup 2026,Marketing
2376,Summer Cup 2026,Marketing
2377,Summer Cup 2026,Marketing
2378,Summer Cup 2026,Marketing
2379,Summer Cup 2026,Marketing
2380,Summer Cup 2026,Marketing
2381,Summer Cup 2026,Marketing
2382,Summer Cup 2026,Marketing
2383,Summer Cup 2026,Marketing
2384,Summer Cup 2026,Marketing
2385,Summer Cup 2026,Marketing
2386,Summer Cup 2026,Marketing
2387,Summer Cup 2026,Marketing
2388,Summer Cup 2026,Marketing
2389,Summer Cup 2026,Marketing
2390,Summer Cup 2026,Marketing
2391,Summer Cup 2026,Marketing
2392,Summer Cup 2026,Marketing
2393,Summer Cup 2026,Marketing
2394,Summer Cup 2026,Marketing
2395,Summer Cup 2026,Marketing
2396,Summer Cup 2026,Marketing
2397,Summer Cup 2026,Marketing
2398,Non-campaign,Transactional
2399,Summer Cup 2026,Marketing
2400,Summer Cup 2026,Marketing
2401,Summer Cup 2026,Marketing
2402,Summer Cup 2026,Marketing
2403,Summer Cup 2026,Marketing
2404,Summer Cup 2026,Marketing
2405,Summer Cup 2026,Marketing
2406,Summer Cup 2026,Marketing
2407,Summer Cup 2026,Marketing
2408,Summer Cup 2026,Marketing
2409,Summer Cup 2026,Marketing
2410,Summer Cup 2026,Marketing
2411,Non-campaign,Operational
2412,Summer Cup 2026,Marketing
2413,Summer Cup 2026,Marketing
2414,Summer Cup 2026,Marketing
2415,Summer Cup 2026,Marketing
2416,Summer Cup 2026,Marketing
2417,Summer Cup 2026,Marketing
2418,Summer Cup 2026,Marketing
2419,Summer Cup 2026,Marketing
2420,Summer Cup 2026,Marketing
2421,Summer Cup 2026,Marketing
2422,Summer Cup 2026,Marketing
2423,Summer Cup 2026,Marketing
2424,Summer Cup 2026,Marketing
2425,Summer Cup 2026,Marketing
2426,Summer Cup 2026,Marketing
2427,Summer Cup 2026,Marketing
2428,Summer Cup 2026,Marketing
2429,Summer Cup 2026,Marketing
2430,Summer Cup 2026,Marketing
2431,Summer Cup 2026,Marketing
2432,Summer Cup 2026,Marketing
2433,Summer Cup 2026,Marketing
2434,Summer Cup 2026,Marketing
2435,Summer Cup 2026,Marketing
2436,Summer Cup 2026,Marketing
2437,Non-campaign,Operational
2438,Summer Cup 2026,Marketing
2439,Summer Cup 2026,Marketing
2440,Summer Cup 2026,Marketing
2441,Summer Cup 2026,Marketing
2442,Summer Cup 2026,Marketing
2443,Summer Cup 2026,Marketing
2444,Non-campaign,Operational
2445,Summer Cup 2026,Marketing
2446,Harborline Harbor Days 2026,Marketing
2447,Harborline Harbor Days 2026,Marketing
2448,Summer Cup 2026,Marketing
2449,Summer Cup 2026,Marketing
2450,Summer Cup 2026,Marketing
2451,Summer Cup 2026,Marketing
2452,Summer Cup 2026,Marketing
2453,Summer Cup 2026,Marketing
2454,Summer Cup 2026,Marketing
2455,Summer Cup 2026,Marketing
2456,Summer Cup 2026,Marketing
2457,Summer Cup 2026,Marketing
2458,Summer Cup 2026,Marketing
2459,Summer Cup 2026,Marketing
2460,Summer Cup 2026,Marketing
2461,Non-campaign,Transactional
2462,Non-campaign,Transactional
2463,Non-campaign,Operational
2464,Summer Cup 2026,Marketing
2465,Summer Cup 2026,Marketing
2466,Summer Cup 2026,Marketing
2467,Summer Cup 2026,Marketing
2468,Summer Cup 2026,Marketing
2469,Summer Cup 2026,Marketing
2470,Harborline Harbor Days 2026,Marketing
2471,Harborline Harbor Days 2026,Marketing
2472,Summer Cup 2026,Marketing
2473,Summer Cup 2026,Marketing
2474,Summer Cup 2026,Marketing
2475,Summer Cup 2026,Marketing
2476,Harborline Harbor Days 2026,Marketing
2477,Summer Cup 2026,Marketing
2478,Summer Cup 2026,Marketing
2479,Summer Cup 2026,Marketing
2480,Summer Cup 2026,Marketing
2481,Summer Cup 2026,Marketing
2482,Summer Cup 2026,Marketing
2483,Summer Cup 2026,Marketing
2484,Summer Cup 2026,Marketing
2485,Summer Cup 2026,Marketing
2486,Summer Cup 2026,Marketing
2487,Summer Cup 2026,Marketing
2488,Summer Cup 2026,Marketing
2489,Summer Cup 2026,Marketing
2490,Summer Cup 2026,Marketing
2491,Summer Cup 2026,Marketing
2492,Summer Cup 2026,Marketing
2493,Summer Cup 2026,Marketing
2494,Summer Cup 2026,Marketing
2495,Summer Cup 2026,Marketing
2496,Summer Cup 2026,Marketing
2497,Summer Cup 2026,Marketing
2498,Non-campaign,Transactional
2499,Summer Cup 2026,Marketing
2500,Summer Cup 2026,Marketing
2501,Summer Cup 2026,Marketing
2502,Summer Cup 2026,Marketing
2503,Summer Cup 2026,Marketing
2504,Summer Cup 2026,Marketing
2505,Harborline Harbor Days 2026,Marketing
2506,Harborline Harbor Days 2026,Marketing
2507,Summer Cup 2026,Marketing
2508,Summer Cup 2026,Marketing
2509,Harborline Harbor Days 2026,Marketing
2510,Summer Cup 2026,Marketing
2511,Summer Cup 2026,Marketing
2512,Summer Cup 2026,Marketing
2513,Summer Cup 2026,Marketing
2514,Summer Cup 2026,Marketing
2515,Summer Cup 2026,Marketing
2516,Summer Cup 2026,Marketing
2517,Summer Cup 2026,Marketing
2518,Summer Cup 2026,Marketing
2519,Summer Cup 2026,Marketing
2520,Summer Cup 2026,Marketing
2521,Summer Cup 2026,Marketing
2522,Non-campaign,Operational
2523,Summer Cup 2026,Marketing
2524,Summer Cup 2026,Marketing
2525,Summer Cup 2026,Marketing
2526,Summer Cup 2026,Marketing
2527,Summer Cup 2026,Marketing
2528,Summer Cup 2026,Marketing
2529,Summer Cup 2026,Marketing
2530,Summer Cup 2026,Marketing
2531,Summer Cup 2026,Marketing
2532,Summer Cup 2026,Marketing
2533,Summer Cup 2026,Marketing
2534,Summer Cup 2026,Marketing
2535,Summer Cup 2026,Marketing
2536,Summer Cup 2026,Marketing
2537,Summer Cup 2026,Marketing
2538,Summer Cup 2026,Marketing
2539,Summer Cup 2026,Marketing
2540,Non-campaign,Operational
2541,Non-campaign,Transactional
2542,Summer Cup 2026,Marketing
2543,Summer Cup 2026,Marketing
2544,Summer Cup 2026,Marketing
2545,Summer Cup 2026,Marketing
2546,Harborline Harbor Days 2026,Marketing
2547,Summer Cup 2026,Marketing
2548,Non-campaign,Operational
2549,Summer Cup 2026,Marketing
2550,Summer Cup 2026,Marketing
2551,Summer Cup 2026,Marketing
2552,Summer Cup 2026,Marketing
2553,Summer Cup 2026,Marketing
2554,Summer Cup 2026,Marketing
2555,Summer Cup 2026,Marketing
2556,Summer Cup 2026,Marketing
2557,Summer Cup 2026,Marketing
2558,Summer Cup 2026,Marketing
2559,Summer Cup 2026,Marketing
2560,Summer Cup 2026,Marketing
2561,Summer Cup 2026,Marketing
2562,Summer Cup 2026,Marketing
2563,Summer Cup 2026,Marketing
2564,Non-campaign,Transactional
2565,Summer Cup 2026,Marketing
2566,Summer Cup 2026,Marketing
2567,Summer Cup 2026,Marketing
2568,Summer Cup 2026,Marketing
2569,Summer Cup 2026,Marketing
2570,Summer Cup 2026,Marketing
2571,Summer Cup 2026,Marketing
2572,Non-campaign,Operational
2573,Summer Cup 2026,Marketing
2574,Summer Cup 2026,Marketing
2575,Summer Cup 2026,Marketing
2576,Harborline Harbor Days 2026,Marketing
2577,Summer Cup 2026,Marketing
2578,Summer Cup 2026,Marketing
2579,Summer Cup 2026,Marketing
2580,Harborline Harbor Days 2026,Marketing
2581,Harborline Harbor Days 2026,Marketing
2582,Harborline Harbor Days 2026,Marketing
2583,Harborline Harbor Days 2026,Marketing
2584,Summer Cup 2026,Marketing
2585,Summer Cup 2026,Marketing
2586,Summer Cup 2026,Marketing
2587,Summer Cup 2026,Marketing
2588,Summer Cup 2026,Marketing
2589,Summer Cup 2026,Marketing
2590,Summer Cup 2026,Marketing
2591,Summer Cup 2026,Marketing
2592,Summer Cup 2026,Marketing
2593,Summer Cup 2026,Marketing
2594,Summer Cup 2026,Marketing
2595,Summer Cup 2026,Marketing
2596,Summer Cup 2026,Marketing
2597,Summer Cup 2026,Marketing
2598,Summer Cup 2026,Marketing
2599,Summer Cup 2026,Marketing
2600,Summer Cup 2026,Marketing
2601,Summer Cup 2026,Marketing
2602,Non-campaign,Transactional
2603,Non-campaign,Operational
2604,Non-campaign,Operational
2605,Summer Cup 2026,Marketing
2606,Summer Cup 2026,Marketing
2607,Summer Cup 2026,Marketing
2608,Summer Cup 2026,Marketing
2609,Summer Cup 2026,Marketing
2610,Summer Cup 2026,Marketing
2611,Summer Cup 2026,Marketing
2612,Summer Cup 2026,Marketing
2613,Non-campaign,Transactional
2614,Summer Cup 2026,Marketing
2615,Summer Cup 2026,Marketing
2616,Summer Cup 2026,Marketing
2617,Summer Cup 2026,Marketing
2618,Harborline Harbor Days 2026,Marketing
2619,Harborline Harbor Days 2026,Marketing
2620,Harborline Harbor Days 2026,Marketing
2621,Harborline Harbor Days 2026,Marketing
2622,Summer Cup 2026,Marketing
2623,Summer Cup 2026,Marketing
2624,Non-campaign,Operational
2625,Summer Cup 2026,Marketing
2626,Summer Cup 2026,Marketing
2627,Summer Cup 2026,Marketing
2628,Summer Cup 2026,Marketing
2629,Summer Cup 2026,Marketing
2630,Summer Cup 2026,Marketing
2631,Summer Cup 2026,Marketing
2632,Summer Cup 2026,Marketing
2633,Summer Cup 2026,Marketing
2634,Summer Cup 2026,Marketing
2635,Summer Cup 2026,Marketing
2636,Summer Cup 2026,Marketing
2637,Summer Cup 2026,Marketing
2638,Summer Cup 2026,Marketing
2639,Summer Cup 2026,Marketing
2640,Summer Cup 2026,Marketing
2641,Summer Cup 2026,Marketing
2642,Summer Cup 2026,Marketing
2643,Summer Cup 2026,Marketing
2644,Summer Cup 2026,Marketing
2645,Summer Cup 2026,Marketing
2646,Summer Cup 2026,Marketing
2647,Summer Cup 2026,Marketing
2648,Harborline Harbor Days 2026,Marketing
2649,Harborline Harbor Days 2026,Marketing
2650,Harborline Harbor Days 2026,Marketing
2651,Summer Cup 2026,Marketing
2652,Summer Cup 2026,Marketing
2653,Summer Cup 2026,Marketing
2654,Non-campaign,Transactional
2655,Summer Cup 2026,Marketing
2656,Summer Cup 2026,Marketing
2657,Summer Cup 2026,Marketing
2658,Summer Cup 2026,Marketing
2659,Summer Cup 2026,Marketing
2660,Non-campaign,Transactional
2661,Non-campaign,Operational
2662,Summer Cup 2026,Marketing
2663,Summer Cup 2026,Marketing
2664,Summer Cup 2026,Marketing
2665,Summer Cup 2026,Marketing
2666,Summer Cup 2026,Marketing
2667,Summer Cup 2026,Marketing
2668,Summer Cup 2026,Marketing
2669,Summer Cup 2026,Marketing
2670,Summer Cup 2026,Marketing
2671,Summer Cup 2026,Marketing
2672,Summer Cup 2026,Marketing
2673,Summer Cup 2026,Marketing
2674,Summer Cup 2026,Marketing
2675,Non-campaign,Operational
2676,Non-campaign,Transactional
2677,Summer Cup 2026,Marketing
2678,Summer Cup 2026,Marketing
2679,Summer Cup 2026,Marketing
2680,Summer Cup 2026,Marketing
2681,Summer Cup 2026,Marketing
2682,Summer Cup 2026,Marketing
2683,Summer Cup 2026,Marketing
2684,Summer Cup 2026,Marketing
2685,Summer Cup 2026,Marketing
2686,Summer Cup 2026,Marketing
2687,Summer Cup 2026,Marketing
2688,Non-campaign,Operational
2689,Summer Cup 2026,Marketing
2690,Summer Cup 2026,Marketing
2691,Summer Cup 2026,Marketing
2692,Summer Cup 2026,Marketing
2693,Summer Cup 2026,Marketing
2694,Summer Cup 2026,Marketing
2695,Harborline Harbor Days 2026,Marketing
2696,Harborline Harbor Days 2026,Marketing
2697,Summer Cup 2026,Marketing
2698,Summer Cup 2026,Marketing
2699,Summer Cup 2026,Marketing
2700,Summer Cup 2026,Marketing
2701,Summer Cup 2026,Marketing
2702,Summer Cup 2026,Marketing
2703,Summer Cup 2026,Marketing
2704,Summer Cup 2026,Marketing
2705,Summer Cup 2026,Marketing
2706,Summer Cup 2026,Marketing
2707,Summer Cup 2026,Marketing
2708,Summer Cup 2026,Marketing
2709,Summer Cup 2026,Marketing
2710,Summer Cup 2026,Marketing
2711,Summer Cup 2026,Marketing
2712,Summer Cup 2026,Marketing
2713,Summer Cup 2026,Marketing
2714,Summer Cup 2026,Marketing
2715,Summer Cup 2026,Marketing
2716,Summer Cup 2026,Marketing
2717,Summer Cup 2026,Marketing
2718,Summer Cup 2026,Marketing
2719,Summer Cup 2026,Marketing
2720,Summer Cup 2026,Marketing
2721,Summer Cup 2026,Marketing
2722,Harborline Harbor Days 2026,Marketing
2723,Harborline Harbor Days 2026,Marketing
2724,Harborline Harbor Days 2026,Marketing
2725,Summer Cup 2026,Marketing
2726,Summer Cup 2026,Marketing
2727,Summer Cup 2026,Marketing
2728,Harborline Harbor Days 2026,Marketing
2729,Harborline Harbor Days 2026,Marketing
2730,Summer Cup 2026,Marketing
2731,Summer Cup 2026,Marketing
2732,Summer Cup 2026,Marketing
2733,Summer Cup 2026,Marketing
2734,Summer Cup 2026,Marketing
2735,Summer Cup 2026,Marketing
2736,Summer Cup 2026,Marketing
2737,Summer Cup 2026,Marketing
2738,Summer Cup 2026,Marketing
2739,Summer Cup 2026,Marketing
2740,Summer Cup 2026,Marketing
2741,Summer Cup 2026,Marketing
2742,Summer Cup 2026,Marketing
2743,Summer Cup 2026,Marketing
2744,Summer Cup 2026,Marketing
2745,Summer Cup 2026,Marketing
2746,Summer Cup 2026,Marketing
2747,Summer Cup 2026,Marketing
2748,Summer Cup 2026,Marketing
2749,Summer Cup 2026,Marketing
2750,Summer Cup 2026,Marketing
2751,Summer Cup 2026,Marketing
2752,Summer Cup 2026,Marketing
2753,Summer Cup 2026,Marketing
2754,Summer Cup 2026,Marketing
2755,Summer Cup 2026,Marketing
2756,Summer Cup 2026,Marketing
2757,Summer Cup 2026,Marketing
2758,Summer Cup 2026,Marketing
2759,Summer Cup 2026,Marketing
2760,Summer Cup 2026,Marketing
2761,Summer Cup 2026,Marketing
2762,Summer Cup 2026,Marketing
2763,Summer Cup 2026,Marketing
2764,Summer Cup 2026,Marketing
2765,Non-campaign,Transactional
2766,Summer Cup 2026,Marketing
2767,Non-campaign,Transactional
2768,Summer Cup 2026,Marketing
2769,Summer Cup 2026,Marketing
2770,Summer Cup 2026,Marketing
2771,Summer Cup 2026,Marketing
2772,Summer Cup 2026,Marketing
2773,Summer Cup 2026,Marketing
2774,Summer Cup 2026,Marketing
2775,Summer Cup 2026,Marketing
2776,Summer Cup 2026,Marketing
2777,Summer Cup 2026,Marketing
2778,Summer Cup 2026,Marketing
2779,Summer Cup 2026,Marketing
2780,Summer Cup 2026,Marketing
2781,Summer Cup 2026,Marketing
2782,Summer Cup 2026,Marketing
2783,Summer Cup 2026,Marketing
2784,Summer Cup 2026,Marketing
2785,Summer Cup 2026,Marketing
2786,Summer Cup 2026,Marketing
2787,Summer Cup 2026,Marketing
2788,Summer Cup 2026,Marketing
2789,Summer Cup 2026,Marketing
2790,Summer Cup 2026,Marketing
2791,Summer Cup 2026,Marketing
2792,Summer Cup 2026,Marketing
2793,Summer Cup 2026,Marketing
2794,Summer Cup 2026,Marketing
2795,Summer Cup 2026,Marketing
2796,Summer Cup 2026,Marketing
2797,Summer Cup 2026,Marketing
2798,Summer Cup 2026,Marketing
2799,Summer Cup 2026,Marketing
2800,Summer Cup 2026,Marketing
2801,Summer Cup 2026,Marketing
2802,Summer Cup 2026,Marketing
2803,Summer Cup 2026,Marketing
2804,Summer Cup 2026,Marketing
2805,Summer Cup 2026,Marketing
2806,Summer Cup 2026,Marketing
2807,Summer Cup 2026,Marketing
2808,Summer Cup 2026,Marketing
2809,Summer Cup 2026,Marketing
2810,Summer Cup 2026,Marketing
2811,Summer Cup 2026,Marketing
2812,Summer Cup 2026,Marketing
2813,Summer Cup 2026,Marketing
2814,Summer Cup 2026,Marketing
2815,Summer Cup 2026,Marketing
2816,Summer Cup 2026,Marketing
2817,Summer Cup 2026,Marketing
2818,Summer Cup 2026,Marketing
2819,Summer Cup 2026,Marketing
2820,Summer Cup 2026,Marketing
2821,Summer Cup 2026,Marketing
2822,Summer Cup 2026,Marketing
2823,Summer Cup 2026,Marketing
2824,Summer Cup 2026,Marketing
2825,Summer Cup 2026,Marketing
2826,Summer Cup 2026,Marketing
2827,Summer Cup 2026,Marketing
2828,Summer Cup 2026,Marketing
2829,Summer Cup 2026,Marketing
2830,Summer Cup 2026,Marketing
2831,Summer Cup 2026,Marketing
2832,Summer Cup 2026,Marketing
2833,Summer Cup 2026,Marketing
2834,Summer Cup 2026,Marketing
2835,Summer Cup 2026,Marketing
2836,Summer Cup 2026,Marketing
2837,Summer Cup 2026,Marketing
2838,Summer Cup 2026,Marketing
2839,Summer Cup 2026,Marketing
2840,Summer Cup 2026,Marketing
2841,Summer Cup 2026,Marketing
2842,Non-campaign,Operational
2843,Summer Cup 2026,Marketing
2844,Summer Cup 2026,Marketing
2845,Summer Cup 2026,Marketing
2846,Summer Cup 2026,Marketing
2847,Summer Cup 2026,Marketing
2848,Summer Cup 2026,Marketing
2849,Summer Cup 2026,Marketing
2850,Summer Cup 2026,Marketing
2851,Summer Cup 2026,Marketing
2852,Summer Cup 2026,Marketing
2853,Summer Cup 2026,Marketing
2854,Summer Cup 2026,Marketing
2855,Summer Cup 2026,Marketing
2856,Summer Cup 2026,Marketing
2857,Summer Cup 2026,Marketing
2858,Summer Cup 2026,Marketing
2859,Non-campaign,Transactional
2860,Summer Cup 2026,Marketing
2861,Summer Cup 2026,Marketing
2862,Summer Cup 2026,Marketing
2863,Summer Cup 2026,Marketing
2864,Summer Cup 2026,Marketing
2865,Summer Cup 2026,Marketing
2866,Summer Cup 2026,Marketing
2867,Summer Cup 2026,Marketing
2868,Summer Cup 2026,Marketing
2869,Summer Cup 2026,Marketing
2870,Summer Cup 2026,Marketing
2871,Summer Cup 2026,Marketing
2872,Summer Cup 2026,Marketing
2873,Summer Cup 2026,Marketing
2874,Summer Cup 2026,Marketing
2875,Summer Cup 2026,Marketing
2876,Summer Cup 2026,Marketing
2877,Summer Cup 2026,Marketing
2878,Summer Cup 2026,Marketing
2879,Summer Cup 2026,Marketing
2880,Non-campaign,Transactional
2881,Summer Cup 2026,Marketing
2882,Summer Cup 2026,Marketing
2883,Summer Cup 2026,Marketing
2884,Summer Cup 2026,Marketing
2885,Non-campaign,Transactional
2886,Summer Cup 2026,Marketing
2887,Summer Cup 2026,Marketing
2888,Summer Cup 2026,Marketing
2889,Summer Cup 2026,Marketing
2890,Summer Cup 2026,Marketing
2891,Summer Cup 2026,Marketing
2892,Summer Cup 2026,Marketing
2893,Summer Cup 2026,Marketing
2894,Summer Cup 2026,Marketing
2895,Summer Cup 2026,Marketing
2896,Summer Cup 2026,Marketing
2897,Summer Cup 2026,Marketing
2898,Summer Cup 2026,Marketing
2899,Summer Cup 2026,Marketing
2900,Summer Cup 2026,Marketing
2901,Summer Cup 2026,Marketing
2902,Summer Cup 2026,Marketing
2903,Summer Cup 2026,Marketing
2904,Summer Cup 2026,Marketing
2905,Summer Cup 2026,Marketing
2906,Summer Cup 2026,Marketing
2907,Summer Cup 2026,Marketing
2908,Summer Cup 2026,Marketing
2909,Summer Cup 2026,Marketing
2910,Summer Cup 2026,Marketing
2911,Summer Cup 2026,Marketing
2912,Summer Cup 2026,Marketing
2913,Summer Cup 2026,Marketing
2914,Summer Cup 2026,Marketing
2915,Summer Cup 2026,Marketing
2916,Summer Cup 2026,Marketing
2917,Summer Cup 2026,Marketing
2918,Summer Cup 2026,Marketing
2919,Summer Cup 2026,Marketing
2920,Summer Cup 2026,Marketing
2921,Summer Cup 2026,Marketing
2922,Summer Cup 2026,Marketing
2923,Non-campaign,Operational
2924,Summer Cup 2026,Marketing
2925,Summer Cup 2026,Marketing
2926,Summer Cup 2026,Marketing
2927,Summer Cup 2026,Marketing
2928,Summer Cup 2026,Marketing
2929,Summer Cup 2026,Marketing
2930,Summer Cup 2026,Marketing
2931,Summer Cup 2026,Marketing
2932,Non-campaign,Transactional
2933,Summer Cup 2026,Marketing
2934,Summer Cup 2026,Marketing
2935,Summer Cup 2026,Marketing
2936,Summer Cup 2026,Marketing
2937,Harborline Harbor Days 2026,Marketing
2938,Summer Cup 2026,Marketing
2939,Summer Cup 2026,Marketing
2940,Summer Cup 2026,Marketing
2941,Summer Cup 2026,Marketing
2942,Non-campaign,Transactional
2943,Summer Cup 2026,Marketing
2944,Summer Cup 2026,Marketing
2945,Summer Cup 2026,Marketing
2946,Summer Cup 2026,Marketing
2947,Non-campaign,Operational
2948,Summer Cup 2026,Marketing
2949,Summer Cup 2026,Marketing
2950,Summer Cup 2026,Marketing
2951,Summer Cup 2026,Marketing
2952,Summer Cup 2026,Marketing
2953,Summer Cup 2026,Marketing
2954,Summer Cup 2026,Marketing
2955,Summer Cup 2026,Marketing
2956,Summer Cup 2026,Marketing
2957,Summer Cup 2026,Marketing
2958,Summer Cup 2026,Marketing
2959,Summer Cup 2026,Marketing
2960,Summer Cup 2026,Marketing
2961,Summer Cup 2026,Marketing
2962,Summer Cup 2026,Marketing
2963,Summer Cup 2026,Marketing
2964,Summer Cup 2026,Marketing
2965,Non-campaign,Transactional
2966,Summer Cup 2026,Marketing
2967,Summer Cup 2026,Marketing
2968,Summer Cup 2026,Marketing
2969,Summer Cup 2026,Marketing
2970,Summer Cup 2026,Marketing
2971,Summer Cup 2026,Marketing
2972,Summer Cup 2026,Marketing
2973,Summer Cup 2026,Marketing
2974,Summer Cup 2026,Marketing
2975,Summer Cup 2026,Marketing
2976,Summer Cup 2026,Marketing
2977,Summer Cup 2026,Marketing
2978,Summer Cup 2026,Marketing
2979,Summer Cup 2026,Marketing
2980,Summer Cup 2026,Marketing
2981,Summer Cup 2026,Marketing
2982,Summer Cup 2026,Marketing
2983,Summer Cup 2026,Marketing
2984,Summer Cup 2026,Marketing
2985,Summer Cup 2026,Marketing
2986,Summer Cup 2026,Marketing
2987,Summer Cup 2026,Marketing
2988,Summer Cup 2026,Marketing
2989,Summer Cup 2026,Marketing
2990,Summer Cup 2026,Marketing
2991,Summer Cup 2026,Marketing
2992,Summer Cup 2026,Marketing
2993,Summer Cup 2026,Marketing
2994,Summer Cup 2026,Marketing
2995,Summer Cup 2026,Marketing
2996,Summer Cup 2026,Marketing
2997,Summer Cup 2026,Marketing
2998,Summer Cup 2026,Marketing
2999,Summer Cup 2026,Marketing
3000,Summer Cup 2026,Marketing
3001,Summer Cup 2026,Marketing
3002,Summer Cup 2026,Marketing
3003,Summer Cup 2026,Marketing
3004,Summer Cup 2026,Marketing
3005,Summer Cup 2026,Marketing
3006,Summer Cup 2026,Marketing
3007,Summer Cup 2026,Marketing
3008,Summer Cup 2026,Marketing
3009,Summer Cup 2026,Marketing
3010,Summer Cup 2026,Marketing
3011,Summer Cup 2026,Marketing
3012,Summer Cup 2026,Marketing
3013,Summer Cup 2026,Marketing
3014,Summer Cup 2026,Marketing
3015,Summer Cup 2026,Marketing
3016,Summer Cup 2026,Marketing
3017,Summer Cup 2026,Marketing
3018,Summer Cup 2026,Marketing
3019,Summer Cup 2026,Marketing
3020,Summer Cup 2026,Marketing
3021,Summer Cup 2026,Marketing
3022,Summer Cup 2026,Marketing
3023,Summer Cup 2026,Marketing
3024,Summer Cup 2026,Marketing
3025,Summer Cup 2026,Marketing
3026,Summer Cup 2026,Marketing
3027,Non-campaign,Operational
3028,Summer Cup 2026,Marketing
3029,Summer Cup 2026,Marketing
3030,Summer Cup 2026,Marketing
3031,Summer Cup 2026,Marketing
3032,Summer Cup 2026,Marketing
3033,Summer Cup 2026,Marketing
3034,Summer Cup 2026,Marketing
3035,Summer Cup 2026,Marketing
3036,Summer Cup 2026,Marketing
3037,Summer Cup 2026,Marketing
3038,Summer Cup 2026,Marketing
3039,Summer Cup 2026,Marketing
3040,Summer Cup 2026,Marketing
3041,Summer Cup 2026,Marketing
3042,Summer Cup 2026,Marketing
3043,Summer Cup 2026,Marketing
3044,Summer Cup 2026,Marketing
3045,Summer Cup 2026,Marketing
3046,Summer Cup 2026,Marketing
3047,Summer Cup 2026,Marketing
3048,Summer Cup 2026,Marketing
3049,Summer Cup 2026,Marketing
3050,Summer Cup 2026,Marketing
3051,Summer Cup 2026,Marketing
3052,Summer Cup 2026,Marketing
3053,Summer Cup 2026,Marketing
3054,Summer Cup 2026,Marketing
3055,Summer Cup 2026,Marketing
3056,Summer Cup 2026,Marketing
3057,Summer Cup 2026,Marketing
3058,Summer Cup 2026,Marketing
3059,Summer Cup 2026,Marketing
3060,Non-campaign,Transactional
3061,Summer Cup 2026,Marketing
3062,Summer Cup 2026,Marketing
3063,Summer Cup 2026,Marketing
3064,Summer Cup 2026,Marketing
3065,Summer Cup 2026,Marketing
3066,Summer Cup 2026,Marketing
3067,Summer Cup 2026,Marketing
3068,Summer Cup 2026,Marketing
3069,Summer Cup 2026,Marketing
3070,Summer Cup 2026,Marketing
3071,Summer Cup 2026,Marketing
3072,Summer Cup 2026,Marketing
3073,Summer Cup 2026,Marketing
3074,Summer Cup 2026,Marketing
3075,Summer Cup 2026,Marketing
3076,Summer Cup 2026,Marketing
3077,Summer Cup 2026,Marketing
3078,Summer Cup 2026,Marketing
3079,Summer Cup 2026,Marketing
3080,Summer Cup 2026,Marketing
3081,Summer Cup 2026,Marketing
3082,Summer Cup 2026,Marketing
3083,Summer Cup 2026,Marketing
3084,Non-campaign,Transactional
3085,Summer Cup 2026,Marketing
3086,Summer Cup 2026,Marketing
3087,Summer Cup 2026,Marketing
3088,Summer Cup 2026,Marketing
3089,Summer Cup 2026,Marketing
3090,Summer Cup 2026,Marketing
3091,Summer Cup 2026,Marketing
3092,Summer Cup 2026,Marketing
3093,Summer Cup 2026,Marketing
3094,Non-campaign,Operational
3095,Summer Cup 2026,Marketing
3096,Summer Cup 2026,Marketing
3097,Summer Cup 2026,Marketing
3098,Summer Cup 2026,Marketing
3099,Summer Cup 2026,Marketing
3100,Summer Cup 2026,Marketing
3101,Summer Cup 2026,Marketing
3102,Summer Cup 2026,Marketing
3103,Summer Cup 2026,Marketing
3104,Summer Cup 2026,Marketing
3105,Summer Cup 2026,Marketing
3106,Summer Cup 2026,Marketing
3107,Summer Cup 2026,Marketing
3108,Summer Cup 2026,Marketing
3109,Summer Cup 2026,Marketing
3110,Summer Cup 2026,Marketing
3111,Summer Cup 2026,Marketing
3112,Summer Cup 2026,Marketing
3113,Summer Cup 2026,Marketing
3114,Summer Cup 2026,Marketing
3115,Summer Cup 2026,Marketing
3116,Summer Cup 2026,Marketing
3117,Summer Cup 2026,Marketing
3118,Summer Cup 2026,Marketing
3119,Summer Cup 2026,Marketing
3120,Non-campaign,Operational
3121,Summer Cup 2026,Marketing
3122,Summer Cup 2026,Marketing
3123,Summer Cup 2026,Marketing
3124,Summer Cup 2026,Marketing
3125,Summer Cup 2026,Marketing
3126,Summer Cup 2026,Marketing
3127,Summer Cup 2026,Marketing
3128,Summer Cup 2026,Marketing
3129,Summer Cup 2026,Marketing
3130,Summer Cup 2026,Marketing
3131,Summer Cup 2026,Marketing
3132,Summer Cup 2026,Marketing
3133,Summer Cup 2026,Marketing
3134,Summer Cup 2026,Marketing
3135,Non-campaign,Transactional
3136,Non-campaign,Operational
3137,Summer Cup 2026,Marketing
3138,Summer Cup 2026,Marketing
3139,Summer Cup 2026,Marketing
3140,Summer Cup 2026,Marketing
3141,Summer Cup 2026,Marketing
3142,Summer Cup 2026,Marketing
3143,Summer Cup 2026,Marketing
3144,Summer Cup 2026,Marketing
3145,Summer Cup 2026,Marketing
3146,Summer Cup 2026,Marketing
3147,Summer Cup 2026,Marketing
3148,Summer Cup 2026,Marketing
3149,Summer Cup 2026,Marketing
3150,Summer Cup 2026,Marketing
3151,Summer Cup 2026,Marketing
3152,Summer Cup 2026,Marketing
3153,Summer Cup 2026,Marketing
3154,Summer Cup 2026,Marketing
3155,Summer Cup 2026,Marketing
3156,Summer Cup 2026,Marketing
3157,Summer Cup 2026,Marketing
3158,Summer Cup 2026,Marketing
3159,Summer Cup 2026,Marketing
3160,Summer Cup 2026,Marketing
3161,Summer Cup 2026,Marketing
3162,Summer Cup 2026,Marketing
3163,Summer Cup 2026,Marketing
3164,Summer Cup 2026,Marketing
3165,Summer Cup 2026,Marketing
3166,Summer Cup 2026,Marketing
3167,Summer Cup 2026,Marketing
3168,Summer Cup 2026,Marketing
3169,Summer Cup 2026,Marketing
3170,Summer Cup 2026,Marketing
3171,Non-campaign,Operational
3172,Non-campaign,Transactional
3173,Summer Cup 2026,Marketing
3174,Summer Cup 2026,Marketing
3175,Summer Cup 2026,Marketing
3176,Summer Cup 2026,Marketing
3177,Summer Cup 2026,Marketing
3178,Summer Cup 2026,Marketing
3179,Summer Cup 2026,Marketing
3180,Non-campaign,Operational
3181,Non-campaign,Transactional
3182,Summer Cup 2026,Marketing
3183,Summer Cup 2026,Marketing
3184,Summer Cup 2026,Marketing
3185,Summer Cup 2026,Marketing
3186,Summer Cup 2026,Marketing
3187,Summer Cup 2026,Marketing
3188,Summer Cup 2026,Marketing
3189,Summer Cup 2026,Marketing
3190,Summer Cup 2026,Marketing
3191,Summer Cup 2026,Marketing
3192,Summer Cup 2026,Marketing
3193,Summer Cup 2026,Marketing
3194,Summer Cup 2026,Marketing
3195,Summer Cup 2026,Marketing
3196,Summer Cup 2026,Marketing
3197,Summer Cup 2026,Marketing
3198,Summer Cup 2026,Marketing
3199,Summer Cup 2026,Marketing
3200,Summer Cup 2026,Marketing
3201,Summer Cup 2026,Marketing
3202,Summer Cup 2026,Marketing
3203,Summer Cup 2026,Marketing
3204,Summer Cup 2026,Marketing
3205,Summer Cup 2026,Marketing
3206,Non-campaign,Operational
3207,Summer Cup 2026,Marketing
3208,Summer Cup 2026,Marketing
3209,Summer Cup 2026,Marketing
3210,Summer Cup 2026,Marketing
3211,Summer Cup 2026,Marketing
3212,Summer Cup 2026,Marketing
3213,Summer Cup 2026,Marketing
3214,Summer Cup 2026,Marketing
3215,Summer Cup 2026,Marketing
3216,Summer Cup 2026,Marketing
3217,Summer Cup 2026,Marketing
3218,Summer Cup 2026,Marketing
3219,Summer Cup 2026,Marketing
3220,Non-campaign,Transactional
3221,Summer Cup 2026,Marketing
3222,Summer Cup 2026,Marketing
3223,Summer Cup 2026,Marketing
3224,Summer Cup 2026,Marketing
3225,Summer Cup 2026,Marketing
3226,Summer Cup 2026,Marketing
3227,Summer Cup 2026,Marketing
3228,Summer Cup 2026,Marketing
3229,Summer Cup 2026,Marketing
3230,Summer Cup 2026,Marketing
3231,Summer Cup 2026,Marketing
3232,Summer Cup 2026,Marketing
3233,Summer Cup 2026,Marketing
3234,Summer Cup 2026,Marketing
3235,Summer Cup 2026,Marketing
3236,Summer Cup 2026,Marketing
3237,Summer Cup 2026,Marketing
3238,Summer Cup 2026,Marketing
3239,Summer Cup 2026,Marketing
3240,Summer Cup 2026,Marketing
3241,Summer Cup 2026,Marketing
3242,Summer Cup 2026,Marketing
3243,Summer Cup 2026,Marketing
3244,Summer Cup 2026,Marketing
3245,Summer Cup 2026,Marketing
3246,Summer Cup 2026,Marketing
3247,Summer Cup 2026,Marketing
3248,Summer Cup 2026,Marketing
3249,Summer Cup 2026,Marketing
3250,Summer Cup 2026,Marketing
3251,Summer Cup 2026,Marketing
3252,Summer Cup 2026,Marketing
3253,Summer Cup 2026,Marketing
3254,Summer Cup 2026,Marketing
3255,Summer Cup 2026,Marketing
3256,Summer Cup 2026,Marketing
3257,Summer Cup 2026,Marketing
3258,Summer Cup 2026,Marketing
3259,Summer Cup 2026,Marketing
3260,Summer Cup 2026,Marketing
3261,Summer Cup 2026,Marketing
3262,Summer Cup 2026,Marketing
3263,Summer Cup 2026,Marketing
3264,Summer Cup 2026,Marketing
3265,Summer Cup 2026,Marketing
3266,Summer Cup 2026,Marketing
3267,Summer Cup 2026,Marketing
3268,Summer Cup 2026,Marketing
3269,Summer Cup 2026,Marketing
3270,Summer Cup 2026,Marketing
3271,Summer Cup 2026,Marketing
3272,Non-campaign,Operational
3273,Summer Cup 2026,Marketing
3274,Summer Cup 2026,Marketing
3275,Summer Cup 2026,Marketing
3276,Summer Cup 2026,Marketing
3277,Summer Cup 2026,Marketing
3278,Summer Cup 2026,Marketing
3279,Summer Cup 2026,Marketing
3280,Summer Cup 2026,Marketing
3281,Summer Cup 2026,Marketing
3282,Summer Cup 2026,Marketing
3283,Summer Cup 2026,Marketing
3284,Summer Cup 2026,Marketing
3285,Summer Cup 2026,Marketing
3286,Summer Cup 2026,Marketing
3287,Summer Cup 2026,Marketing
3288,Summer Cup 2026,Marketing
3289,Summer Cup 2026,Marketing
3290,Summer Cup 2026,Marketing
3291,Summer Cup 2026,Marketing
3292,Summer Cup 2026,Marketing
3293,Summer Cup 2026,Marketing
3294,Summer Cup 2026,Marketing
3295,Summer Cup 2026,Marketing
3296,Summer Cup 2026,Marketing
3297,Summer Cup 2026,Marketing
3298,Summer Cup 2026,Marketing
3299,Summer Cup 2026,Marketing
3300,Non-campaign,Transactional
3301,Non-campaign,Operational
3302,Summer Cup 2026,Marketing
3303,Summer Cup 2026,Marketing
3304,Summer Cup 2026,Marketing
3305,Summer Cup 2026,Marketing
3306,Summer Cup 2026,Marketing
3307,Summer Cup 2026,Marketing
3308,Summer Cup 2026,Marketing
3309,Summer Cup 2026,Marketing
3310,Summer Cup 2026,Marketing
3311,Summer Cup 2026,Marketing
3312,Summer Cup 2026,Marketing
3313,Summer Cup 2026,Marketing
3314,Summer Cup 2026,Marketing
3315,Summer Cup 2026,Marketing
3316,Summer Cup 2026,Marketing
3317,Summer Cup 2026,Marketing
3318,Summer Cup 2026,Marketing
3319,Summer Cup 2026,Marketing
3320,Summer Cup 2026,Marketing
3321,Summer Cup 2026,Marketing
3322,Summer Cup 2026,Marketing
3323,Summer Cup 2026,Marketing
3324,Summer Cup 2026,Marketing
3325,Summer Cup 2026,Marketing
3326,Summer Cup 2026,Marketing
3327,Summer Cup 2026,Marketing
3328,Summer Cup 2026,Marketing
3329,Summer Cup 2026,Marketing
3330,Summer Cup 2026,Marketing
3331,Summer Cup 2026,Marketing
3332,Summer Cup 2026,Marketing
3333,Summer Cup 2026,Marketing
3334,Summer Cup 2026,Marketing
3335,Summer Cup 2026,Marketing
3336,Summer Cup 2026,Marketing
3337,Summer Cup 2026,Marketing
3338,Summer Cup 2026,Marketing
3339,Summer Cup 2026,Marketing
3340,Summer Cup 2026,Marketing
3341,Summer Cup 2026,Marketing
3342,Summer Cup 2026,Marketing
3343,Summer Cup 2026,Marketing
3344,Summer Cup 2026,Marketing
3345,Summer Cup 2026,Marketing
3346,Summer Cup 2026,Marketing
3347,Summer Cup 2026,Marketing
3348,Summer Cup 2026,Marketing
3349,Summer Cup 2026,Marketing
3350,Summer Cup 2026,Marketing
3351,Summer Cup 2026,Marketing
3352,Summer Cup 2026,Marketing
3353,Summer Cup 2026,Marketing
3354,Summer Cup 2026,Marketing
3355,Summer Cup 2026,Marketing
3356,Summer Cup 2026,Marketing
3357,Summer Cup 2026,Marketing
3358,Summer Cup 2026,Marketing
3359,Summer Cup 2026,Marketing
3360,Summer Cup 2026,Marketing
3361,Summer Cup 2026,Marketing
3362,Summer Cup 2026,Marketing
3363,Summer Cup 2026,Marketing
3364,Non-campaign,Transactional
3365,Summer Cup 2026,Marketing
3366,Summer Cup 2026,Marketing
3367,Summer Cup 2026,Marketing
3368,Summer Cup 2026,Marketing
3369,Summer Cup 2026,Marketing
3370,Non-campaign,Transactional
3371,Summer Cup 2026,Marketing
3372,Summer Cup 2026,Marketing
3373,Summer Cup 2026,Marketing
3374,Summer Cup 2026,Marketing
3375,Summer Cup 2026,Marketing
3376,Summer Cup 2026,Marketing
3377,Summer Cup 2026,Marketing
3378,Summer Cup 2026,Marketing
3379,Summer Cup 2026,Marketing
3380,Summer Cup 2026,Marketing
3381,Summer Cup 2026,Marketing
3382,Summer Cup 2026,Marketing
3383,Summer Cup 2026,Marketing
3384,Summer Cup 2026,Marketing
3385,Summer Cup 2026,Marketing
3386,Summer Cup 2026,Marketing
3387,Summer Cup 2026,Marketing
3388,Summer Cup 2026,Marketing
3389,Summer Cup 2026,Marketing
3390,Summer Cup 2026,Marketing
3391,Summer Cup 2026,Marketing
3392,Summer Cup 2026,Marketing
3393,Summer Cup 2026,Marketing
3394,Summer Cup 2026,Marketing
3395,Summer Cup 2026,Marketing
3396,Summer Cup 2026,Marketing
3397,Summer Cup 2026,Marketing
3398,Summer Cup 2026,Marketing
3399,Summer Cup 2026,Marketing
3400,Summer Cup 2026,Marketing
3401,Summer Cup 2026,Marketing
3402,Summer Cup 2026,Marketing
3403,Non-campaign,Transactional
3404,Summer Cup 2026,Marketing
3405,Summer Cup 2026,Marketing
3406,Summer Cup 2026,Marketing
3407,Summer Cup 2026,Marketing
3408,Summer Cup 2026,Marketing
3409,Summer Cup 2026,Marketing
3410,Summer Cup 2026,Marketing
3411,Summer Cup 2026,Marketing
3412,Summer Cup 2026,Marketing
3413,Summer Cup 2026,Marketing
3414,Summer Cup 2026,Marketing
3415,Summer Cup 2026,Marketing
3416,Summer Cup 2026,Marketing
3417,Summer Cup 2026,Marketing
3418,Summer Cup 2026,Marketing
3419,Summer Cup 2026,Marketing
3420,Summer Cup 2026,Marketing
3421,Summer Cup 2026,Marketing
3422,Summer Cup 2026,Marketing
3423,Summer Cup 2026,Marketing
3424,Summer Cup 2026,Marketing
3425,Non-campaign,Operational
3426,Non-campaign,Transactional
3427,Summer Cup 2026,Marketing
3428,Summer Cup 2026,Marketing
3429,Summer Cup 2026,Marketing
3430,Summer Cup 2026,Marketing
3431,Summer Cup 2026,Marketing
3432,Summer Cup 2026,Marketing
3433,Summer Cup 2026,Marketing
3434,Summer Cup 2026,Marketing
3435,Summer Cup 2026,Marketing
3436,Summer Cup 2026,Marketing
3437,Summer Cup 2026,Marketing
3438,Summer Cup 2026,Marketing
3439,Summer Cup 2026,Marketing
3440,Summer Cup 2026,Marketing
3441,Summer Cup 2026,Marketing
3442,Summer Cup 2026,Marketing
3443,Summer Cup 2026,Marketing
3444,Summer Cup 2026,Marketing
3445,Summer Cup 2026,Marketing
3446,Summer Cup 2026,Marketing
3447,Summer Cup 2026,Marketing
3448,Summer Cup 2026,Marketing
3449,Summer Cup 2026,Marketing
3450,Non-campaign,Transactional
3451,Summer Cup 2026,Marketing
3452,Summer Cup 2026,Marketing
3453,Summer Cup 2026,Marketing
3454,Summer Cup 2026,Marketing
3455,Summer Cup 2026,Marketing
3456,Summer Cup 2026,Marketing
3457,Summer Cup 2026,Marketing
3458,Summer Cup 2026,Marketing
3459,Summer Cup 2026,Marketing
3460,Summer Cup 2026,Marketing
3461,Summer Cup 2026,Marketing
3462,Summer Cup 2026,Marketing
3463,Summer Cup 2026,Marketing
3464,Summer Cup 2026,Marketing
3465,Summer Cup 2026,Marketing
3466,Summer Cup 2026,Marketing
3467,Non-campaign,Operational
3468,Summer Cup 2026,Marketing
3469,Summer Cup 2026,Marketing
3470,Summer Cup 2026,Marketing
3471,Summer Cup 2026,Marketing
3472,Summer Cup 2026,Marketing
3473,Summer Cup 2026,Marketing
3474,Summer Cup 2026,Marketing
3475,Summer Cup 2026,Marketing
3476,Summer Cup 2026,Marketing
3477,Summer Cup 2026,Marketing
3478,Summer Cup 2026,Marketing
3479,Summer Cup 2026,Marketing
3480,Summer Cup 2026,Marketing
3481,Summer Cup 2026,Marketing
3482,Summer Cup 2026,Marketing
3483,Summer Cup 2026,Marketing
3484,Summer Cup 2026,Marketing
3485,Summer Cup 2026,Marketing
3486,Summer Cup 2026,Marketing
3487,Summer Cup 2026,Marketing
3488,Summer Cup 2026,Marketing
3489,Summer Cup 2026,Marketing
3490,Summer Cup 2026,Marketing
3491,Summer Cup 2026,Marketing
3492,Summer Cup 2026,Marketing
3493,Summer Cup 2026,Marketing
3494,Summer Cup 2026,Marketing
3495,Summer Cup 2026,Marketing
3496,Summer Cup 2026,Marketing
3497,Summer Cup 2026,Marketing
3498,Summer Cup 2026,Marketing
3499,Summer Cup 2026,Marketing
3500,Summer Cup 2026,Marketing
3501,Summer Cup 2026,Marketing
3502,Summer Cup 2026,Marketing
3503,Summer Cup 2026,Marketing
3504,Summer Cup 2026,Marketing
3505,Summer Cup 2026,Marketing
3506,Summer Cup 2026,Marketing
3507,Summer Cup 2026,Marketing
3508,Summer Cup 2026,Marketing
3509,Summer Cup 2026,Marketing
3510,Summer Cup 2026,Marketing
3511,Summer Cup 2026,Marketing
3512,Summer Cup 2026,Marketing
3513,Summer Cup 2026,Marketing
3514,Non-campaign,Operational
3515,Summer Cup 2026,Marketing
3516,Summer Cup 2026,Marketing
3517,Summer Cup 2026,Marketing
3518,Summer Cup 2026,Marketing
3519,Summer Cup 2026,Marketing
3520,Summer Cup 2026,Marketing
3521,Summer Cup 2026,Marketing
3522,Summer Cup 2026,Marketing
3523,Summer Cup 2026,Marketing
3524,Summer Cup 2026,Marketing
3525,Summer Cup 2026,Marketing
3526,Summer Cup 2026,Marketing
3527,Summer Cup 2026,Marketing
3528,Summer Cup 2026,Marketing
3529,Summer Cup 2026,Marketing
3530,Summer Cup 2026,Marketing
3531,Summer Cup 2026,Marketing
3532,Summer Cup 2026,Marketing
3533,Summer Cup 2026,Marketing
3534,Summer Cup 2026,Marketing
3535,Summer Cup 2026,Marketing
3536,Summer Cup 2026,Marketing
3537,Summer Cup 2026,Marketing
3538,Summer Cup 2026,Marketing
3539,Summer Cup 2026,Marketing
3540,Summer Cup 2026,Marketing
3541,Summer Cup 2026,Marketing
3542,Summer Cup 2026,Marketing
3543,Summer Cup 2026,Marketing
3544,Summer Cup 2026,Marketing
3545,Non-campaign,Transactional
3546,Non-campaign,Operational
3547,Summer Cup 2026,Marketing
3548,Summer Cup 2026,Marketing
3549,Summer Cup 2026,Marketing
3550,Summer Cup 2026,Marketing
3551,Summer Cup 2026,Marketing
3552,Summer Cup 2026,Marketing
3553,Summer Cup 2026,Marketing
3554,Summer Cup 2026,Marketing
3555,Summer Cup 2026,Marketing
3556,Summer Cup 2026,Marketing
3557,Summer Cup 2026,Marketing
3558,Summer Cup 2026,Marketing
3559,Summer Cup 2026,Marketing
3560,Summer Cup 2026,Marketing
3561,Summer Cup 2026,Marketing
3562,Summer Cup 2026,Marketing
3563,Summer Cup 2026,Marketing
3564,Summer Cup 2026,Marketing
3565,Summer Cup 2026,Marketing
3566,Summer Cup 2026,Marketing
3567,Summer Cup 2026,Marketing
3568,Summer Cup 2026,Marketing
3569,Non-campaign,Transactional
3570,Non-campaign,Operational
3571,Summer Cup 2026,Marketing
3572,Summer Cup 2026,Marketing
3573,Summer Cup 2026,Marketing
3574,Summer Cup 2026,Marketing
3575,Summer Cup 2026,Marketing
3576,Summer Cup 2026,Marketing
3577,Summer Cup 2026,Marketing
3578,Summer Cup 2026,Marketing
3579,Summer Cup 2026,Marketing
3580,Summer Cup 2026,Marketing
3581,Summer Cup 2026,Marketing
3582,Summer Cup 2026,Marketing
3583,Summer Cup 2026,Marketing
3584,Summer Cup 2026,Marketing
3585,Summer Cup 2026,Marketing
3586,Summer Cup 2026,Marketing
3587,Summer Cup 2026,Marketing
3588,Summer Cup 2026,Marketing
3589,Summer Cup 2026,Marketing
3590,Summer Cup 2026,Marketing
3591,Summer Cup 2026,Marketing
3592,Summer Cup 2026,Marketing
3593,Summer Cup 2026,Marketing
3594,Summer Cup 2026,Marketing
3595,Summer Cup 2026,Marketing
3596,Summer Cup 2026,Marketing
3597,Summer Cup 2026,Marketing
3598,Summer Cup 2026,Marketing
3599,Summer Cup 2026,Marketing
3600,Summer Cup 2026,Marketing
3601,Summer Cup 2026,Marketing
3602,Summer Cup 2026,Marketing
3603,Summer Cup 2026,Marketing
3604,Summer Cup 2026,Marketing
3605,Summer Cup 2026,Marketing
3606,Summer Cup 2026,Marketing
3607,Summer Cup 2026,Marketing
3608,Summer Cup 2026,Marketing
3609,Summer Cup 2026,Marketing
3610,Summer Cup 2026,Marketing
3611,Summer Cup 2026,Marketing
3612,Summer Cup 2026,Marketing
3613,Summer Cup 2026,Marketing
3614,Summer Cup 2026,Marketing
3615,Summer Cup 2026,Marketing
3616,Summer Cup 2026,Marketing
3617,Summer Cup 2026,Marketing
3618,Summer Cup 2026,Marketing
3619,Summer Cup 2026,Marketing
3620,Summer Cup 2026,Marketing
3621,Summer Cup 2026,Marketing
3622,Summer Cup 2026,Marketing
3623,Summer Cup 2026,Marketing
3624,Summer Cup 2026,Marketing
3625,Summer Cup 2026,Marketing
3626,Non-campaign,Operational
3627,Summer Cup 2026,Marketing
3628,Summer Cup 2026,Marketing
3629,Summer Cup 2026,Marketing
3630,Summer Cup 2026,Marketing
3631,Summer Cup 2026,Marketing
3632,Summer Cup 2026,Marketing
3633,Summer Cup 2026,Marketing
3634,Summer Cup 2026,Marketing
3635,Non-campaign,Transactional
3636,Summer Cup 2026,Marketing
3637,Summer Cup 2026,Marketing
3638,Summer Cup 2026,Marketing
3639,Summer Cup 2026,Marketing
3640,Summer Cup 2026,Marketing
3641,Summer Cup 2026,Marketing
3642,Summer Cup 2026,Marketing
3643,Summer Cup 2026,Marketing
3644,Summer Cup 2026,Marketing
3645,Summer Cup 2026,Marketing
3646,Summer Cup 2026,Marketing
3647,Summer Cup 2026,Marketing
3648,Summer Cup 2026,Marketing
3649,Summer Cup 2026,Marketing
3650,Summer Cup 2026,Marketing
3651,Summer Cup 2026,Marketing
3652,Summer Cup 2026,Marketing
3653,Summer Cup 2026,Marketing
3654,Summer Cup 2026,Marketing
3655,Summer Cup 2026,Marketing
3656,Summer Cup 2026,Marketing
3657,Summer Cup 2026,Marketing
3658,Summer Cup 2026,Marketing
3659,Summer Cup 2026,Marketing
3660,Summer Cup 2026,Marketing
3661,Summer Cup 2026,Marketing
3662,Summer Cup 2026,Marketing
3663,Summer Cup 2026,Marketing
3664,Summer Cup 2026,Marketing
3665,Summer Cup 2026,Marketing
3666,Summer Cup 2026,Marketing
3667,Summer Cup 2026,Marketing
3668,Summer Cup 2026,Marketing
3669,Summer Cup 2026,Marketing
3670,Summer Cup 2026,Marketing
3671,Summer Cup 2026,Marketing
3672,Summer Cup 2026,Marketing
3673,Summer Cup 2026,Marketing
3674,Summer Cup 2026,Marketing
3675,Summer Cup 2026,Marketing
3676,Summer Cup 2026,Marketing
3677,Summer Cup 2026,Marketing
3678,Summer Cup 2026,Marketing
3679,Summer Cup 2026,Marketing
3680,Summer Cup 2026,Marketing
3681,Summer Cup 2026,Marketing
3682,Summer Cup 2026,Marketing
3683,Summer Cup 2026,Marketing
3684,Summer Cup 2026,Marketing
3685,Summer Cup 2026,Marketing
3686,Summer Cup 2026,Marketing
3687,Summer Cup 2026,Marketing
3688,Summer Cup 2026,Marketing
3689,Summer Cup 2026,Marketing
3690,Summer Cup 2026,Marketing
3691,Summer Cup 2026,Marketing
3692,Summer Cup 2026,Marketing
3693,Summer Cup 2026,Marketing
3694,Summer Cup 2026,Marketing
3695,Summer Cup 2026,Marketing
3696,Summer Cup 2026,Marketing
3697,Summer Cup 2026,Marketing
3698,Summer Cup 2026,Marketing
3699,Summer Cup 2026,Marketing
3700,Summer Cup 2026,Marketing
3701,Summer Cup 2026,Marketing
3702,Summer Cup 2026,Marketing
3703,Summer Cup 2026,Marketing
3704,Summer Cup 2026,Marketing
3705,Summer Cup 2026,Marketing
3706,Summer Cup 2026,Marketing
3707,Summer Cup 2026,Marketing
3708,Summer Cup 2026,Marketing
3709,Summer Cup 2026,Marketing
3710,Summer Cup 2026,Marketing
3711,Summer Cup 2026,Marketing
3712,Summer Cup 2026,Marketing
3713,Summer Cup 2026,Marketing
3714,Summer Cup 2026,Marketing
3715,Summer Cup 2026,Marketing
3716,Summer Cup 2026,Marketing
3717,Summer Cup 2026,Marketing
3718,Summer Cup 2026,Marketing
3719,Summer Cup 2026,Marketing
3720,Summer Cup 2026,Marketing
3721,Summer Cup 2026,Marketing
3722,Summer Cup 2026,Marketing
3723,Summer Cup 2026,Marketing
3724,Summer Cup 2026,Marketing
3725,Non-campaign,Transactional
3726,Summer Cup 2026,Marketing
3727,Summer Cup 2026,Marketing
3728,Summer Cup 2026,Marketing
3729,Summer Cup 2026,Marketing
3730,Summer Cup 2026,Marketing
3731,Non-campaign,Transactional
3732,Summer Cup 2026,Marketing
3733,Summer Cup 2026,Marketing
3734,Summer Cup 2026,Marketing
3735,Summer Cup 2026,Marketing
3736,Summer Cup 2026,Marketing
3737,Summer Cup 2026,Marketing
3738,Summer Cup 2026,Marketing
3739,Summer Cup 2026,Marketing
3740,Summer Cup 2026,Marketing
3741,Summer Cup 2026,Marketing
3742,Summer Cup 2026,Marketing
3743,Summer Cup 2026,Marketing
3744,Summer Cup 2026,Marketing
3745,Summer Cup 2026,Marketing
3746,Summer Cup 2026,Marketing
3747,Summer Cup 2026,Marketing
3748,Summer Cup 2026,Marketing
3749,Summer Cup 2026,Marketing
3750,Summer Cup 2026,Marketing
3751,Summer Cup 2026,Marketing
3752,Summer Cup 2026,Marketing
3753,Summer Cup 2026,Marketing
3754,Summer Cup 2026,Marketing
3755,Summer Cup 2026,Marketing
3756,Summer Cup 2026,Marketing
3757,Summer Cup 2026,Marketing
3758,Summer Cup 2026,Marketing
3759,Summer Cup 2026,Marketing
3760,Summer Cup 2026,Marketing
3761,Summer Cup 2026,Marketing
3762,Summer Cup 2026,Marketing
3763,Summer Cup 2026,Marketing
3764,Summer Cup 2026,Marketing
3765,Summer Cup 2026,Marketing
3766,Summer Cup 2026,Marketing
3767,Non-campaign,Transactional
3768,Summer Cup 2026,Marketing
3769,Summer Cup 2026,Marketing
3770,Summer Cup 2026,Marketing
3771,Summer Cup 2026,Marketing
3772,Summer Cup 2026,Marketing
3773,Summer Cup 2026,Marketing
3774,Summer Cup 2026,Marketing
3775,Summer Cup 2026,Marketing
3776,Non-campaign,Operational
3777,Summer Cup 2026,Marketing
3778,Summer Cup 2026,Marketing
3779,Summer Cup 2026,Marketing
3780,Summer Cup 2026,Marketing
3781,Summer Cup 2026,Marketing
3782,Summer Cup 2026,Marketing
3783,Summer Cup 2026,Marketing
3784,Summer Cup 2026,Marketing
3785,Summer Cup 2026,Marketing
3786,Summer Cup 2026,Marketing
3787,Summer Cup 2026,Marketing
3788,Summer Cup 2026,Marketing
3789,Summer Cup 2026,Marketing
3790,Non-campaign,Operational
3791,Summer Cup 2026,Marketing
3792,Summer Cup 2026,Marketing
3793,Summer Cup 2026,Marketing
3794,Summer Cup 2026,Marketing
3795,Summer Cup 2026,Marketing
3796,Summer Cup 2026,Marketing
3797,Summer Cup 2026,Marketing
3798,Summer Cup 2026,Marketing
3799,Summer Cup 2026,Marketing
3800,Non-campaign,Transactional
3801,Summer Cup 2026,Marketing
3802,Summer Cup 2026,Marketing
3803,Summer Cup 2026,Marketing
3804,Summer Cup 2026,Marketing
3805,Summer Cup 2026,Marketing
3806,Summer Cup 2026,Marketing
3807,Non-campaign,Transactional
3808,Summer Cup 2026,Marketing
3809,Summer Cup 2026,Marketing
3810,Summer Cup 2026,Marketing
3811,Summer Cup 2026,Marketing
3812,Summer Cup 2026,Marketing
3813,Summer Cup 2026,Marketing
3814,Summer Cup 2026,Marketing
3815,Summer Cup 2026,Marketing
3816,Summer Cup 2026,Marketing
3817,Summer Cup 2026,Marketing
3818,Summer Cup 2026,Marketing
3819,Summer Cup 2026,Marketing
3820,Summer Cup 2026,Marketing
3821,Summer Cup 2026,Marketing
3822,Summer Cup 2026,Marketing
3823,Summer Cup 2026,Marketing
3824,Summer Cup 2026,Marketing
3825,Summer Cup 2026,Marketing
3826,Summer Cup 2026,Marketing
3827,Summer Cup 2026,Marketing
3828,Summer Cup 2026,Marketing
3829,Summer Cup 2026,Marketing
3830,Summer Cup 2026,Marketing
3831,Summer Cup 2026,Marketing
3832,Summer Cup 2026,Marketing
3833,Summer Cup 2026,Marketing
3834,Summer Cup 2026,Marketing
3835,Summer Cup 2026,Marketing
3836,Summer Cup 2026,Marketing
3837,Summer Cup 2026,Marketing
3838,Summer Cup 2026,Marketing
3839,Summer Cup 2026,Marketing
3840,Summer Cup 2026,Marketing
3841,Summer Cup 2026,Marketing
3842,Summer Cup 2026,Marketing
3843,Summer Cup 2026,Marketing
3844,Summer Cup 2026,Marketing
3845,Summer Cup 2026,Marketing
3846,Summer Cup 2026,Marketing
3847,Summer Cup 2026,Marketing
3848,Summer Cup 2026,Marketing
3849,Non-campaign,Operational
3850,Summer Cup 2026,Marketing
3851,Summer Cup 2026,Marketing
3852,Summer Cup 2026,Marketing
3853,Summer Cup 2026,Marketing
3854,Summer Cup 2026,Marketing
3855,Summer Cup 2026,Marketing
3856,Summer Cup 2026,Marketing
3857,Summer Cup 2026,Marketing
3858,Summer Cup 2026,Marketing
3859,Summer Cup 2026,Marketing
3860,Summer Cup 2026,Marketing
3861,Summer Cup 2026,Marketing
3862,Summer Cup 2026,Marketing
3863,Summer Cup 2026,Marketing
3864,Non-campaign,Transactional
3865,Summer Cup 2026,Marketing
3866,Summer Cup 2026,Marketing
3867,Summer Cup 2026,Marketing
3868,Summer Cup 2026,Marketing
3869,Summer Cup 2026,Marketing
3870,Summer Cup 2026,Marketing
3871,Summer Cup 2026,Marketing
3872,Summer Cup 2026,Marketing
3873,Summer Cup 2026,Marketing
3874,Summer Cup 2026,Marketing
3875,Summer Cup 2026,Marketing
3876,Summer Cup 2026,Marketing
3877,Summer Cup 2026,Marketing
3878,Summer Cup 2026,Marketing
3879,Summer Cup 2026,Marketing
3880,Summer Cup 2026,Marketing
3881,Summer Cup 2026,Marketing
3882,Summer Cup 2026,Marketing
3883,Summer Cup 2026,Marketing
3884,Summer Cup 2026,Marketing
3885,Summer Cup 2026,Marketing
3886,Summer Cup 2026,Marketing
3887,Summer Cup 2026,Marketing
3888,Summer Cup 2026,Marketing
3889,Summer Cup 2026,Marketing
3890,Summer Cup 2026,Marketing
3891,Summer Cup 2026,Marketing
3892,Summer Cup 2026,Marketing
3893,Summer Cup 2026,Marketing
3894,Summer Cup 2026,Marketing
3895,Summer Cup 2026,Marketing
3896,Summer Cup 2026,Marketing
3897,Summer Cup 2026,Marketing
3898,Summer Cup 2026,Marketing
3899,Summer Cup 2026,Marketing
3900,Summer Cup 2026,Marketing
3901,Summer Cup 2026,Marketing
3902,Summer Cup 2026,Marketing
3903,Summer Cup 2026,Marketing
3904,Summer Cup 2026,Marketing
3905,Summer Cup 2026,Marketing
3906,Summer Cup 2026,Marketing
3907,Summer Cup 2026,Marketing
3908,Summer Cup 2026,Marketing
3909,Summer Cup 2026,Marketing
3910,Summer Cup 2026,Marketing
3911,Summer Cup 2026,Marketing
3912,Summer Cup 2026,Marketing
3913,Summer Cup 2026,Marketing
3914,Summer Cup 2026,Marketing
3915,Summer Cup 2026,Marketing
3916,Summer Cup 2026,Marketing
3917,Summer Cup 2026,Marketing
3918,Summer Cup 2026,Marketing
3919,Summer Cup 2026,Marketing
3920,Summer Cup 2026,Marketing
3921,Summer Cup 2026,Marketing
3922,Summer Cup 2026,Marketing
3923,Summer Cup 2026,Marketing
3924,Summer Cup 2026,Marketing
3925,Summer Cup 2026,Marketing
3926,Summer Cup 2026,Marketing
3927,Summer Cup 2026,Marketing
3928,Summer Cup 2026,Marketing
3929,Summer Cup 2026,Marketing
3930,Summer Cup 2026,Marketing
3931,Summer Cup 2026,Marketing
3932,Summer Cup 2026,Marketing
3933,Summer Cup 2026,Marketing
3934,Summer Cup 2026,Marketing
3935,Summer Cup 2026,Marketing
3936,Summer Cup 2026,Marketing
3937,Summer Cup 2026,Marketing
3938,Summer Cup 2026,Marketing
3939,Summer Cup 2026,Marketing
3940,Summer Cup 2026,Marketing
3941,Summer Cup 2026,Marketing
3942,Non-campaign,Operational
3943,Summer Cup 2026,Marketing
3944,Summer Cup 2026,Marketing
3945,Summer Cup 2026,Marketing
3946,Summer Cup 2026,Marketing
3947,Summer Cup 2026,Marketing
3948,Summer Cup 2026,Marketing
3949,Summer Cup 2026,Marketing
3950,Summer Cup 2026,Marketing
3951,Summer Cup 2026,Marketing
3952,Summer Cup 2026,Marketing
3953,Summer Cup 2026,Marketing
3954,Summer Cup 2026,Marketing
3955,Summer Cup 2026,Marketing
3956,Summer Cup 2026,Marketing
3957,Summer Cup 2026,Marketing
3958,Summer Cup 2026,Marketing
3959,Summer Cup 2026,Marketing
3960,Summer Cup 2026,Marketing
3961,Summer Cup 2026,Marketing
3962,Summer Cup 2026,Marketing
3963,Summer Cup 2026,Marketing
3964,Summer Cup 2026,Marketing
3965,Non-campaign,Operational
3966,Non-campaign,Transactional
3967,Summer Cup 2026,Marketing
3968,Summer Cup 2026,Marketing
3969,Summer Cup 2026,Marketing
3970,Summer Cup 2026,Marketing
3971,Summer Cup 2026,Marketing
3972,Summer Cup 2026,Marketing
3973,Summer Cup 2026,Marketing
3974,Summer Cup 2026,Marketing
3975,Summer Cup 2026,Marketing
3976,Summer Cup 2026,Marketing
3977,Summer Cup 2026,Marketing
3978,Summer Cup 2026,Marketing
3979,Summer Cup 2026,Marketing
3980,Summer Cup 2026,Marketing
3981,Summer Cup 2026,Marketing
3982,Summer Cup 2026,Marketing
3983,Summer Cup 2026,Marketing
3984,Summer Cup 2026,Marketing
3985,Summer Cup 2026,Marketing
3986,Summer Cup 2026,Marketing
3987,Summer Cup 2026,Marketing
3988,Summer Cup 2026,Marketing
3989,Summer Cup 2026,Marketing
3990,Summer Cup 2026,Marketing
3991,Summer Cup 2026,Marketing
3992,Summer Cup 2026,Marketing
3993,Summer Cup 2026,Marketing
3994,Summer Cup 2026,Marketing
3995,Summer Cup 2026,Marketing
3996,Summer Cup 2026,Marketing
3997,Summer Cup 2026,Marketing
3998,Summer Cup 2026,Marketing
3999,Summer Cup 2026,Marketing
4000,Summer Cup 2026,Marketing
4001,Summer Cup 2026,Marketing
4002,Summer Cup 2026,Marketing
4003,Summer Cup 2026,Marketing
4004,Summer Cup 2026,Marketing
4005,Summer Cup 2026,Marketing
4006,Summer Cup 2026,Marketing
4007,Summer Cup 2026,Marketing
4008,Summer Cup 2026,Marketing
4009,Summer Cup 2026,Marketing
4010,Summer Cup 2026,Marketing
4011,Summer Cup 2026,Marketing
4012,Summer Cup 2026,Marketing
4013,Summer Cup 2026,Marketing
4014,Summer Cup 2026,Marketing
4015,Summer Cup 2026,Marketing
4016,Summer Cup 2026,Marketing
4017,Summer Cup 2026,Marketing
4018,Summer Cup 2026,Marketing
4019,Summer Cup 2026,Marketing
4020,Summer Cup 2026,Marketing
4021,Non-campaign,Transactional
4022,Summer Cup 2026,Marketing
4023,Summer Cup 2026,Marketing
4024,Summer Cup 2026,Marketing
4025,Summer Cup 2026,Marketing
4026,Summer Cup 2026,Marketing
4027,Summer Cup 2026,Marketing
4028,Summer Cup 2026,Marketing
4029,Summer Cup 2026,Marketing
4030,Summer Cup 2026,Marketing
4031,Summer Cup 2026,Marketing
4032,Summer Cup 2026,Marketing
4033,Summer Cup 2026,Marketing
4034,Summer Cup 2026,Marketing
4035,Summer Cup 2026,Marketing
4036,Summer Cup 2026,Marketing
4037,Summer Cup 2026,Marketing
4038,Summer Cup 2026,Marketing
4039,Summer Cup 2026,Marketing
4040,Summer Cup 2026,Marketing
4041,Summer Cup 2026,Marketing
4042,Summer Cup 2026,Marketing
4043,Summer Cup 2026,Marketing
4044,Summer Cup 2026,Marketing
4045,Summer Cup 2026,Marketing
4046,Summer Cup 2026,Marketing
4047,Summer Cup 2026,Marketing
4048,Summer Cup 2026,Marketing
4049,Summer Cup 2026,Marketing
4050,Summer Cup 2026,Marketing
4051,Summer Cup 2026,Marketing
4052,Summer Cup 2026,Marketing
4053,Summer Cup 2026,Marketing
4054,Summer Cup 2026,Marketing
4055,Summer Cup 2026,Marketing
4056,Summer Cup 2026,Marketing
4057,Summer Cup 2026,Marketing
4058,Summer Cup 2026,Marketing
4059,Summer Cup 2026,Marketing
4060,Summer Cup 2026,Marketing
4061,Summer Cup 2026,Marketing
4062,Summer Cup 2026,Marketing
4063,Summer Cup 2026,Marketing
4064,Summer Cup 2026,Marketing
4065,Summer Cup 2026,Marketing
4066,Summer Cup 2026,Marketing
4067,Summer Cup 2026,Marketing
4068,Summer Cup 2026,Marketing
4069,Summer Cup 2026,Marketing
4070,Summer Cup 2026,Marketing
4071,Summer Cup 2026,Marketing
4072,Fall Kickoff 2026,Marketing
4073,Summer Cup 2026,Marketing
4074,Summer Cup 2026,Marketing
4075,Summer Cup 2026,Marketing
4076,Summer Cup 2026,Marketing
4077,Summer Cup 2026,Marketing
4078,Summer Cup 2026,Marketing
4079,Summer Cup 2026,Marketing
4080,Summer Cup 2026,Marketing
4081,Summer Cup 2026,Marketing
4082,Non-campaign,Transactional
4083,Summer Cup 2026,Marketing
4084,Summer Cup 2026,Marketing
4085,Summer Cup 2026,Marketing
4086,Summer Cup 2026,Marketing
4087,Summer Cup 2026,Marketing
4088,Summer Cup 2026,Marketing
4089,Summer Cup 2026,Marketing
4090,Summer Cup 2026,Marketing
4091,Summer Cup 2026,Marketing
4092,Summer Cup 2026,Marketing
4093,Summer Cup 2026,Marketing
4094,Fall Kickoff 2026,Marketing
4095,Summer Cup 2026,Marketing
4096,Summer Cup 2026,Marketing
4097,Summer Cup 2026,Marketing
4098,Fall Kickoff 2026,Marketing
4099,Summer Cup 2026,Marketing
4100,Summer Cup 2026,Marketing
4101,Summer Cup 2026,Marketing
4102,Summer Cup 2026,Marketing
4103,Summer Cup 2026,Marketing
4104,Summer Cup 2026,Marketing
4105,Summer Cup 2026,Marketing
4106,Summer Cup 2026,Marketing
4107,Summer Cup 2026,Marketing
4108,Summer Cup 2026,Marketing
4109,Summer Cup 2026,Marketing
4110,Summer Cup 2026,Marketing
4111,Non-campaign,Transactional
4112,Summer Cup 2026,Marketing
4113,Summer Cup 2026,Marketing
4114,Summer Cup 2026,Marketing
4115,Summer Cup 2026,Marketing
4116,Fall Kickoff 2026,Marketing
4117,Summer Cup 2026,Marketing
4118,Summer Cup 2026,Marketing
4119,Summer Cup 2026,Marketing
4120,Summer Cup 2026,Marketing
4121,Summer Cup 2026,Marketing
4122,Fall Kickoff 2026,Marketing
4123,Non-campaign,Operational
4124,Summer Cup 2026,Marketing
4125,Summer Cup 2026,Marketing
4126,Summer Cup 2026,Marketing
4127,Summer Cup 2026,Marketing
4128,Summer Cup 2026,Marketing
4129,Summer Cup 2026,Marketing
4130,Fall Kickoff 2026,Marketing
4131,Summer Cup 2026,Marketing
4132,Fall Kickoff 2026,Marketing
4133,Fall Kickoff 2026,Marketing
4134,Summer Cup 2026,Marketing
4135,Summer Cup 2026,Marketing
4136,Summer Cup 2026,Marketing
4137,Summer Cup 2026,Marketing
4138,Summer Cup 2026,Marketing
4139,Summer Cup 2026,Marketing
4140,Summer Cup 2026,Marketing
4141,Summer Cup 2026,Marketing
4142,Summer Cup 2026,Marketing
4143,Summer Cup 2026,Marketing
4144,Summer Cup 2026,Marketing
4145,Summer Cup 2026,Marketing
4146,Summer Cup 2026,Marketing
4147,Summer Cup 2026,Marketing
4148,Summer Cup 2026,Marketing
4149,Summer Cup 2026,Marketing
4150,Summer Cup 2026,Marketing
4151,Summer Cup 2026,Marketing
4152,Summer Cup 2026,Marketing
4153,Fall Kickoff 2026,Marketing
4154,Fall Kickoff 2026,Marketing
4155,Fall Kickoff 2026,Marketing
4156,Summer Cup 2026,Marketing
4157,Summer Cup 2026,Marketing
4158,Summer Cup 2026,Marketing
4159,Summer Cup 2026,Marketing
4160,Summer Cup 2026,Marketing
4161,Summer Cup 2026,Marketing
4162,Summer Cup 2026,Marketing
4163,Summer Cup 2026,Marketing
4164,Summer Cup 2026,Marketing
4165,Summer Cup 2026,Marketing
4166,Summer Cup 2026,Marketing
4167,Summer Cup 2026,Marketing
4168,Summer Cup 2026,Marketing
4169,Summer Cup 2026,Marketing
4170,Summer Cup 2026,Marketing
4171,Summer Cup 2026,Marketing
4172,Summer Cup 2026,Marketing
4173,Summer Cup 2026,Marketing
4174,Summer Cup 2026,Marketing
4175,Summer Cup 2026,Marketing
4176,Summer Cup 2026,Marketing
4177,Summer Cup 2026,Marketing
4178,Summer Cup 2026,Marketing
4179,Summer Cup 2026,Marketing
4180,Non-campaign,Operational
4181,Fall Kickoff 2026,Marketing
4182,Fall Kickoff 2026,Marketing
4183,Summer Cup 2026,Marketing
4184,Summer Cup 2026,Marketing
4185,Summer Cup 2026,Marketing
4186,Summer Cup 2026,Marketing
4187,Summer Cup 2026,Marketing
4188,Summer Cup 2026,Marketing
4189,Summer Cup 2026,Marketing
4190,Summer Cup 2026,Marketing
4191,Summer Cup 2026,Marketing
4192,Summer Cup 2026,Marketing
4193,Summer Cup 2026,Marketing
4194,Summer Cup 2026,Marketing
4195,Summer Cup 2026,Marketing
4196,Summer Cup 2026,Marketing
4197,Summer Cup 2026,Marketing
4198,Summer Cup 2026,Marketing
4199,Non-campaign,Transactional
4200,Summer Cup 2026,Marketing
4201,Summer Cup 2026,Marketing
4202,Summer Cup 2026,Marketing
4203,Summer Cup 2026,Marketing
4204,Summer Cup 2026,Marketing
4205,Summer Cup 2026,Marketing
4206,Summer Cup 2026,Marketing
4207,Summer Cup 2026,Marketing
4208,Non-campaign,Operational
4209,Summer Cup 2026,Marketing
4210,Summer Cup 2026,Marketing
4211,Summer Cup 2026,Marketing
4212,Non-campaign,Transactional
4213,Summer Cup 2026,Marketing
4214,Summer Cup 2026,Marketing
4215,Summer Cup 2026,Marketing
4216,Summer Cup 2026,Marketing
4217,Summer Cup 2026,Marketing
4218,Summer Cup 2026,Marketing
4219,Summer Cup 2026,Marketing
4220,Summer Cup 2026,Marketing
4221,Summer Cup 2026,Marketing
4222,Summer Cup 2026,Marketing
4223,Summer Cup 2026,Marketing
4224,Summer Cup 2026,Marketing
4225,Summer Cup 2026,Marketing
4226,Summer Cup 2026,Marketing
4227,Summer Cup 2026,Marketing
4228,Fall Kickoff 2026,Marketing
4229,Summer Cup 2026,Marketing
4230,Summer Cup 2026,Marketing
4231,Summer Cup 2026,Marketing
4232,Summer Cup 2026,Marketing
4233,Summer Cup 2026,Marketing
4234,Summer Cup 2026,Marketing
4235,Summer Cup 2026,Marketing
4236,Summer Cup 2026,Marketing
4237,Fall Kickoff 2026,Marketing
4238,Summer Cup 2026,Marketing
4239,Summer Cup 2026,Marketing
4240,Summer Cup 2026,Marketing
4241,Summer Cup 2026,Marketing
4242,Summer Cup 2026,Marketing
4243,Summer Cup 2026,Marketing
4244,Summer Cup 2026,Marketing
4245,Non-campaign,Transactional
4246,Summer Cup 2026,Marketing
4247,Summer Cup 2026,Marketing
4248,Summer Cup 2026,Marketing
4249,Summer Cup 2026,Marketing
4250,Summer Cup 2026,Marketing
4251,Summer Cup 2026,Marketing
4252,Fall Kickoff 2026,Marketing
4253,Fall Kickoff 2026,Marketing
4254,Summer Cup 2026,Marketing
4255,Summer Cup 2026,Marketing
4256,Summer Cup 2026,Marketing
4257,Summer Cup 2026,Marketing
4258,Summer Cup 2026,Marketing
4259,Summer Cup 2026,Marketing
4260,Summer Cup 2026,Marketing
4261,Summer Cup 2026,Marketing
4262,Summer Cup 2026,Marketing
4263,Non-campaign,Operational
4264,Summer Cup 2026,Marketing
4265,Summer Cup 2026,Marketing
4266,Summer Cup 2026,Marketing
4267,Summer Cup 2026,Marketing
4268,Summer Cup 2026,Marketing
4269,Fall Kickoff 2026,Marketing
4270,Fall Kickoff 2026,Marketing
4271,Summer Cup 2026,Marketing
4272,Summer Cup 2026,Marketing
4273,Summer Cup 2026,Marketing
4274,Summer Cup 2026,Marketing
4275,Summer Cup 2026,Marketing
4276,Summer Cup 2026,Marketing
4277,Summer Cup 2026,Marketing
4278,Summer Cup 2026,Marketing
4279,Summer Cup 2026,Marketing
4280,Summer Cup 2026,Marketing
4281,Fall Kickoff 2026,Marketing
4282,Summer Cup 2026,Marketing
4283,Summer Cup 2026,Marketing
4284,Summer Cup 2026,Marketing
4285,Summer Cup 2026,Marketing
4286,Summer Cup 2026,Marketing
4287,Summer Cup 2026,Marketing
4288,Summer Cup 2026,Marketing
4289,Summer Cup 2026,Marketing
4290,Summer Cup 2026,Marketing
4291,Summer Cup 2026,Marketing
4292,Summer Cup 2026,Marketing
4293,Summer Cup 2026,Marketing
4294,Summer Cup 2026,Marketing
4295,Summer Cup 2026,Marketing
4296,Summer Cup 2026,Marketing
4297,Summer Cup 2026,Marketing
4298,Fall Kickoff 2026,Marketing
4299,Summer Cup 2026,Marketing
4300,Fall Kickoff 2026,Marketing
4301,Summer Cup 2026,Marketing
4302,Summer Cup 2026,Marketing
4303,Fall Kickoff 2026,Marketing
4304,Summer Cup 2026,Marketing
4305,Summer Cup 2026,Marketing
4306,Summer Cup 2026,Marketing
4307,Fall Kickoff 2026,Marketing
4308,Summer Cup 2026,Marketing
4309,Summer Cup 2026,Marketing
4310,Summer Cup 2026,Marketing
4311,Summer Cup 2026,Marketing
4312,Summer Cup 2026,Marketing
4313,Summer Cup 2026,Marketing
4314,Summer Cup 2026,Marketing
4315,Fall Kickoff 2026,Marketing
4316,Fall Kickoff 2026,Marketing
4317,Fall Kickoff 2026,Marketing
4318,Non-campaign,Transactional
4319,Summer Cup 2026,Marketing
4320,Summer Cup 2026,Marketing
4321,Summer Cup 2026,Marketing
4322,Summer Cup 2026,Marketing
4323,Summer Cup 2026,Marketing
4324,Summer Cup 2026,Marketing
4325,Summer Cup 2026,Marketing
4326,Summer Cup 2026,Marketing
4327,Fall Kickoff 2026,Marketing
4328,Fall Kickoff 2026,Marketing
4329,Fall Kickoff 2026,Marketing
4330,Fall Kickoff 2026,Marketing
4331,Fall Kickoff 2026,Marketing
4332,Fall Kickoff 2026,Marketing
4333,Fall Kickoff 2026,Marketing
4334,Fall Kickoff 2026,Marketing
4335,Fall Kickoff 2026,Marketing
4336,Fall Kickoff 2026,Marketing
4337,Non-campaign,Transactional
4338,Fall Kickoff 2026,Marketing
4339,Fall Kickoff 2026,Marketing
4340,Fall Kickoff 2026,Marketing
4341,Fall Kickoff 2026,Marketing
4342,Fall Kickoff 2026,Marketing
4343,Non-campaign,Operational
4344,Fall Kickoff 2026,Marketing
4345,Fall Kickoff 2026,Marketing
4346,Fall Kickoff 2026,Marketing
4347,Fall Kickoff 2026,Marketing
4348,Fall Kickoff 2026,Marketing
4349,Fall Kickoff 2026,Marketing
4350,Fall Kickoff 2026,Marketing
4351,Fall Kickoff 2026,Marketing
4352,Fall Kickoff 2026,Marketing
4353,Fall Kickoff 2026,Marketing
4354,Fall Kickoff 2026,Marketing
4355,Fall Kickoff 2026,Marketing
4356,Fall Kickoff 2026,Marketing
4357,Fall Kickoff 2026,Marketing
4358,Fall Kickoff 2026,Marketing
4359,Non-campaign,Operational
4360,Fall Kickoff 2026,Marketing
4361,Fall Kickoff 2026,Marketing
4362,Fall Kickoff 2026,Marketing
4363,Fall Kickoff 2026,Marketing
4364,Non-campaign,Transactional
4365,Fall Kickoff 2026,Marketing
4366,Fall Kickoff 2026,Marketing
4367,Fall Kickoff 2026,Marketing
4368,Fall Kickoff 2026,Marketing
4369,Fall Kickoff 2026,Marketing
4370,Fall Kickoff 2026,Marketing
4371,Fall Kickoff 2026,Marketing
4372,Fall Kickoff 2026,Marketing
4373,Fall Kickoff 2026,Marketing
4374,Fall Kickoff 2026,Marketing
4375,Fall Kickoff 2026,Marketing
4376,Fall Kickoff 2026,Marketing
4377,Non-campaign,Transactional
4378,Fall Kickoff 2026,Marketing
4379,Fall Kickoff 2026,Marketing
4380,Fall Kickoff 2026,Marketing
4381,Non-campaign,Transactional
4382,Fall Kickoff 2026,Marketing
4383,Fall Kickoff 2026,Marketing
4384,Fall Kickoff 2026,Marketing
4385,Fall Kickoff 2026,Marketing
4386,Fall Kickoff 2026,Marketing
4387,Fall Kickoff 2026,Marketing
4388,Non-campaign,Operational
4389,Non-campaign,Operational
4390,Fall Kickoff 2026,Marketing
4391,Fall Kickoff 2026,Marketing
4392,Fall Kickoff 2026,Marketing
4393,Fall Kickoff 2026,Marketing
4394,Fall Kickoff 2026,Marketing
4395,Fall Kickoff 2026,Marketing
4396,Fall Kickoff 2026,Marketing
4397,Fall Kickoff 2026,Marketing
4398,Fall Kickoff 2026,Marketing
4399,Fall Kickoff 2026,Marketing
4400,Fall Kickoff 2026,Marketing
4401,Pinecrest Fall Fest 2026,Marketing
4402,Fall Kickoff 2026,Marketing
4403,Fall Kickoff 2026,Marketing
4404,Non-campaign,Transactional
4405,Fall Kickoff 2026,Marketing
4406,Fall Kickoff 2026,Marketing
4407,Fall Kickoff 2026,Marketing
4408,Fall Kickoff 2026,Marketing
4409,Non-campaign,Transactional
4410,Non-campaign,Transactional
4411,Fall Kickoff 2026,Marketing
4412,Fall Kickoff 2026,Marketing
4413,Fall Kickoff 2026,Marketing
4414,Fall Kickoff 2026,Marketing
4415,Fall Kickoff 2026,Marketing
4416,Non-campaign,Operational
4417,Fall Kickoff 2026,Marketing
4418,Fall Kickoff 2026,Marketing
4419,Fall Kickoff 2026,Marketing
4420,Fall Kickoff 2026,Marketing
4421,Pinecrest Fall Fest 2026,Marketing
4422,Fall Kickoff 2026,Marketing
4423,Non-campaign,Transactional
4424,Fall Kickoff 2026,Marketing
4425,Fall Kickoff 2026,Marketing
4426,Fall Kickoff 2026,Marketing
4427,Fall Kickoff 2026,Marketing
4428,Fall Kickoff 2026,Marketing
4429,Fall Kickoff 2026,Marketing
4430,Fall Kickoff 2026,Marketing
4431,Fall Kickoff 2026,Marketing
4432,Non-campaign,Operational
4433,Non-campaign,Operational
4434,Fall Kickoff 2026,Marketing
4435,Fall Kickoff 2026,Marketing
4436,Fall Kickoff 2026,Marketing
4437,Fall Kickoff 2026,Marketing
4438,Fall Kickoff 2026,Marketing
4439,Pinecrest Fall Fest 2026,Marketing
4440,Pinecrest Fall Fest 2026,Marketing
4441,Fall Kickoff 2026,Marketing
4442,Fall Kickoff 2026,Marketing
4443,Fall Kickoff 2026,Marketing
4444,Fall Kickoff 2026,Marketing
4445,Fall Kickoff 2026,Marketing
4446,Fall Kickoff 2026,Marketing
4447,Fall Kickoff 2026,Marketing
4448,Fall Kickoff 2026,Marketing
4449,Fall Kickoff 2026,Marketing
4450,Fall Kickoff 2026,Marketing
4451,Fall Kickoff 2026,Marketing
4452,Fall Kickoff 2026,Marketing
4453,Non-campaign,Operational
4454,Fall Kickoff 2026,Marketing
4455,Fall Kickoff 2026,Marketing
4456,Fall Kickoff 2026,Marketing
4457,Pinecrest Fall Fest 2026,Marketing
4458,Fall Kickoff 2026,Marketing
4459,Fall Kickoff 2026,Marketing
4460,Fall Kickoff 2026,Marketing
4461,Fall Kickoff 2026,Marketing
4462,Fall Kickoff 2026,Marketing
4463,Fall Kickoff 2026,Marketing
4464,Fall Kickoff 2026,Marketing
4465,Fall Kickoff 2026,Marketing
4466,Fall Kickoff 2026,Marketing
4467,Fall Kickoff 2026,Marketing
4468,Fall Kickoff 2026,Marketing
4469,Fall Kickoff 2026,Marketing
4470,Fall Kickoff 2026,Marketing
4471,Fall Kickoff 2026,Marketing
4472,Fall Kickoff 2026,Marketing
4473,Fall Kickoff 2026,Marketing
4474,Fall Kickoff 2026,Marketing
4475,Fall Kickoff 2026,Marketing
4476,Fall Kickoff 2026,Marketing
4477,Fall Kickoff 2026,Marketing
4478,Fall Kickoff 2026,Marketing
4479,Non-campaign,Transactional
4480,Fall Kickoff 2026,Marketing
4481,Fall Kickoff 2026,Marketing
4482,Fall Kickoff 2026,Marketing
4483,Fall Kickoff 2026,Marketing
4484,Fall Kickoff 2026,Marketing
4485,Pinecrest Fall Fest 2026,Marketing
4486,Pinecrest Fall Fest 2026,Marketing
4487,Fall Kickoff 2026,Marketing
4488,Fall Kickoff 2026,Marketing
4489,Fall Kickoff 2026,Marketing
4490,Fall Kickoff 2026,Marketing
4491,Fall Kickoff 2026,Marketing
4492,Non-campaign,Operational
4493,Fall Kickoff 2026,Marketing
4494,Fall Kickoff 2026,Marketing
4495,Fall Kickoff 2026,Marketing
4496,Fall Kickoff 2026,Marketing
4497,Fall Kickoff 2026,Marketing
4498,Fall Kickoff 2026,Marketing
4499,Fall Kickoff 2026,Marketing
4500,Non-campaign,Transactional
4501,Fall Kickoff 2026,Marketing
4502,Fall Kickoff 2026,Marketing
4503,Fall Kickoff 2026,Marketing
4504,Fall Kickoff 2026,Marketing
4505,Pinecrest Fall Fest 2026,Marketing
4506,Fall Kickoff 2026,Marketing
4507,Fall Kickoff 2026,Marketing
4508,Fall Kickoff 2026,Marketing
4509,Fall Kickoff 2026,Marketing
4510,Fall Kickoff 2026,Marketing
4511,Fall Kickoff 2026,Marketing
4512,Fall Kickoff 2026,Marketing
4513,Fall Kickoff 2026,Marketing
4514,Fall Kickoff 2026,Marketing
4515,Fall Kickoff 2026,Marketing
4516,Fall Kickoff 2026,Marketing
4517,Fall Kickoff 2026,Marketing
4518,Fall Kickoff 2026,Marketing
4519,Pinecrest Fall Fest 2026,Marketing
4520,Pinecrest Fall Fest 2026,Marketing
4521,Pinecrest Fall Fest 2026,Marketing
4522,Pinecrest Fall Fest 2026,Marketing
4523,Fall Kickoff 2026,Marketing
4524,Fall Kickoff 2026,Marketing
4525,Fall Kickoff 2026,Marketing
4526,Non-campaign,Transactional
4527,Fall Kickoff 2026,Marketing
4528,Fall Kickoff 2026,Marketing
4529,Fall Kickoff 2026,Marketing
4530,Fall Kickoff 2026,Marketing
4531,Fall Kickoff 2026,Marketing
4532,Non-campaign,Transactional
4533,Non-campaign,Operational
4534,Fall Kickoff 2026,Marketing
4535,Fall Kickoff 2026,Marketing
4536,Fall Kickoff 2026,Marketing
4537,Fall Kickoff 2026,Marketing
4538,Pinecrest Fall Fest 2026,Marketing
4539,Pinecrest Fall Fest 2026,Marketing
4540,Fall Kickoff 2026,Marketing
4541,Fall Kickoff 2026,Marketing
4542,Fall Kickoff 2026,Marketing
4543,Fall Kickoff 2026,Marketing
4544,Fall Kickoff 2026,Marketing
4545,Fall Kickoff 2026,Marketing
4546,Fall Kickoff 2026,Marketing
4547,Fall Kickoff 2026,Marketing
4548,Fall Kickoff 2026,Marketing
4549,Fall Kickoff 2026,Marketing
4550,Fall Kickoff 2026,Marketing
4551,Fall Kickoff 2026,Marketing
4552,Non-campaign,Transactional
4553,Fall Kickoff 2026,Marketing
4554,Fall Kickoff 2026,Marketing
4555,Fall Kickoff 2026,Marketing
4556,Fall Kickoff 2026,Marketing
4557,Fall Kickoff 2026,Marketing
4558,Fall Kickoff 2026,Marketing
4559,Fall Kickoff 2026,Marketing
4560,Fall Kickoff 2026,Marketing
4561,Pinecrest Fall Fest 2026,Marketing
4562,Pinecrest Fall Fest 2026,Marketing
4563,Pinecrest Fall Fest 2026,Marketing
4564,Fall Kickoff 2026,Marketing
4565,Fall Kickoff 2026,Marketing
4566,Fall Kickoff 2026,Marketing
4567,Fall Kickoff 2026,Marketing
4568,Fall Kickoff 2026,Marketing
4569,Fall Kickoff 2026,Marketing
4570,Fall Kickoff 2026,Marketing
4571,Fall Kickoff 2026,Marketing
4572,Fall Kickoff 2026,Marketing
4573,Fall Kickoff 2026,Marketing
4574,Fall Kickoff 2026,Marketing
4575,Fall Kickoff 2026,Marketing
4576,Fall Kickoff 2026,Marketing
4577,Fall Kickoff 2026,Marketing
4578,Fall Kickoff 2026,Marketing
4579,Fall Kickoff 2026,Marketing
4580,Fall Kickoff 2026,Marketing
4581,Fall Kickoff 2026,Marketing
4582,Non-campaign,Transactional
4583,Pinecrest Fall Fest 2026,Marketing
4584,Pinecrest Fall Fest 2026,Marketing
4585,Pinecrest Fall Fest 2026,Marketing
4586,Pinecrest Fall Fest 2026,Marketing
4587,Pinecrest Fall Fest 2026,Marketing
4588,Fall Kickoff 2026,Marketing
4589,Fall Kickoff 2026,Marketing
4590,Fall Kickoff 2026,Marketing
4591,Fall Kickoff 2026,Marketing
4592,Fall Kickoff 2026,Marketing
4593,Fall Kickoff 2026,Marketing
4594,Fall Kickoff 2026,Marketing
4595,Fall Kickoff 2026,Marketing
4596,Fall Kickoff 2026,Marketing
4597,Fall Kickoff 2026,Marketing
4598,Fall Kickoff 2026,Marketing
4599,Fall Kickoff 2026,Marketing
4600,Non-campaign,Operational
4601,Fall Kickoff 2026,Marketing
4602,Fall Kickoff 2026,Marketing
4603,Fall Kickoff 2026,Marketing
4604,Fall Kickoff 2026,Marketing
4605,Fall Kickoff 2026,Marketing
4606,Pinecrest Fall Fest 2026,Marketing
4607,Pinecrest Fall Fest 2026,Marketing
4608,Fall Kickoff 2026,Marketing
4609,Fall Kickoff 2026,Marketing
4610,Fall Kickoff 2026,Marketing
4611,Fall Kickoff 2026,Marketing
4612,Fall Kickoff 2026,Marketing
4613,Fall Kickoff 2026,Marketing
4614,Fall Kickoff 2026,Marketing
4615,Fall Kickoff 2026,Marketing
4616,Fall Kickoff 2026,Marketing
4617,Fall Kickoff 2026,Marketing
4618,Fall Kickoff 2026,Marketing
4619,Fall Kickoff 2026,Marketing
4620,Fall Kickoff 2026,Marketing
4621,Fall Kickoff 2026,Marketing
4622,Fall Kickoff 2026,Marketing
4623,Fall Kickoff 2026,Marketing
4624,Fall Kickoff 2026,Marketing
4625,Fall Kickoff 2026,Marketing
4626,Fall Kickoff 2026,Marketing
4627,Fall Kickoff 2026,Marketing
4628,Fall Kickoff 2026,Marketing
4629,Fall Kickoff 2026,Marketing
4630,Fall Kickoff 2026,Marketing
4631,Pinecrest Fall Fest 2026,Marketing
4632,Pinecrest Fall Fest 2026,Marketing
4633,Fall Kickoff 2026,Marketing
4634,Fall Kickoff 2026,Marketing
4635,Fall Kickoff 2026,Marketing
4636,Fall Kickoff 2026,Marketing
4637,Fall Kickoff 2026,Marketing
4638,Non-campaign,Transactional
4639,Fall Kickoff 2026,Marketing
4640,Fall Kickoff 2026,Marketing
4641,Fall Kickoff 2026,Marketing
4642,Fall Kickoff 2026,Marketing
4643,Fall Kickoff 2026,Marketing
4644,Fall Kickoff 2026,Marketing
4645,Fall Kickoff 2026,Marketing
4646,Fall Kickoff 2026,Marketing
4647,Fall Kickoff 2026,Marketing
4648,Fall Kickoff 2026,Marketing
4649,Fall Kickoff 2026,Marketing
4650,Fall Kickoff 2026,Marketing
4651,Fall Kickoff 2026,Marketing
4652,Fall Kickoff 2026,Marketing
4653,Fall Kickoff 2026,Marketing
4654,Fall Kickoff 2026,Marketing
4655,Fall Kickoff 2026,Marketing
4656,Fall Kickoff 2026,Marketing
4657,Pinecrest Fall Fest 2026,Marketing
4658,Pinecrest Fall Fest 2026,Marketing
4659,Fall Kickoff 2026,Marketing
4660,Fall Kickoff 2026,Marketing
4661,Non-campaign,Operational
4662,Fall Kickoff 2026,Marketing
4663,Fall Kickoff 2026,Marketing
4664,Fall Kickoff 2026,Marketing
4665,Fall Kickoff 2026,Marketing
4666,Fall Kickoff 2026,Marketing
4667,Fall Kickoff 2026,Marketing
4668,Fall Kickoff 2026,Marketing
4669,Fall Kickoff 2026,Marketing
4670,Fall Kickoff 2026,Marketing
4671,Non-campaign,Operational
4672,Fall Kickoff 2026,Marketing
4673,Fall Kickoff 2026,Marketing
4674,Fall Kickoff 2026,Marketing
4675,Fall Kickoff 2026,Marketing
4676,Fall Kickoff 2026,Marketing
4677,Fall Kickoff 2026,Marketing
4678,Fall Kickoff 2026,Marketing
4679,Fall Kickoff 2026,Marketing
4680,Fall Kickoff 2026,Marketing
4681,Fall Kickoff 2026,Marketing
4682,Fall Kickoff 2026,Marketing
4683,Fall Kickoff 2026,Marketing
4684,Fall Kickoff 2026,Marketing
4685,Fall Kickoff 2026,Marketing
4686,Fall Kickoff 2026,Marketing
4687,Pinecrest Fall Fest 2026,Marketing
4688,Pinecrest Fall Fest 2026,Marketing
4689,Pinecrest Fall Fest 2026,Marketing
4690,Pinecrest Fall Fest 2026,Marketing
4691,Fall Kickoff 2026,Marketing
4692,Fall Kickoff 2026,Marketing
4693,Fall Kickoff 2026,Marketing
4694,Fall Kickoff 2026,Marketing
4695,Fall Kickoff 2026,Marketing
4696,Fall Kickoff 2026,Marketing
4697,Fall Kickoff 2026,Marketing
4698,Fall Kickoff 2026,Marketing
4699,Fall Kickoff 2026,Marketing
4700,Fall Kickoff 2026,Marketing
4701,Fall Kickoff 2026,Marketing
4702,Fall Kickoff 2026,Marketing
4703,Fall Kickoff 2026,Marketing
4704,Fall Kickoff 2026,Marketing
4705,Fall Kickoff 2026,Marketing
4706,Fall Kickoff 2026,Marketing
4707,Fall Kickoff 2026,Marketing
4708,Fall Kickoff 2026,Marketing
4709,Fall Kickoff 2026,Marketing
4710,Fall Kickoff 2026,Marketing
4711,Pinecrest Fall Fest 2026,Marketing
4712,Pinecrest Fall Fest 2026,Marketing
4713,Pinecrest Fall Fest 2026,Marketing
4714,Fall Kickoff 2026,Marketing
4715,Fall Kickoff 2026,Marketing
4716,Fall Kickoff 2026,Marketing
4717,Fall Kickoff 2026,Marketing
4718,Fall Kickoff 2026,Marketing
4719,Non-campaign,Transactional
4720,Fall Kickoff 2026,Marketing
4721,Fall Kickoff 2026,Marketing
4722,Fall Kickoff 2026,Marketing
4723,Fall Kickoff 2026,Marketing
4724,Fall Kickoff 2026,Marketing
4725,Fall Kickoff 2026,Marketing
4726,Fall Kickoff 2026,Marketing
4727,Fall Kickoff 2026,Marketing
4728,Fall Kickoff 2026,Marketing
4729,Fall Kickoff 2026,Marketing
4730,Fall Kickoff 2026,Marketing
4731,Non-campaign,Transactional
4732,Fall Kickoff 2026,Marketing
4733,Fall Kickoff 2026,Marketing
4734,Fall Kickoff 2026,Marketing
4735,Fall Kickoff 2026,Marketing
4736,Fall Kickoff 2026,Marketing
4737,Fall Kickoff 2026,Marketing
4738,Fall Kickoff 2026,Marketing
4739,Pinecrest Fall Fest 2026,Marketing
4740,Pinecrest Fall Fest 2026,Marketing
4741,Fall Kickoff 2026,Marketing
4742,Fall Kickoff 2026,Marketing
4743,Fall Kickoff 2026,Marketing
4744,Fall Kickoff 2026,Marketing
4745,Fall Kickoff 2026,Marketing
4746,Fall Kickoff 2026,Marketing
4747,Fall Kickoff 2026,Marketing
4748,Fall Kickoff 2026,Marketing
4749,Fall Kickoff 2026,Marketing
4750,Fall Kickoff 2026,Marketing
4751,Fall Kickoff 2026,Marketing
4752,Fall Kickoff 2026,Marketing
4753,Fall Kickoff 2026,Marketing
4754,Fall Kickoff 2026,Marketing
4755,Fall Kickoff 2026,Marketing
4756,Non-campaign,Operational
4757,Fall Kickoff 2026,Marketing
4758,Fall Kickoff 2026,Marketing
4759,Non-campaign,Transactional
4760,Non-campaign,Operational
4761,Fall Kickoff 2026,Marketing
4762,Non-campaign,Operational
4763,Fall Kickoff 2026,Marketing
4764,Fall Kickoff 2026,Marketing
4765,Fall Kickoff 2026,Marketing
4766,Fall Kickoff 2026,Marketing
4767,Fall Kickoff 2026,Marketing
4768,Non-campaign,Transactional
4769,Pinecrest Fall Fest 2026,Marketing
4770,Pinecrest Fall Fest 2026,Marketing
4771,Pinecrest Fall Fest 2026,Marketing
4772,Fall Kickoff 2026,Marketing
4773,Fall Kickoff 2026,Marketing
4774,Fall Kickoff 2026,Marketing
4775,Fall Kickoff 2026,Marketing
4776,Fall Kickoff 2026,Marketing
4777,Fall Kickoff 2026,Marketing
4778,Fall Kickoff 2026,Marketing
4779,Fall Kickoff 2026,Marketing
4780,Fall Kickoff 2026,Marketing
4781,Fall Kickoff 2026,Marketing
4782,Fall Kickoff 2026,Marketing
4783,Fall Kickoff 2026,Marketing
4784,Fall Kickoff 2026,Marketing
4785,Fall Kickoff 2026,Marketing
4786,Non-campaign,Transactional
4787,Non-campaign,Operational
4788,Non-campaign,Operational
4789,Fall Kickoff 2026,Marketing
4790,Fall Kickoff 2026,Marketing
4791,Fall Kickoff 2026,Marketing
4792,Fall Kickoff 2026,Marketing
4793,Fall Kickoff 2026,Marketing
4794,Fall Kickoff 2026,Marketing
4795,Fall Kickoff 2026,Marketing
4796,Pinecrest Fall Fest 2026,Marketing
4797,Pinecrest Fall Fest 2026,Marketing
4798,Pinecrest Fall Fest 2026,Marketing
4799,Pinecrest Fall Fest 2026,Marketing
4800,Pinecrest Fall Fest 2026,Marketing
4801,Fall Kickoff 2026,Marketing
4802,Non-campaign,Operational
4803,Fall Kickoff 2026,Marketing
4804,Fall Kickoff 2026,Marketing
4805,Fall Kickoff 2026,Marketing
4806,Fall Kickoff 2026,Marketing
4807,Fall Kickoff 2026,Marketing
4808,Fall Kickoff 2026,Marketing
4809,Fall Kickoff 2026,Marketing
4810,Fall Kickoff 2026,Marketing
4811,Fall Kickoff 2026,Marketing
4812,Fall Kickoff 2026,Marketing
4813,Fall Kickoff 2026,Marketing
4814,Pinecrest Fall Fest 2026,Marketing
4815,Fall Kickoff 2026,Marketing
4816,Fall Kickoff 2026,Marketing
4817,Fall Kickoff 2026,Marketing
4818,Fall Kickoff 2026,Marketing
4819,Fall Kickoff 2026,Marketing
4820,Fall Kickoff 2026,Marketing
4821,Fall Kickoff 2026,Marketing
4822,Fall Kickoff 2026,Marketing
4823,Fall Kickoff 2026,Marketing
4824,Fall Kickoff 2026,Marketing
4825,Fall Kickoff 2026,Marketing
4826,Fall Kickoff 2026,Marketing
4827,Fall Kickoff 2026,Marketing
4828,Fall Kickoff 2026,Marketing
4829,Fall Kickoff 2026,Marketing
4830,Pinecrest Fall Fest 2026,Marketing
4831,Fall Kickoff 2026,Marketing
4832,Fall Kickoff 2026,Marketing
4833,Fall Kickoff 2026,Marketing
4834,Fall Kickoff 2026,Marketing
4835,Fall Kickoff 2026,Marketing
4836,Fall Kickoff 2026,Marketing
4837,Fall Kickoff 2026,Marketing
4838,Fall Kickoff 2026,Marketing
4839,Fall Kickoff 2026,Marketing
4840,Non-campaign,Transactional
4841,Fall Kickoff 2026,Marketing
4842,Fall Kickoff 2026,Marketing
4843,Fall Kickoff 2026,Marketing
4844,Fall Kickoff 2026,Marketing
4845,Non-campaign,Operational
4846,Fall Kickoff 2026,Marketing
4847,Non-campaign,Transactional
4848,Fall Kickoff 2026,Marketing
4849,Non-campaign,Operational
4850,Fall Kickoff 2026,Marketing
4851,Fall Kickoff 2026,Marketing
4852,Fall Kickoff 2026,Marketing
4853,Pinecrest Fall Fest 2026,Marketing
4854,Fall Kickoff 2026,Marketing
4855,Fall Kickoff 2026,Marketing
4856,Fall Kickoff 2026,Marketing
4857,Fall Kickoff 2026,Marketing
4858,Fall Kickoff 2026,Marketing
4859,Fall Kickoff 2026,Marketing
4860,Fall Kickoff 2026,Marketing
4861,Fall Kickoff 2026,Marketing
4862,Fall Kickoff 2026,Marketing
4863,Fall Kickoff 2026,Marketing
4864,Fall Kickoff 2026,Marketing
4865,Non-campaign,Transactional
4866,Fall Kickoff 2026,Marketing
4867,Fall Kickoff 2026,Marketing
4868,Fall Kickoff 2026,Marketing
4869,Fall Kickoff 2026,Marketing
4870,Fall Kickoff 2026,Marketing
4871,Fall Kickoff 2026,Marketing
4872,Fall Kickoff 2026,Marketing
4873,Fall Kickoff 2026,Marketing
4874,Fall Kickoff 2026,Marketing
4875,Fall Kickoff 2026,Marketing
4876,Fall Kickoff 2026,Marketing
4877,Fall Kickoff 2026,Marketing
4878,Fall Kickoff 2026,Marketing
4879,Fall Kickoff 2026,Marketing
4880,Fall Kickoff 2026,Marketing
4881,Non-campaign,Transactional
4882,Fall Kickoff 2026,Marketing
4883,Fall Kickoff 2026,Marketing
4884,Fall Kickoff 2026,Marketing
4885,Fall Kickoff 2026,Marketing
4886,Fall Kickoff 2026,Marketing
4887,Fall Kickoff 2026,Marketing
4888,Fall Kickoff 2026,Marketing
4889,Fall Kickoff 2026,Marketing
4890,Fall Kickoff 2026,Marketing
4891,Fall Kickoff 2026,Marketing
4892,Non-campaign,Transactional
4893,Fall Kickoff 2026,Marketing
4894,Fall Kickoff 2026,Marketing
4895,Fall Kickoff 2026,Marketing
4896,Fall Kickoff 2026,Marketing
4897,Fall Kickoff 2026,Marketing
4898,Fall Kickoff 2026,Marketing
4899,Fall Kickoff 2026,Marketing
4900,Fall Kickoff 2026,Marketing
4901,Fall Kickoff 2026,Marketing
4902,Fall Kickoff 2026,Marketing
4903,Fall Kickoff 2026,Marketing
4904,Fall Kickoff 2026,Marketing
4905,Fall Kickoff 2026,Marketing
4906,Fall Kickoff 2026,Marketing
4907,Fall Kickoff 2026,Marketing
4908,Fall Kickoff 2026,Marketing
4909,Fall Kickoff 2026,Marketing
4910,Fall Kickoff 2026,Marketing
4911,Fall Kickoff 2026,Marketing
4912,Non-campaign,Operational
4913,Fall Kickoff 2026,Marketing
4914,Fall Kickoff 2026,Marketing
4915,Fall Kickoff 2026,Marketing
4916,Fall Kickoff 2026,Marketing
4917,Fall Kickoff 2026,Marketing
4918,Fall Kickoff 2026,Marketing
4919,Fall Kickoff 2026,Marketing
4920,Fall Kickoff 2026,Marketing
4921,Fall Kickoff 2026,Marketing
4922,Non-campaign,Transactional
4923,Fall Kickoff 2026,Marketing
4924,Fall Kickoff 2026,Marketing
4925,Fall Kickoff 2026,Marketing
4926,Fall Kickoff 2026,Marketing
4927,Fall Kickoff 2026,Marketing
4928,Fall Kickoff 2026,Marketing
4929,Fall Kickoff 2026,Marketing
4930,Non-campaign,Transactional
4931,Fall Kickoff 2026,Marketing
4932,Fall Kickoff 2026,Marketing
4933,Fall Kickoff 2026,Marketing
4934,Fall Kickoff 2026,Marketing
4935,Fall Kickoff 2026,Marketing
4936,Fall Kickoff 2026,Marketing
4937,Fall Kickoff 2026,Marketing
4938,Fall Kickoff 2026,Marketing
4939,Fall Kickoff 2026,Marketing
4940,Fall Kickoff 2026,Marketing
4941,Fall Kickoff 2026,Marketing
4942,Fall Kickoff 2026,Marketing
4943,Fall Kickoff 2026,Marketing
4944,Fall Kickoff 2026,Marketing
4945,Fall Kickoff 2026,Marketing
4946,Fall Kickoff 2026,Marketing
4947,Fall Kickoff 2026,Marketing
4948,Fall Kickoff 2026,Marketing
4949,Fall Kickoff 2026,Marketing
4950,Non-campaign,Operational
4951,Fall Kickoff 2026,Marketing
4952,Fall Kickoff 2026,Marketing
4953,Fall Kickoff 2026,Marketing
4954,Fall Kickoff 2026,Marketing
4955,Fall Kickoff 2026,Marketing
4956,Fall Kickoff 2026,Marketing
4957,Fall Kickoff 2026,Marketing
4958,Fall Kickoff 2026,Marketing
4959,Fall Kickoff 2026,Marketing
4960,Fall Kickoff 2026,Marketing
4961,Fall Kickoff 2026,Marketing
4962,Fall Kickoff 2026,Marketing
4963,Fall Kickoff 2026,Marketing
4964,Fall Kickoff 2026,Marketing
4965,Fall Kickoff 2026,Marketing
4966,Fall Kickoff 2026,Marketing
4967,Fall Kickoff 2026,Marketing
4968,Fall Kickoff 2026,Marketing
4969,Fall Kickoff 2026,Marketing
4970,Fall Kickoff 2026,Marketing
4971,Fall Kickoff 2026,Marketing
4972,Fall Kickoff 2026,Marketing
4973,Fall Kickoff 2026,Marketing
4974,Fall Kickoff 2026,Marketing
4975,Fall Kickoff 2026,Marketing
4976,Fall Kickoff 2026,Marketing
4977,Fall Kickoff 2026,Marketing
4978,Fall Kickoff 2026,Marketing
4979,Fall Kickoff 2026,Marketing
4980,Fall Kickoff 2026,Marketing
4981,Fall Kickoff 2026,Marketing
4982,Fall Kickoff 2026,Marketing
4983,Fall Kickoff 2026,Marketing
4984,Fall Kickoff 2026,Marketing
4985,Fall Kickoff 2026,Marketing
4986,Fall Kickoff 2026,Marketing
4987,Fall Kickoff 2026,Marketing
4988,Fall Kickoff 2026,Marketing
4989,Non-campaign,Operational
4990,Fall Kickoff 2026,Marketing
4991,Fall Kickoff 2026,Marketing
4992,Fall Kickoff 2026,Marketing
4993,Fall Kickoff 2026,Marketing
4994,Fall Kickoff 2026,Marketing
4995,Fall Kickoff 2026,Marketing
4996,Fall Kickoff 2026,Marketing
4997,Fall Kickoff 2026,Marketing
4998,Fall Kickoff 2026,Marketing
