row_id,operator,utm_source,utm_medium,utm_campaign,utm_content,utm_term,activity_date,spend,sends
1,Harborline Distributing,Email,Email,Delivery Reminder,Notice Body,,2026-01-05,69.47,17368
2,Harborline Distributing,Google Ads,paid search,wintre-warmup_26,Ginger Generic Ad,lemon lime soda,2026-01-05,414.82,
3,Northgate Beverage,FB,paid_social,WW26_Launch,ORIGINAL_STORY_B,,2026-01-05,1072.54,
4,Sunvale Drinks,sfmc,e-mail,route_change_notice,notice_body,,2026-01-05,75.15,18788
5,Pinecrest Bottling,sms,sms,rte_chg_notice,cta_button,,2026-01-06,114.59,9549
6,Sunvale Drinks,email,email,password_reset,notice_body,,2026-01-06,73.31,18327
7,Harborline Distributing,Google Ads,paid search,witer_warmup 2026,Rsa 1,lemon lime soda,2026-01-07,717.56,
8,Pinecrest Bottling,google,cpc,winterwarmup,rsa_1,zestify near me,2026-01-07,1262.97,
9,Pinecrest Bottling,fb,paidsocial,ww26_retargeting,recipe_lime_video_15s_b,,2026-01-07,1888.08,
10,Redrock Beverage,tiktok,paid-social,ww-26,loyalty_berry_video_15s_a,,2026-01-07,327.44,
11,Sunvale Drinks,sfmc,e-mail,service_survey,transactional_template,,2026-01-07,61.26,15315
12,Harborline Distributing,Google Display,Display,witer_warmup 2026,Awareness Carousel A,,2026-01-08,594.65,
13,Northgate Beverage,FB,paid_social,WW26_Launch,BERRY_CAROUSEL_B,,2026-01-08,2032.35,
14,Redrock Beverage,bing,ppc,winter-warmup-26,original_generic_ad,lemon lime soda,2026-01-08,262.95,
15,Redrock Beverage,bing,ppc,ww-26,brand_ad,lemon lime soda,2026-01-08,1240.29,
16,Redrock Beverage,meta,social,ww-26,lime_video_15s_b,,2026-01-08,1004.62,
17,Sunvale Drinks,sms,sms,winter_warmup_email,header_image,,2026-01-08,101.39,8449
18,Harborline Distributing,google,Paid Search,winter-warmup-26,Brand Ad,sparkling lime drink,2026-01-09,432.68,
19,Redrock Beverage,email,email,order-receipt,cta_button,,2026-01-10,154.62,38654
20,Sunvale Drinks,newsletter,e-mail,receipt,cta_button,,2026-01-10,103.76,25940
21,Sunvale Drinks,newsletter,e-mail,winter wamup 2026,cta_button,,2026-01-10,147.18,36796
22,Northgate Beverage,EMAIL,EMAIL,DELIVERY_REMINDER,NOTICE_BODY,,2026-01-11,72.96,18240
23,Northgate Beverage,EMAIL,EMAIL,ORDER_CONFIRMATION,NOTICE_BODY,,2026-01-11,102.65,25663
24,Sunvale Drinks,sms,sms,delivery_window_reminder,transactional_template,,2026-01-11,62.20,5183
25,Sunvale Drinks,email,e-mail,winter_warmup_email,footer_link,,2026-01-11,32.52,8131
26,Harborline Distributing,Google Ads,Paid Search,winter-warmup-26,Brand Ad,zestify soda,2026-01-12,813.55,
27,Northgate Beverage,EMAIL,EMAIL,ORDER_CONFIRMATION,NOTICE_BODY,,2026-01-12,102.19,25547
28,Pinecrest Bottling,google,cpc,winterwarmup,rsa_1,lemon lime soda,2026-01-12,1275.15,
29,Redrock Beverage,tiktok,paid-social,winter-warmup-26,original_story_a,,2026-01-12,319.32,
30,Sunvale Drinks,sfmc,e-mail,receipt,cta_button,,2026-01-12,99.36,24841
31,Sunvale Drinks,email,email,witer warmup_26,cta_button,,2026-01-12,147.13,36783
32,Harborline Distributing,Email,Email,Invoice Ready,Cta Button,,2026-01-13,55.85,13962
33,Northgate Beverage,GDN,DISPLAY,WINTER_WARMUP_PUSH,VIDEO_15S_A,,2026-01-13,406.91,
34,Pinecrest Bottling,ig,paidsocial,winterwarmup,recipe_reel_c,,2026-01-13,1781.35,
35,Redrock Beverage,google,ppc,winter-warmup-26,original_generic_ad,zero sugar soda,2026-01-13,466.79,
36,Redrock Beverage,fb,social,winter-warmup-26,static_a,,2026-01-13,970.04,
37,Redrock Beverage,facebook,paid-social,ww-26,lime_video_15s_b,,2026-01-13,1002.74,
38,Sunvale Drinks,newsletter,e-mail,winter_warmup_email,footer_link,,2026-01-13,66.43,16607
39,Sunvale Drinks,newsletter,e-mail,winter_warmup_email,footer_link,,2026-01-13,66.43,16607
40,Sunvale Drinks,fb,social,winter_warmup_email,video_6s_a,,2026-01-13,478.37,
41,Sunvale Drinks,facebook,social,witer warmup_26,rt_zero_video_15s_a,,2026-01-13,508.76,
42,Harborline Distributing,Email,Email,Delivery Reminder,Notice Body,,2026-01-14,60.85,15212
43,Harborline Distributing,google,Paid Search,witer_warmup 2026,Rsa 1,sparkling lime drink,2026-01-14,798.98,
44,Northgate Beverage,fb_paid,PAID_SOCIAL,WINTER_WARMUP_2026,LIME_STORY_B,,2026-01-14,608.01,
45,Northgate Beverage,IG,PAID_SOCIAL,WW26_Launch,COUPON_REEL_B,,2026-01-14,715.42,
46,Pinecrest Bottling,email,email,ord_conf,notice_body,,2026-01-14,66.99,16748
47,Pinecrest Bottling,fb,paidsocial,ww26_retargeting,recipe_lime_video_15s_b,,2026-01-14,1601.80,
48,Pinecrest Bottling,fb,paidsocial,ww_26,loyalty_reel_b,,2026-01-14,402.50,
49,Redrock Beverage,programmatic,display,winter-warmup-26,lime_story_c,,2026-01-14,655.03,
50,Redrock Beverage,tiktok,paid-social,ww-26,loyalty_berry_video_15s_a,,2026-01-14,702.75,
51,Sunvale Drinks,email,e-mail,order_confirmation,notice_body,,2026-01-14,128.78,32196
52,Harborline Distributing,Facebook,paid social,winter-warmup-26,Video 15S B,,2026-01-15,812.06,
53,Harborline Distributing,Instagram,Paid Social,witer_warmup 2026,Carousel C,,2026-01-15,566.36,
54,Harborline Distributing,google,paid search,witer_warmup 2026,Rt Original Generic Ad,lemon lime soda,2026-01-15,126.84,
55,Northgate Beverage,FACEBOOK,paid_social,WW26_Launch,BERRY_CAROUSEL_B,,2026-01-15,1538.18,
56,Pinecrest Bottling,google,cpc,ww26_retargeting,coupon_rsa_1,lemon lime soda,2026-01-15,1185.40,
57,Redrock Beverage,bing,ppc,ww-26,brand_ad,zero sugar soda,2026-01-15,824.13,
58,Harborline Distributing,Google Display,Display,witer_warmup 2026,Awareness Carousel A,,2026-01-16,539.10,
59,Harborline Distributing,Google Ads,Paid Search,witer_warmup 2026,Lime Rsa 2,lemon lime soda,2026-01-16,889.19,
60,Northgate Beverage,GOOGLE,CPC,WINTER_WARMUP_PUSH,BRAND_AD,zestify soda,2026-01-16,462.15,
61,Northgate Beverage,fb_paid,PAID_SOCIAL,WW26_Launch,STATIC_A,,2026-01-16,964.51,
62,Sunvale Drinks,text,sms,delivery_window_reminder,transactional_template,,2026-01-16,87.94,7328
63,Sunvale Drinks,sms,sms,winter_warmup_email,header_image,,2026-01-16,110.74,9228
64,Harborline Distributing,google,paid search,winter-warmup-26,Rsa 2,sparkling lime drink,2026-01-17,914.45,
65,Harborline Distributing,Google Display,Display,winter-warmup-26,Story C,,2026-01-17,327.15,
66,Harborline Distributing,google,paid search,wintre-warmup_26,Ginger Generic Ad,zero sugar soda,2026-01-17,1005.98,
67,Northgate Beverage,FACEBOOK,PAID_SOCIAL,WW26_Launch,ORIGINAL_STORY_B,,2026-01-17,1029.03,
68,Pinecrest Bottling,sms,sms,rte_chg_notice,cta_button,,2026-01-17,135.80,11317
69,Redrock Beverage,fb,social,Winter Warmup 2026,loyalty_video_6s_b,,2026-01-17,3533.72,
70,Redrock Beverage,meta,social,winter-warmup-26,static_a,,2026-01-17,769.46,
71,Sunvale Drinks,sfmc,email,password_reset,notice_body,,2026-01-17,58.11,14528
72,Sunvale Drinks,sfmc,e-mail,service_survey,transactional_template,,2026-01-17,24.89,6222
73,Sunvale Drinks,email,e-mail,winter wamup 2026,cta_button,,2026-01-17,67.82,16955
74,Northgate Beverage,fb_paid,PAID_SOCIAL,WINTER_WARMUP_2026,CAROUSEL_B,,2026-01-18,1341.76,
75,Northgate Beverage,GOOGLE,CPC,WINTER_WARMUP_2026,ZERO_GENERIC_AD,zero sugar soda,2026-01-18,798.76,
76,Pinecrest Bottling,google,cpc,winterwarmup,berry_rsa_2,lemon lime soda,2026-01-18,761.67,
77,Pinecrest Bottling,google,cpc,ww26_retargeting,lime_generic_ad,zestify near me,2026-01-18,1276.93,
78,Sunvale Drinks,sfmc,e-mail,route_change_notice,notice_body,,2026-01-18,136.64,34159
79,Northgate Beverage,FACEBOOK,PAID_SOCIAL,WINTER_WARMUP_2026,VIDEO_15S_B,,2026-01-19,1409.64,
80,Redrock Beverage,tiktok,paid-social,ww-26,loyalty_berry_video_15s_a,,2026-01-19,387.80,
81,Sunvale Drinks,newsletter,e-mail,winter wamup 2026,cta_button,,2026-01-19,140.86,35214
82,Sunvale Drinks,email,email,winter_warmup_email,recipe_cta_button,,2026-01-19,29.91,7478
83,Sunvale Drinks,facebook,social,winter_warmup_email,video_6s_a,,2026-01-19,707.92,
84,Sunvale Drinks,email,email,witer warmup_26,cta_button,,2026-01-19,143.30,35824
85,Harborline Distributing,Google Display,Display,winter-warmup-26,Story C,,2026-01-20,138.80,
86,Northgate Beverage,ig_paid,PAID_SOCIAL,WINTER_WARMUP_2026,VIDEO_15S_B,,2026-01-20,3112.05,
87,Northgate Beverage,GOOGLE,CPC,WINTER_WARMUP_PUSH,BRAND_AD,zero sugar soda,2026-01-20,435.82,
88,Northgate Beverage,GOOGLE,CPC,WINTER_WARMUP_PUSH,RSA_1,zestify near me,2026-01-20,603.12,
89,Northgate Beverage,fb_paid,paid_social,WW26_Launch,BERRY_CAROUSEL_B,,2026-01-20,1141.04,
90,Pinecrest Bottling,tt,paidsocial,ww26_retargeting,carousel_a,,2026-01-20,608.37,
91,Pinecrest Bottling,email,email,ww26_retargeting,coupon_footer_link,,2026-01-20,120.46,30115
92,Pinecrest Bottling,ig,paidsocial,ww_26,carousel_c,,2026-01-20,442.70,
93,Redrock Beverage,meta,paid-social,Winter Warmup 2026,loyalty_video_6s_b,,2026-01-20,1996.00,
94,Redrock Beverage,tiktok,paid-social,winter-warmup-26,ginger_reel_a,,2026-01-20,436.98,
95,Redrock Beverage,programmatic,display,winter-warmup-26,lime_story_c,,2026-01-20,602.63,
96,Redrock Beverage,google,ppc,winter-warmup-26,original_generic_ad,zestify near me,2026-01-20,273.23,
97,Redrock Beverage,tiktok,paid-social,winter-warmup-26,original_story_a,,2026-01-20,333.61,
98,Redrock Beverage,meta,social,winter-warmup-26,static_a,,2026-01-20,1123.53,
99,Redrock Beverage,facebook,paid-social,ww-26,lime_video_15s_b,,2026-01-20,1271.70,
100,Redrock Beverage,facebook,social,ww-26,video_15s_b,,2026-01-20,657.12,
101,Sunvale Drinks,email,e-mail,route_change_notice,notice_body,,2026-01-20,54.40,13600
102,Sunvale Drinks,text,sms,winter_warmup_email,header_image,,2026-01-20,27.17,2264
103,Harborline Distributing,google,Paid Search,winter-warmup-26,Rsa 2,zestify near me,2026-01-21,647.03,
104,Northgate Beverage,FB,paid_social,WINTER_WARMUP_2026,VIDEO_6S_B,,2026-01-21,3817.12,
105,Pinecrest Bottling,ig,paidsocial,winterwarmup,recipe_reel_c,,2026-01-21,1654.25,
106,Pinecrest Bottling,fb,paidsocial,ww26_retargeting,recipe_lime_video_15s_b,,2026-01-21,1737.50,
107,Harborline Distributing,Google Display,Display,winter-warmup-26,Carousel A,,2026-01-22,74.92,
108,Harborline Distributing,Facebook,Paid Social,winter-warmup-26,Video 15S B,,2026-01-22,670.02,
109,Harborline Distributing,Instagram,Paid Social,witer_warmup 2026,Carousel C,,2026-01-22,278.19,
110,Harborline Distributing,Google Ads,Paid Search,witer_warmup 2026,Rt Original Generic Ad,sparkling lime drink,2026-01-22,183.17,
111,Northgate Beverage,EMAIL,EMAIL,DELIVERY_REMINDER,NOTICE_BODY,,2026-01-22,111.45,27862
112,Northgate Beverage,FACEBOOK,PAID_SOCIAL,WINTER_WARMUP_2026,AWARENESS_LIME_REEL_A,,2026-01-22,1615.54,
113,Pinecrest Bottling,email,email,ord_conf,notice_body,,2026-01-22,93.31,23328
114,Pinecrest Bottling,google,cpc,winterwarmup,berry_rsa_2,sparkling lime drink,2026-01-22,570.51,
115,Pinecrest Bottling,fb,paidsocial,ww_26,loyalty_reel_b,,2026-01-22,236.27,
116,Redrock Beverage,meta,social,winter-warmup-26,static_a,,2026-01-22,677.93,
117,Sunvale Drinks,email,email,order_confirmation,notice_body,,2026-01-22,135.42,33855
118,Sunvale Drinks,newsletter,email,service_survey,transactional_template,,2026-01-22,113.57,28393
119,Sunvale Drinks,google,cpc,winter_warmup_email,rt_lime_generic_ad,zero sugar soda,2026-01-22,903.60,
120,Sunvale Drinks,email,email,witer warmup_26,coupon_header_image,,2026-01-22,54.41,13603
121,Northgate Beverage,FB,PAID_SOCIAL,WINTER_WARMUP_2026,CAROUSEL_B,,2026-01-23,987.51,
122,Northgate Beverage,GDN,DISPLAY,WINTER_WARMUP_PUSH,VIDEO_15S_A,,2026-01-23,320.66,
123,Northgate Beverage,fb_paid,paid_social,WW26_Launch,STATIC_A,,2026-01-23,816.15,
124,Pinecrest Bottling,google,cpc,ww26_retargeting,coupon_rsa_1,sparkling lime drink,2026-01-23,1105.82,
125,Pinecrest Bottling,google,cpc,ww26_retargeting,lime_generic_ad,zestify soda,2026-01-23,745.33,
126,Pinecrest Bottling,fb,paidsocial,ww_26,coupon_video_15s_c,,2026-01-23,1269.63,
127,Pinecrest Bottling,fb,paidsocial,ww_26,static_c,,2026-01-23,1098.57,
128,Redrock Beverage,email,email,order-receipt,cta_button,,2026-01-23,155.50,38874
129,Redrock Beverage,fb,paid-social,winter-warmup-26,video_15s_c,,2026-01-23,1066.94,
130,Sunvale Drinks,newsletter,email,password_reset,notice_body,,2026-01-23,62.51,15628
131,Sunvale Drinks,sms,sms,winter wamup 2026,hero_banner,,2026-01-23,41.76,3480
132,Sunvale Drinks,email,e-mail,winter_warmup_email,footer_link,,2026-01-23,40.91,10228
133,Harborline Distributing,facebook,paid social,wintre-warmup_26,Carousel B,,2026-01-24,240.56,
134,Harborline Distributing,google,Paid Search,wintre-warmup_26,Ginger Generic Ad,zestify soda,2026-01-24,922.36,
135,Harborline Distributing,facebook,Paid Social,wintre-warmup_26,Zero Reel C,,2026-01-24,813.32,
136,Harborline Distributing,Google Display,Display,witer_warmup 2026,Awareness Carousel A,,2026-01-24,380.91,
137,Harborline Distributing,google,Paid Search,witer_warmup 2026,Rsa 1,zestify near me,2026-01-24,737.81,
138,Northgate Beverage,EMAIL,EMAIL,ORDER_CONFIRMATION,NOTICE_BODY,,2026-01-24,54.44,13611
139,Northgate Beverage,FB,paid_social,WINTER_WARMUP_2026,LIME_STORY_B,,2026-01-24,584.16,
140,Northgate Beverage,GOOGLE,CPC,WINTER_WARMUP_2026,ZERO_GENERIC_AD,zero sugar soda,2026-01-24,777.48,
141,Pinecrest Bottling,sms,sms,rte_chg_notice,cta_button,,2026-01-24,35.33,2944
142,Pinecrest Bottling,google,cpc,winterwarmup,rsa_1,sparkling lime drink,2026-01-24,1013.97,
143,Redrock Beverage,facebook,paid-social,winter-warmup-26,coupon_carousel_c,,2026-01-24,1592.29,
144,Redrock Beverage,bing,ppc,ww-26,brand_ad,sparkling lime drink,2026-01-24,1293.53,
145,Sunvale Drinks,email,email,receipt,cta_button,,2026-01-24,28.61,7153
146,Sunvale Drinks,email,email,winter wamup 2026,cta_button,,2026-01-24,85.84,21459
147,Harborline Distributing,Email,Email,Delivery Reminder,Notice Body,,2026-01-25,68.90,17224
148,Harborline Distributing,Google Ads,paid search,winter-warmup-26,Brand Ad,zestify near me,2026-01-25,805.69,
149,Harborline Distributing,Instagram,Paid Social,witer_warmup 2026,Awareness Video 15S B,,2026-01-25,229.91,
150,Harborline Distributing,Google Ads,paid search,witer_warmup 2026,Lime Rsa 2,sparkling lime drink,2026-01-25,917.47,
151,Northgate Beverage,IG,PAID_SOCIAL,WINTER_WARMUP_2026,ORIGINAL_STATIC_A,,2026-01-25,798.11,
152,Northgate Beverage,IG,PAID_SOCIAL,WINTER_WARMUP_PUSH,CAROUSEL_A,,2026-01-25,768.68,
153,Northgate Beverage,ig_paid,PAID_SOCIAL,WW26_Launch,COUPON_REEL_B,,2026-01-25,885.09,
154,Northgate Beverage,fb_paid,paid_social,WW26_Launch,ORIGINAL_STORY_B,,2026-01-25,572.20,
155,Pinecrest Bottling,tt,paidsocial,winterwarmup,recipe_reel_b,,2026-01-25,593.44,
156,Sunvale Drinks,email,email,winter wamup 2026,footer_link,,2026-01-25,56.53,14133
157,Sunvale Drinks,fb,social,witer warmup_26,rt_zero_video_15s_a,,2026-01-25,431.07,
158,Harborline Distributing,Instagram,Paid Social,wintre-warmup_26,Story C,,2026-01-26,2027.97,
159,Harborline Distributing,Instagram,Paid Social,witer_warmup 2026,Lime Reel A,,2026-01-26,378.17,
160,Harborline Distributing,Google Ads,Paid Search,witer_warmup 2026,Rsa 1,zero sugar soda,2026-01-26,1558.59,
161,Northgate Beverage,FB,PAID_SOCIAL,WINTER_WARMUP_2026,VIDEO_6S_B,,2026-01-26,2424.94,
162,Pinecrest Bottling,ig,paidsocial,winterwarmup,recipe_reel_c,,2026-01-26,1649.30,
163,Pinecrest Bottling,fb,paidsocial,ww_26,loyalty_reel_b,,2026-01-26,297.21,
164,Pinecrest Bottling,ig,paidsocial,ww_26,reel_a,,2026-01-26,877.30,
165,Redrock Beverage,email,email,order-receipt,cta_button,,2026-01-26,74.99,18747
166,Redrock Beverage,google,ppc,winter-warmup-26,original_generic_ad,lemon lime soda,2026-01-26,515.23,
167,Redrock Beverage,meta,paid-social,winter-warmup-26,video_15s_c,,2026-01-26,1182.38,
168,Redrock Beverage,tiktok,paid-social,ww-26,loyalty_berry_video_15s_a,,2026-01-26,515.32,
169,Redrock Beverage,facebook,social,ww-26,video_15s_b,,2026-01-26,597.66,
170,Sunvale Drinks,newsletter,email,service_survey,transactional_template,,2026-01-26,79.60,19901
171,Sunvale Drinks,sfmc,e-mail,winter wamup 2026,cta_button,,2026-01-26,144.04,36010
172,Sunvale Drinks,email,e-mail,winter_warmup_email,footer_link,,2026-01-26,83.02,20755
173,Sunvale Drinks,google,cpc,winter_warmup_email,rt_lime_generic_ad,zero sugar soda,2026-01-26,1177.23,
174,Sunvale Drinks,email,e-mail,witer warmup_26,coupon_header_image,,2026-01-26,134.14,33534
175,Sunvale Drinks,facebook,social,witer warmup_26,rt_zero_video_15s_a,,2026-01-26,540.67,
176,Harborline Distributing,google,Paid Search,winter-warmup-26,Rsa 2,lemon lime soda,2026-01-27,850.63,
177,Harborline Distributing,Facebook,paid social,wintre-warmup_26,Zero Reel C,,2026-01-27,854.08,
178,Harborline Distributing,google,Paid Search,witer_warmup 2026,Lime Rsa 2,zestify soda,2026-01-27,932.32,
179,Northgate Beverage,FACEBOOK,paid_social,WINTER_WARMUP_2026,AWARENESS_LIME_REEL_A,,2026-01-27,1295.61,
180,Northgate Beverage,GDN,DISPLAY,WINTER_WARMUP_2026,VIDEO_15S_A,,2026-01-27,525.27,
181,Pinecrest Bottling,google,cpc,winterwarmup,rsa_1,lemon lime soda,2026-01-27,1111.15,
182,Pinecrest Bottling,fb,paidsocial,ww26_retargeting,recipe_video_6s_c,,2026-01-27,531.94,
183,Sunvale Drinks,sfmc,e-mail,order_confirmation,notice_body,,2026-01-27,39.49,9873
184,Sunvale Drinks,email,email,password_reset,notice_body,,2026-01-27,138.63,34658
185,Sunvale Drinks,sfmc,e-mail,route_change_notice,notice_body,,2026-01-27,62.33,15583
186,Sunvale Drinks,email,email,witer warmup_26,cta_button,,2026-01-27,44.27,11067
187,Harborline Distributing,Google Display,Display,winter-warmup-26,Story C,,2026-01-28,277.43,
188,Harborline Distributing,Google Display,Display,witer_warmup 2026,Awareness Carousel A,,2026-01-28,681.27,
189,Northgate Beverage,GOOGLE,CPC,WINTER_WARMUP_2026,ZERO_GENERIC_AD,zestify near me,2026-01-28,988.07,
190,Northgate Beverage,ig_paid,PAID_SOCIAL,WINTER_WARMUP_PUSH,CAROUSEL_A,,2026-01-28,898.90,
191,Pinecrest Bottling,google,cpc,ww26_retargeting,coupon_rsa_1,zero sugar soda,2026-01-28,958.70,
192,Pinecrest Bottling,fb,paidsocial,ww_26,static_c,,2026-01-28,1739.30,
193,Redrock Beverage,tiktok,paid-social,winter-warmup-26,original_story_a,,2026-01-28,346.45,
194,Redrock Beverage,meta,social,winter-warmup-26,static_a,,2026-01-28,867.75,
195,Sunvale Drinks,sms,sms,winter_warmup_email,header_image,,2026-01-28,130.68,10890
196,Harborline Distributing,Google Display,Display,winter-warmup-26,Carousel A,,2026-01-29,44.55,
197,Harborline Distributing,Facebook,paid social,winter-warmup-26,Video 15S B,,2026-01-29,659.21,
198,Northgate Beverage,FACEBOOK,PAID_SOCIAL,WINTER_WARMUP_2026,LIME_STORY_B,,2026-01-29,329.14,
199,Northgate Beverage,IG,PAID_SOCIAL,WINTER_WARMUP_2026,ORIGINAL_STATIC_A,,2026-01-29,979.91,
200,Northgate Beverage,GOOGLE,CPC,WINTER_WARMUP_PUSH,RSA_1,lemon lime soda,2026-01-29,946.88,
201,Northgate Beverage,ig_paid,PAID_SOCIAL,WW26_Launch,COUPON_REEL_B,,2026-01-29,469.87,
202,Pinecrest Bottling,email,email,ord_conf,notice_body,,2026-01-29,86.92,21731
203,Pinecrest Bottling,tt,paidsocial,winterwarmup,recipe_reel_b,,2026-01-29,537.53,
204,Pinecrest Bottling,tt,paidsocial,ww26_retargeting,carousel_a,,2026-01-29,509.19,
205,Redrock Beverage,facebook,paid-social,Winter Warmup 2026,carousel_b,,2026-01-29,1437.64,
206,Redrock Beverage,meta,social,Winter Warmup 2026,loyalty_video_6s_b,,2026-01-29,2459.54,
207,Redrock Beverage,fb,paid-social,winter-warmup-26,lime_carousel_a,,2026-01-29,721.01,
208,Redrock Beverage,fb,social,winter-warmup-26,static_a,,2026-01-29,1345.47,
209,Redrock Beverage,google,ppc,ww-26,awareness_generic_ad,zero sugar soda,2026-01-29,1127.29,
210,Sunvale Drinks,fb,social,winter_warmup_email,video_6s_a,,2026-01-29,815.21,
211,Sunvale Drinks,sfmc,e-mail,witer warmup_26,awareness_header_image,,2026-01-29,138.30,34575
212,Harborline Distributing,Email,Email,Delivery Reminder,Notice Body,,2026-01-30,66.51,16628
213,Harborline Distributing,Instagram,Paid Social,witer_warmup 2026,Awareness Video 15S B,,2026-01-30,194.74,
214,Harborline Distributing,Instagram,Paid Social,witer_warmup 2026,Carousel C,,2026-01-30,485.43,
215,Harborline Distributing,Instagram,Paid Social,witer_warmup 2026,Video 6S B,,2026-01-30,327.48,
216,Northgate Beverage,FACEBOOK,paid_social,WINTER_WARMUP_2026,CAROUSEL_B,,2026-01-30,1088.72,
217,Northgate Beverage,IG,PAID_SOCIAL,WINTER_WARMUP_2026,VIDEO_15S_B,,2026-01-30,1944.07,
218,Northgate Beverage,GDN,DISPLAY,WINTER_WARMUP_PUSH,VIDEO_15S_A,,2026-01-30,341.90,
219,Pinecrest Bottling,google,cpc,winterwarmup,berry_rsa_2,sparkling lime drink,2026-01-30,761.13,
220,Pinecrest Bottling,google,cpc,ww26_retargeting,lime_generic_ad,sparkling lime drink,2026-01-30,592.03,
221,Redrock Beverage,bing,ppc,ww-26,brand_ad,zestify near me,2026-01-30,1039.21,
222,Redrock Beverage,fb,paid-social,ww-26,lime_video_15s_b,,2026-01-30,1241.77,
223,Sunvale Drinks,sfmc,email,winter wamup 2026,cta_button,,2026-01-30,145.58,36396
224,Sunvale Drinks,sfmc,e-mail,winter wamup 2026,cta_button,,2026-01-30,78.26,19564
225,Sunvale Drinks,sfmc,email,winter wamup 2026,footer_link,,2026-01-30,152.86,38215
226,Sunvale Drinks,text,sms,winter wamup 2026,hero_banner,,2026-01-30,62.48,5207
227,Sunvale Drinks,text,sms,winter_warmup_email,header_image,,2026-01-30,115.64,9637
228,Sunvale Drinks,newsletter,e-mail,winter_warmup_email,recipe_cta_button,,2026-01-30,40.41,10102
229,Sunvale Drinks,fb,social,winter_warmup_email,story_a,,2026-01-30,421.78,
230,Harborline Distributing,Email,Email,Invoice Ready,Cta Button,,2026-01-31,88.64,22159
231,Harborline Distributing,Google Ads,paid search,winter-warmup-26,Brand Ad,zero sugar soda,2026-01-31,514.28,
232,Harborline Distributing,facebook,Paid Social,wintre-warmup_26,Carousel B,,2026-01-31,291.31,
233,Harborline Distributing,Google Ads,Paid Search,witer_warmup 2026,Rt Original Generic Ad,zero sugar soda,2026-01-31,165.74,
234,Northgate Beverage,FACEBOOK,PAID_SOCIAL,WINTER_WARMUP_2026,VIDEO_15S_B,,2026-01-31,1580.56,
235,Northgate Beverage,ig_paid,PAID_SOCIAL,WW26_Launch,AWARENESS_REEL_A,,2026-01-31,1603.72,
236,Pinecrest Bottling,fb,paidsocial,ww26_retargeting,recipe_lime_video_15s_b,,2026-01-31,2133.35,
237,Pinecrest Bottling,fb,paidsocial,ww_26,coupon_video_15s_c,,2026-01-31,1601.74,
238,Harborline Distributing,Google Ads,Paid Search,wintre-warmup_26,Ginger Generic Ad,zestify soda,2026-02-01,499.34,
239,Harborline Distributing,Email,Email,witer_warmup 2026,Cta Button,,2026-02-01,35.36,8839
240,Harborline Distributing,facebook,Paid Social,witer_warmup 2026,Static B,,2026-02-01,180.97,
241,Northgate Beverage,EMAIL,EMAIL,DELIVERY_REMINDER,NOTICE_BODY,,2026-02-01,41.86,10464
242,Northgate Beverage,GOOGLE,CPC,WINTER_WARMUP_PUSH,BRAND_AD,zestify near me,2026-02-01,754.29,
243,Northgate Beverage,FACEBOOK,PAID_SOCIAL,WW26_Launch,BERRY_CAROUSEL_B,,2026-02-01,1438.10,
244,Northgate Beverage,fb_paid,paid_social,WW26_Launch,ORIGINAL_STORY_B,,2026-02-01,550.81,
245,Northgate Beverage,FB,PAID_SOCIAL,WW26_Launch,STATIC_A,,2026-02-01,943.92,
246,Pinecrest Bottling,email,email,ww26_retargeting,coupon_footer_link,,2026-02-01,138.77,34693
247,Pinecrest Bottling,ig,paidsocial,ww_26,carousel_c,,2026-02-01,529.81,
248,Redrock Beverage,fb,social,winter-warmup-26,coupon_carousel_c,,2026-02-01,983.06,
249,Redrock Beverage,tiktok,paid-social,winter-warmup-26,ginger_reel_a,,2026-02-01,467.34,
250,Redrock Beverage,programmatic,display,winter-warmup-26,lime_story_c,,2026-02-01,1016.91,
251,Redrock Beverage,google,ppc,winter-warmup-26,rsa_2,zestify near me,2026-02-01,1049.44,
252,Sunvale Drinks,email,email,receipt,cta_button,,2026-02-01,50.41,12603
253,Sunvale Drinks,newsletter,email,winter wamup 2026,cta_button,,2026-02-01,69.52,17381
254,Sunvale Drinks,fb,social,winter_warmup_email,recipe_ginger_video_15s_a,,2026-02-01,821.41,
255,Harborline Distributing,facebook,paid social,wintre-warmup_26,Carousel B,,2026-02-02,352.02,
256,Harborline Distributing,Instagram,Paid Social,witer_warmup 2026,Lime Reel A,,2026-02-02,428.25,
257,Northgate Beverage,GOOGLE,CPC,WINTER_WARMUP_2026,GINGER_RSA_2,zestify soda,2026-02-02,1649.83,
258,Northgate Beverage,EMAIL,EMAIL,WINTER_WARMUP_2026,HEADER_IMAGE,,2026-02-02,71.32,17831
259,Northgate Beverage,fb_paid,paid_social,WINTER_WARMUP_2026,LIME_STORY_B,,2026-02-02,426.21,
260,Northgate Beverage,GDN,DISPLAY,WINTER_WARMUP_2026,RT_BERRY_STATIC_B,,2026-02-02,569.78,
261,Northgate Beverage,GOOGLE,CPC,WINTER_WARMUP_PUSH,BRAND_AD,zestify soda,2026-02-02,353.64,
262,Northgate Beverage,GOOGLE,CPC,WINTER_WARMUP_PUSH,RSA_1,zestify near me,2026-02-02,3256.62,
263,Northgate Beverage,GDN,DISPLAY,WINTER_WARMUP_PUSH,VIDEO_15S_A,,2026-02-02,426.19,
264,Pinecrest Bottling,ig,paidsocial,ww_26,carousel_c,,2026-02-02,218.73,
265,Redrock Beverage,facebook,paid-social,winter-warmup-26,lime_carousel_a,,2026-02-02,663.86,
266,Redrock Beverage,facebook,paid-social,winter-warmup-26,reel_a,,2026-02-02,1158.15,
267,Redrock Beverage,meta,social,winter-warmup-26,video_15s_c,,2026-02-02,885.85,
268,Redrock Beverage,facebook,paid-social,ww-26,video_15s_b,,2026-02-02,778.29,
269,Sunvale Drinks,sfmc,email,winter wamup 2026,hero_banner,,2026-02-02,31.66,7916
270,Sunvale Drinks,sms,sms,winter wamup 2026,hero_banner,,2026-02-02,27.19,2266
271,Sunvale Drinks,sfmc,email,winter_warmup_email,recipe_cta_button,,2026-02-02,143.56,35891
272,Sunvale Drinks,google,cpc,witer warmup_26,generic_ad,zestify near me,2026-02-02,937.62,
273,Harborline Distributing,Google Ads,paid search,winter-warmup-26,Brand Ad,zestify soda,2026-02-03,871.86,
274,Harborline Distributing,Instagram,Paid Social,witer_warmup 2026,Awareness Video 15S B,,2026-02-03,358.46,
275,Harborline Distributing,Facebook,Paid Social,witer_warmup 2026,Static B,,2026-02-03,218.58,
276,Harborline Distributing,Instagram,Paid Social,witer_warmup 2026,Video 6S B,,2026-02-03,370.64,
277,Northgate Beverage,fb_paid,PAID_SOCIAL,WINTER_WARMUP_2026,AWARENESS_LIME_REEL_A,,2026-02-03,725.26,
278,Northgate Beverage,GDN,DISPLAY,WINTER_WARMUP_2026,VIDEO_15S_A,,2026-02-03,679.38,
279,Northgate Beverage,IG,PAID_SOCIAL,WINTER_WARMUP_PUSH,CAROUSEL_A,,2026-02-03,584.71,
280,Northgate Beverage,GOOGLE,CPC,WINTER_WARMUP_PUSH,RSA_1,zero sugar soda,2026-02-03,851.12,
281,Pinecrest Bottling,ig,paidsocial,winterwarmup,recipe_reel_c,,2026-02-03,1252.62,
282,Pinecrest Bottling,google,cpc,ww26_retargeting,lime_generic_ad,zestify near me,2026-02-03,991.51,
283,Pinecrest Bottling,ig,paidsocial,ww_26,reel_a,,2026-02-03,793.67,
284,Pinecrest Bottling,ig,paidsocial,ww_26,static_a,,2026-02-03,352.39,
285,Redrock Beverage,tiktok,paid-social,winter-warmup-26,ginger_reel_a,,2026-02-03,269.29,
286,Sunvale Drinks,newsletter,email,order_confirmation,notice_body,,2026-02-03,54.44,13611
287,Sunvale Drinks,sfmc,e-mail,service_survey,transactional_template,,2026-02-03,110.90,27725
288,Sunvale Drinks,newsletter,e-mail,winter wamup 2026,cta_button,,2026-02-03,19.81,4953
289,Sunvale Drinks,sms,sms,winter_warmup_email,header_image,,2026-02-03,31.62,2635
290,Sunvale Drinks,sfmc,e-mail,witer warmup_26,awareness_header_image,,2026-02-03,66.29,16573
291,Sunvale Drinks,sfmc,email,witer warmup_26,coupon_header_image,,2026-02-03,137.24,34309
292,Harborline Distributing,Email,Email,Delivery Reminder,Notice Body,,2026-02-04,109.99,27498
293,Harborline Distributing,Email,Email,Invoice Ready,Cta Button,,2026-02-04,48.77,12193
294,Harborline Distributing,Facebook,Paid Social,wintre-warmup_26,Zero Reel C,,2026-02-04,871.62,
295,Harborline Distributing,google,paid search,witer_warmup 2026,Awareness Brand Ad,zestify soda,2026-02-04,484.32,
296,Harborline Distributing,Instagram,Paid Social,witer_warmup 2026,Carousel C,,2026-02-04,427.62,
297,Harborline Distributing,facebook,Paid Social,witer_warmup 2026,Lime Story B,,2026-02-04,204.65,
298,Harborline Distributing,Google Ads,Paid Search,witer_warmup 2026,Rt Original Generic Ad,zero sugar soda,2026-02-04,311.54,
299,Northgate Beverage,EMAIL,EMAIL,ORDER_CONFIRMATION,NOTICE_BODY,,2026-02-04,113.45,28362
300,Northgate Beverage,fb_paid,paid_social,WINTER_WARMUP_2026,VIDEO_6S_B,,2026-02-04,4286.50,
301,Pinecrest Bottling,email,email,ww26_retargeting,coupon_footer_link,,2026-02-04,72.30,18076
302,Pinecrest Bottling,fb,paidsocial,ww26_retargeting,recipe_video_6s_c,,2026-02-04,932.14,
303,Redrock Beverage,facebook,paid-social,winter-warmup-26,static_a,,2026-02-04,1051.05,
304,Sunvale Drinks,email,email,winter wamup 2026,cta_button,,2026-02-04,51.69,12922
305,Sunvale Drinks,sfmc,email,winter wamup 2026,cta_button,,2026-02-04,57.74,14436
306,Sunvale Drinks,fb,social,winter_warmup_email,lime_carousel_b,,2026-02-04,567.90,
307,Harborline Distributing,google,Paid Search,wintre-warmup_26,Lime Rsa 2,zestify near me,2026-02-05,289.33,
308,Harborline Distributing,google,paid search,witer_warmup 2026,Rsa 1,zestify near me,2026-02-05,1386.38,
309,Northgate Beverage,ig_paid,PAID_SOCIAL,WINTER_WARMUP_2026,VIDEO_15S_B,,2026-02-05,2327.75,
310,Northgate Beverage,ig_paid,PAID_SOCIAL,WW26_Launch,COUPON_REEL_B,,2026-02-05,748.17,
311,Pinecrest Bottling,sms,sms,rte_chg_notice,cta_button,,2026-02-05,34.38,2865
312,Pinecrest Bottling,tiktok,paidsocial,winterwarmup,recipe_reel_b,,2026-02-05,279.72,
313,Pinecrest Bottling,tt,paidsocial,ww26_retargeting,carousel_a,,2026-02-05,613.44,
314,Pinecrest Bottling,fb,paidsocial,ww_26,coupon_video_15s_c,,2026-02-05,1844.09,
315,Redrock Beverage,programmatic,display,winter-warmup-26,lime_story_c,,2026-02-05,984.29,
316,Redrock Beverage,google,ppc,ww-26,awareness_generic_ad,zero sugar soda,2026-02-05,615.68,
317,Redrock Beverage,bing,ppc,ww-26,loyalty_generic_ad,zestify near me,2026-02-05,737.20,
318,Redrock Beverage,tiktok,paid-social,ww-26,loyalty_lime_reel_b,,2026-02-05,1319.32,
319,Redrock Beverage,tiktok,paid-social,ww-26,story_b,,2026-02-05,228.93,
320,Sunvale Drinks,sfmc,e-mail,receipt,cta_button,,2026-02-05,68.47,17118
321,Harborline Distributing,google,paid search,wintre-warmup_26,Ginger Generic Ad,zero sugar soda,2026-02-06,1031.70,
322,Harborline Distributing,Instagram,Paid Social,wintre-warmup_26,Story C,,2026-02-06,2830.88,
323,Harborline Distributing,Email,Email,witer_warmup 2026,Cta Button,,2026-02-06,72.33,18082
324,Northgate Beverage,FACEBOOK,paid_social,WINTER_WARMUP_2026,CAROUSEL_B,,2026-02-06,1648.03,
325,Northgate Beverage,GOOGLE,CPC,WINTER_WARMUP_2026,ZERO_GENERIC_AD,lemon lime soda,2026-02-06,550.92,
326,Northgate Beverage,FB,PAID_SOCIAL,WINTER_WARMUP_PUSH,BERRY_STATIC_A,,2026-02-06,2915.15,
327,Northgate Beverage,IG,PAID_SOCIAL,WW26_Launch,AWARENESS_REEL_A,,2026-02-06,826.29,
328,Pinecrest Bottling,google,cpc,winterwarmup,rsa_1,zestify near me,2026-02-06,754.05,
329,Pinecrest Bottling,tt,paidsocial,ww26_retargeting,carousel_b,,2026-02-06,484.51,
330,Pinecrest Bottling,fb,paidsocial,ww26_retargeting,recipe_lime_video_15s_b,,2026-02-06,1060.44,
331,Pinecrest Bottling,fb,paidsocial,ww_26,loyalty_reel_b,,2026-02-06,430.33,
332,Pinecrest Bottling,ig,paidsocial,ww_26,static_a,,2026-02-06,1287.45,
333,Redrock Beverage,fb,paid-social,winter-warmup-26,coupon_carousel_c,,2026-02-06,1863.95,
334,Redrock Beverage,google,ppc,winter-warmup-26,original_generic_ad,sparkling lime drink,2026-02-06,216.03,
335,Redrock Beverage,tiktok,paid-social,winter-warmup-26,original_story_a,,2026-02-06,200.06,
336,Redrock Beverage,google,ppc,winter-warmup-26,rsa_2,zestify soda,2026-02-06,1040.33,
337,Redrock Beverage,google,ppc,ww-26,brand_ad,sparkling lime drink,2026-02-06,614.14,
338,Redrock Beverage,tiktok,paid-social,ww-26,loyalty_berry_video_15s_a,,2026-02-06,446.41,
339,Sunvale Drinks,fb,social,winter_warmup_email,coupon_video_6s_c,,2026-02-06,1043.90,
340,Sunvale Drinks,newsletter,email,witer warmup_26,cta_button,,2026-02-06,25.05,6262
341,Harborline Distributing,Google Display,Display,winter-warmup-26,Carousel A,,2026-02-07,51.96,
342,Harborline Distributing,Google Display,Display,winter-warmup-26,Story C,,2026-02-07,215.43,
343,Harborline Distributing,facebook,Paid Social,winter-warmup-26,Video 15S B,,2026-02-07,432.19,
344,Harborline Distributing,google,paid search,witer_warmup 2026,Lime Rsa 2,zestify near me,2026-02-07,859.17,
345,Northgate Beverage,EMAIL,EMAIL,DELIVERY_REMINDER,NOTICE_BODY,,2026-02-07,113.07,28268
346,Northgate Beverage,FB,PAID_SOCIAL,WINTER_WARMUP_2026,VIDEO_15S_B,,2026-02-07,1600.19,
347,Northgate Beverage,FACEBOOK,paid_social,WW26_Launch,BERRY_CAROUSEL_B,,2026-02-07,1187.89,
348,Northgate Beverage,fb_paid,paid_social,WW26_Launch,ORIGINAL_STORY_B,,2026-02-07,724.84,
349,Pinecrest Bottling,email,email,ord_conf,notice_body,,2026-02-07,57.02,14255
350,Redrock Beverage,google,ppc,ww-26,ginger_generic_ad,zero sugar soda,2026-02-07,869.27,
351,Redrock Beverage,tiktok,paid-social,ww-26,zero_reel_a,,2026-02-07,369.17,
352,Sunvale Drinks,sfmc,email,winter_warmup_email,footer_link,,2026-02-07,21.56,5390
353,Sunvale Drinks,fb,social,winter_warmup_email,recipe_ginger_video_15s_a,,2026-02-07,1088.08,
354,Sunvale Drinks,google,cpc,winter_warmup_email,rt_lime_generic_ad,zestify near me,2026-02-07,853.79,
355,Sunvale Drinks,fb,social,winter_warmup_email,story_a,,2026-02-07,392.19,
356,Sunvale Drinks,google,cpc,witer warmup_26,rsa_1,sparkling lime drink,2026-02-07,749.34,
357,Sunvale Drinks,google,cpc,witer warmup_26,rsa_1,sparkling lime drink,2026-02-07,749.34,
358,Harborline Distributing,Google Ads,paid search,winter-warmup-26,Rsa 2,sparkling lime drink,2026-02-08,910.67,
359,Northgate Beverage,IG,PAID_SOCIAL,WINTER_WARMUP_2026,ORIGINAL_STATIC_A,,2026-02-08,1543.41,
360,Northgate Beverage,EMAIL,EMAIL,WINTER_WARMUP_PUSH,HEADER_IMAGE,,2026-02-08,153.07,38268
361,Northgate Beverage,fb_paid,paid_social,WW26_Launch,STATIC_A,,2026-02-08,1086.70,
362,Pinecrest Bottling,google,cpc,ww26_retargeting,coupon_rsa_1,lemon lime soda,2026-02-08,1212.44,
363,Pinecrest Bottling,fb,paidsocial,ww_26,static_c,,2026-02-08,1564.25,
364,Redrock Beverage,meta,paid-social,Winter Warmup 2026,carousel_b,,2026-02-08,1094.21,
365,Redrock Beverage,email,email,Winter Warmup 2026,hero_banner,,2026-02-08,69.53,17383
366,Sunvale Drinks,email,email,route_change_notice,notice_body,,2026-02-08,90.42,22605
367,Sunvale Drinks,sfmc,email,winter wamup 2026,cta_button,,2026-02-08,24.59,6148
368,Sunvale Drinks,email,e-mail,winter wamup 2026,footer_link,,2026-02-08,22.43,5607
369,Sunvale Drinks,sms,sms,winter_warmup_email,header_image,,2026-02-08,95.48,7957
370,Harborline Distributing,Email,Email,Delivery Reminder,Notice Body,,2026-02-09,156.26,39064
371,Harborline Distributing,Email,Email,Invoice Ready,Cta Button,,2026-02-09,57.88,14471
372,Harborline Distributing,Google Display,Display,winter-warmup-26,Carousel A,,2026-02-09,51.30,
373,Harborline Distributing,Google Display,Display,winter-warmup-26,Story C,,2026-02-09,244.01,
374,Harborline Distributing,facebook,paid social,winter-warmup-26,Video 15S B,,2026-02-09,959.12,
375,Harborline Distributing,google,Paid Search,witer_warmup 2026,Awareness Brand Ad,zestify near me,2026-02-09,768.91,
376,Harborline Distributing,Email,Email,witer_warmup 2026,Footer Link,,2026-02-09,24.36,6089
377,Harborline Distributing,google,paid search,witer_warmup 2026,Rsa 1,zero sugar soda,2026-02-09,681.37,
378,Northgate Beverage,EMAIL,EMAIL,ORDER_CONFIRMATION,NOTICE_BODY,,2026-02-09,93.63,23408
379,Northgate Beverage,GDN,DISPLAY,WINTER_WARMUP_2026,VIDEO_15S_A,,2026-02-09,657.92,
380,Northgate Beverage,FB,paid_social,WINTER_WARMUP_2026,VIDEO_15S_B,,2026-02-09,1003.10,
381,Northgate Beverage,IG,PAID_SOCIAL,WINTER_WARMUP_2026,VIDEO_15S_B,,2026-02-09,1767.48,
382,Northgate Beverage,GOOGLE,CPC,WINTER_WARMUP_2026,ZERO_GENERIC_AD,sparkling lime drink,2026-02-09,602.23,
383,Northgate Beverage,GOOGLE,CPC,WINTER_WARMUP_PUSH,BRAND_AD,zestify soda,2026-02-09,648.22,
384,Northgate Beverage,IG,PAID_SOCIAL,WINTER_WARMUP_PUSH,CAROUSEL_A,,2026-02-09,946.31,
385,Northgate Beverage,IG,PAID_SOCIAL,WW26_Launch,AWARENESS_REEL_A,,2026-02-09,1793.55,
386,Northgate Beverage,FACEBOOK,PAID_SOCIAL,WW26_Launch,BERRY_CAROUSEL_B,,2026-02-09,1779.70,
387,Northgate Beverage,FACEBOOK,PAID_SOCIAL,WW26_Launch,BERRY_CAROUSEL_B,,2026-02-09,1779.70,
388,Pinecrest Bottling,ig,paidsocial,winterwarmup,video_6s_c,,2026-02-09,1126.95,
389,Redrock Beverage,tiktok,paid-social,winter-warmup-26,ginger_reel_a,,2026-02-09,406.02,
390,Redrock Beverage,tiktok,paid-social,ww-26,story_b,,2026-02-09,222.48,
391,Sunvale Drinks,newsletter,e-mail,order_confirmation,notice_body,,2026-02-09,24.92,6230
392,Sunvale Drinks,newsletter,e-mail,password_reset,notice_body,,2026-02-09,105.29,26322
393,Sunvale Drinks,email,email,winter wamup 2026,cta_button,,2026-02-09,114.72,28679
394,Sunvale Drinks,newsletter,email,winter wamup 2026,cta_button,,2026-02-09,19.99,4997
395,Sunvale Drinks,email,e-mail,winter wamup 2026,footer_link,,2026-02-09,109.38,27346
396,Sunvale Drinks,google,cpc,winter_warmup_email,rt_lime_generic_ad,zestify soda,2026-02-09,983.29,
397,Sunvale Drinks,google,cpc,witer warmup_26,generic_ad,sparkling lime drink,2026-02-09,757.99,
398,Harborline Distributing,Google Ads,paid search,winter-warmup-26,Rsa 2,lemon lime soda,2026-02-10,941.52,
399,Harborline Distributing,facebook,Paid Social,wintre-warmup_26,Carousel B,,2026-02-10,321.92,
400,Harborline Distributing,Instagram,Paid Social,witer_warmup 2026,Lime Reel A,,2026-02-10,740.87,
401,Harborline Distributing,Instagram,Paid Social,witer_warmup 2026,Video 6S B,,2026-02-10,211.61,
402,Northgate Beverage,ig_paid,PAID_SOCIAL,WINTER_WARMUP_2026,ORIGINAL_STATIC_A,,2026-02-10,778.67,
403,Northgate Beverage,EMAIL,EMAIL,WINTER_WARMUP_PUSH,HEADER_IMAGE,,2026-02-10,84.18,21046
404,Northgate Beverage,GOOGLE,CPC,WINTER_WARMUP_PUSH,RSA_1,zestify soda,2026-02-10,3512.58,
405,Northgate Beverage,GOOGLE,CPC,WINTER_WARMUP_PUSH,RSA_1,zestify near me,2026-02-10,1142.63,
406,Northgate Beverage,fb_paid,paid_social,WW26_Launch,ORIGINAL_STORY_B,,2026-02-10,521.86,
407,Pinecrest Bottling,tiktok,paidsocial,ww26_retargeting,carousel_a,,2026-02-10,417.37,
408,Pinecrest Bottling,ig,paidsocial,ww_26,reel_a,,2026-02-10,1069.25,
409,Pinecrest Bottling,ig,paidsocial,ww_26,static_a,,2026-02-10,2702.14,
410,Redrock Beverage,meta,social,Winter Warmup 2026,carousel_b,,2026-02-10,1269.54,
411,Redrock Beverage,facebook,paid-social,winter-warmup-26,static_a,,2026-02-10,1334.09,
412,Redrock Beverage,tiktok,paid-social,ww-26,loyalty_berry_video_15s_a,,2026-02-10,299.08,
413,Redrock Beverage,meta,social,ww-26,video_15s_b,,2026-02-10,449.21,
414,Sunvale Drinks,sfmc,email,winter_warmup_email,recipe_cta_button,,2026-02-10,88.03,22007
415,Harborline Distributing,Google Ads,Paid Search,winter-warmup-26,Brand Ad,zestify near me,2026-02-11,610.78,
416,Harborline Distributing,facebook,Paid Social,witer_warmup 2026,Lime Story B,,2026-02-11,269.26,
417,Harborline Distributing,facebook,Paid Social,witer_warmup 2026,Static B,,2026-02-11,203.64,
418,Northgate Beverage,FB,PAID_SOCIAL,WINTER_WARMUP_2026,CAROUSEL_B,,2026-02-11,1127.32,
419,Northgate Beverage,GDN,DISPLAY,WINTER_WARMUP_2026,RT_BERRY_STATIC_B,,2026-02-11,346.58,
420,Pinecrest Bottling,sms,sms,rte_chg_notice,cta_button,,2026-02-11,18.89,1574
421,Pinecrest Bottling,tt,paidsocial,winterwarmup,recipe_reel_b,,2026-02-11,588.03,
422,Pinecrest Bottling,ig,paidsocial,winterwarmup,recipe_reel_c,,2026-02-11,1796.58,
423,Pinecrest Bottling,tt,paidsocial,ww_26,berry_carousel_a,,2026-02-11,445.99,
424,Pinecrest Bottling,ig,paidsocial,ww_26,carousel_c,,2026-02-11,256.68,
425,Pinecrest Bottling,fb,paidsocial,ww_26,coupon_video_15s_c,,2026-02-11,1791.31,
426,Redrock Beverage,email,email,Winter Warmup 2026,awareness_cta_button,,2026-02-11,150.76,37689
427,Redrock Beverage,email,email,Winter Warmup 2026,hero_banner,,2026-02-11,55.52,13880
428,Redrock Beverage,programmatic,display,winter-warmup-26,lime_story_c,,2026-02-11,984.47,
429,Redrock Beverage,bing,ppc,ww-26,awareness_generic_ad,lemon lime soda,2026-02-11,739.79,
430,Redrock Beverage,google,ppc,ww-26,brand_ad,sparkling lime drink,2026-02-11,803.94,
431,Redrock Beverage,bing,ppc,ww-26,ginger_generic_ad,sparkling lime drink,2026-02-11,450.69,
432,Sunvale Drinks,email,email,route_change_notice,notice_body,,2026-02-11,59.02,14754
433,Sunvale Drinks,email,email,route_change_notice,notice_body,,2026-02-11,59.02,14754
434,Sunvale Drinks,sfmc,e-mail,winter wamup 2026,header_image,,2026-02-11,101.79,25448
435,Sunvale Drinks,facebook,social,winter_warmup_email,coupon_video_6s_c,,2026-02-11,799.94,
436,Sunvale Drinks,newsletter,e-mail,witer warmup_26,cta_button,,2026-02-11,110.26,27564
437,Sunvale Drinks,google,cpc,witer warmup_26,rsa_1,zestify soda,2026-02-11,859.85,
438,Harborline Distributing,Instagram,Paid Social,witer_warmup 2026,Awareness Video 15S B,,2026-02-12,165.20,
439,Harborline Distributing,Facebook,Paid Social,witer_warmup 2026,Ginger Carousel C,,2026-02-12,610.29,
440,Harborline Distributing,google,paid search,witer_warmup 2026,Rt Original Generic Ad,zestify near me,2026-02-12,129.14,
441,Northgate Beverage,FACEBOOK,PAID_SOCIAL,WINTER_WARMUP_2026,LIME_STORY_B,,2026-02-12,309.84,
442,Northgate Beverage,FB,paid_social,WW26_Launch,STATIC_A,,2026-02-12,953.70,
443,Pinecrest Bottling,fb,paidsocial,ww_26,static_c,,2026-02-12,670.32,
444,Redrock Beverage,bing,ppc,ww-26,loyalty_generic_ad,zestify soda,2026-02-12,488.76,
445,Sunvale Drinks,email,email,receipt,cta_button,,2026-02-12,137.61,34402
446,Sunvale Drinks,sfmc,email,witer warmup_26,awareness_header_image,,2026-02-12,137.49,34373
447,Harborline Distributing,Google Ads,Paid Search,wintre-warmup_26,Lime Rsa 2,zero sugar soda,2026-02-13,394.37,
448,Harborline Distributing,Google Display,Display,wintre-warmup_26,Video 6S B,,2026-02-13,187.31,
449,Harborline Distributing,Facebook,Paid Social,wintre-warmup_26,Zero Reel C,,2026-02-13,559.51,
450,Harborline Distributing,Email,Email,witer_warmup 2026,Cta Button,,2026-02-13,124.42,31104
451,Northgate Beverage,fb_paid,paid_social,WINTER_WARMUP_2026,AWARENESS_LIME_REEL_A,,2026-02-13,790.64,
452,Northgate Beverage,ig_paid,PAID_SOCIAL,WW26_Launch,COUPON_REEL_B,,2026-02-13,582.32,
453,Pinecrest Bottling,fb,paidsocial,ww26_retargeting,recipe_video_6s_c,,2026-02-13,739.18,
454,Redrock Beverage,fb,paid-social,winter-warmup-26,coupon_carousel_c,,2026-02-13,1681.40,
455,Redrock Beverage,facebook,paid-social,winter-warmup-26,reel_a,,2026-02-13,745.29,
456,Redrock Beverage,facebook,paid-social,winter-warmup-26,reel_a,,2026-02-13,745.29,
457,Redrock Beverage,google,ppc,winter-warmup-26,rsa_2,zestify soda,2026-02-13,1220.00,
458,Redrock Beverage,meta,paid-social,winter-warmup-26,video_15s_c,,2026-02-13,1226.85,
459,Redrock Beverage,bing,ppc,ww-26,awareness_brand_ad,zestify soda,2026-02-13,1718.71,
460,Redrock Beverage,tiktok,paid-social,ww-26,loyalty_lime_reel_b,,2026-02-13,1145.09,
461,Sunvale Drinks,text,sms,winter wamup 2026,hero_banner,,2026-02-13,70.33,5861
462,Sunvale Drinks,fb,social,winter_warmup_email,video_6s_c,,2026-02-13,408.00,
463,Harborline Distributing,Instagram,Paid Social,wintre-warmup_26,Story C,,2026-02-14,2241.62,
464,Harborline Distributing,Instagram,Paid Social,witer_warmup 2026,Carousel C,,2026-02-14,618.71,
465,Harborline Distributing,google,Paid Search,witer_warmup 2026,Lime Rsa 2,zestify soda,2026-02-14,460.02,
466,Northgate Beverage,FB,paid_social,WINTER_WARMUP_PUSH,BERRY_STATIC_A,,2026-02-14,3793.60,
467,Pinecrest Bottling,ig,paidsocial,ww26_retargeting,berry_story_b,,2026-02-14,245.77,
468,Pinecrest Bottling,tt,paidsocial,ww26_retargeting,carousel_b,,2026-02-14,1166.22,
469,Pinecrest Bottling,ig,paidsocial,ww_26,static_a,,2026-02-14,181.15,
470,Redrock Beverage,email,email,order-receipt,cta_button,,2026-02-14,38.12,9531
471,Redrock Beverage,tiktok,paid-social,winter-warmup-26,original_story_a,,2026-02-14,326.23,
472,Sunvale Drinks,email,e-mail,winter wamup 2026,cta_button,,2026-02-14,44.28,11069
473,Sunvale Drinks,email,email,winter wamup 2026,cta_button,,2026-02-14,62.24,15560
474,Sunvale Drinks,text,sms,winter_warmup_email,header_image,,2026-02-14,60.55,5046
475,Sunvale Drinks,fb,social,winter_warmup_email,lime_carousel_b,,2026-02-14,691.50,
476,Sunvale Drinks,facebook,social,winter_warmup_email,recipe_ginger_video_15s_a,,2026-02-14,602.47,
477,Northgate Beverage,GOOGLE,CPC,WINTER_WARMUP_2026,GINGER_RSA_2,sparkling lime drink,2026-02-15,1599.92,
478,Northgate Beverage,EMAIL,EMAIL,WINTER_WARMUP_2026,HEADER_IMAGE,,2026-02-15,36.66,9165
479,Northgate Beverage,FB,PAID_SOCIAL,WINTER_WARMUP_2026,VIDEO_6S_B,,2026-02-15,2158.59,
480,Northgate Beverage,GDN,DISPLAY,WINTER_WARMUP_PUSH,VIDEO_15S_A,,2026-02-15,462.22,
481,Northgate Beverage,fb_paid,paid_social,WW26_Launch,REEL_C,,2026-02-15,657.63,
482,Pinecrest Bottling,email,email,ww26_retargeting,coupon_footer_link,,2026-02-15,123.74,30935
483,Pinecrest Bottling,google,cpc,ww26_retargeting,coupon_rsa_1,sparkling lime drink,2026-02-15,724.65,
484,Redrock Beverage,email,email,Winter Warmup 2026,cta_button,,2026-02-15,41.16,10291
485,Redrock Beverage,fb,social,winter-warmup-26,lime_carousel_a,,2026-02-15,1070.62,
486,Redrock Beverage,google,ppc,winter-warmup-26,original_generic_ad,lemon lime soda,2026-02-15,470.35,
487,Redrock Beverage,tiktok,paid-social,ww-26,zero_reel_a,,2026-02-15,354.22,
488,Sunvale Drinks,sfmc,email,service_survey,transactional_template,,2026-02-15,121.25,30313
489,Sunvale Drinks,sfmc,email,winter wamup 2026,hero_banner,,2026-02-15,153.88,38471
490,Sunvale Drinks,text,sms,winter_warmup_email,header_image,,2026-02-15,110.78,9232
491,Sunvale Drinks,facebook,social,winter_warmup_email,story_a,,2026-02-15,257.00,
492,Sunvale Drinks,sfmc,e-mail,witer warmup_26,coupon_header_image,,2026-02-15,157.05,39262
493,Sunvale Drinks,sfmc,e-mail,witer warmup_26,header_image,,2026-02-15,137.54,34386
494,Harborline Distributing,Google Ads,Paid Search,winter-warmup-26,Zero Generic Ad,zestify soda,2026-02-16,783.97,
495,Harborline Distributing,Google Display,Display,wintre-warmup_26,Video 6S B,,2026-02-16,332.00,
496,Harborline Distributing,Instagram,Paid Social,witer_warmup 2026,Awareness Video 15S B,,2026-02-16,239.75,
497,Northgate Beverage,EMAIL,EMAIL,WINTER_WARMUP_2026,HEADER_IMAGE,,2026-02-16,61.12,15280
498,Northgate Beverage,GDN,DISPLAY,WINTER_WARMUP_2026,VIDEO_15S_A,,2026-02-16,492.28,
499,Northgate Beverage,IG,PAID_SOCIAL,WINTER_WARMUP_PUSH,CAROUSEL_A,,2026-02-16,618.39,
500,Northgate Beverage,GOOGLE,CPC,WINTER_WARMUP_PUSH,RSA_1,zestify near me,2026-02-16,1818.20,
501,Pinecrest Bottling,ig,paidsocial,ww26_retargeting,recipe_carousel_b,,2026-02-16,839.83,
502,Pinecrest Bottling,ig,paidsocial,ww26_retargeting,rt_video_15s_b,,2026-02-16,147.26,
503,Pinecrest Bottling,fb,paidsocial,ww_26,static_c,,2026-02-16,845.63,
504,Redrock Beverage,email,email,Winter Warmup 2026,hero_banner,,2026-02-16,111.00,27750
505,Redrock Beverage,programmatic,display,winter-warmup-26,lime_story_c,,2026-02-16,680.15,
506,Redrock Beverage,google,ppc,ww-26,brand_ad,zestify near me,2026-02-16,1230.37,
507,Redrock Beverage,bing,ppc,ww-26,ginger_generic_ad,zestify soda,2026-02-16,674.30,
508,Redrock Beverage,tiktok,paid-social,ww-26,zero_reel_a,,2026-02-16,368.44,
509,Sunvale Drinks,sfmc,e-mail,order_confirmation,notice_body,,2026-02-16,115.87,28968
510,Sunvale Drinks,sfmc,email,service_survey,transactional_template,,2026-02-16,130.89,32723
511,Sunvale Drinks,sfmc,email,winter wamup 2026,cta_button,,2026-02-16,102.89,25722
512,Sunvale Drinks,sfmc,e-mail,winter wamup 2026,cta_button,,2026-02-16,25.26,6314
513,Sunvale Drinks,sfmc,email,winter wamup 2026,footer_link,,2026-02-16,64.95,16237
514,Sunvale Drinks,sfmc,email,winter_warmup_email,cta_button,,2026-02-16,31.76,7941
515,Sunvale Drinks,newsletter,e-mail,witer warmup_26,header_image,,2026-02-16,106.78,26694
516,Harborline Distributing,google,paid search,winter-warmup-26,Brand Ad,sparkling lime drink,2026-02-17,721.86,
517,Harborline Distributing,Facebook,paid social,wintre-warmup_26,Zero Reel C,,2026-02-17,987.07,
518,Harborline Distributing,google,paid search,witer_warmup 2026,Awareness Brand Ad,zestify near me,2026-02-17,956.55,
519,Harborline Distributing,Instagram,Paid Social,witer_warmup 2026,Carousel C,,2026-02-17,454.57,
520,Harborline Distributing,Google Ads,paid search,witer_warmup 2026,Rt Original Generic Ad,zero sugar soda,2026-02-17,241.04,
521,Northgate Beverage,FACEBOOK,PAID_SOCIAL,WINTER_WARMUP_2026,AWARENESS_LIME_REEL_A,,2026-02-17,957.14,
522,Northgate Beverage,FACEBOOK,PAID_SOCIAL,WINTER_WARMUP_2026,CAROUSEL_C,,2026-02-17,2405.85,
523,Northgate Beverage,FB,paid_social,WINTER_WARMUP_2026,VIDEO_15S_B,,2026-02-17,1505.96,
524,Northgate Beverage,FB,PAID_SOCIAL,WINTER_WARMUP_PUSH,BERRY_STATIC_A,,2026-02-17,4623.67,
525,Northgate Beverage,fb_paid,paid_social,WINTER_WARMUP_PUSH,RT_VIDEO_6S_C,,2026-02-17,921.18,
526,Northgate Beverage,fb_paid,PAID_SOCIAL,WW26_Launch,REEL_C,,2026-02-17,489.51,
527,Pinecrest Bottling,tt,paidsocial,ww_26,berry_carousel_a,,2026-02-17,399.33,
528,Pinecrest Bottling,fb,paidsocial,ww_26,carousel_b,,2026-02-17,1516.63,
529,Redrock Beverage,bing,ppc,winter-warmup-26,original_generic_ad,lemon lime soda,2026-02-17,413.42,
530,Redrock Beverage,facebook,paid-social,winter-warmup-26,video_15s_c,,2026-02-17,907.58,
531,Redrock Beverage,tiktok,paid-social,ww-26,loyalty_lime_reel_b,,2026-02-17,898.01,
532,Redrock Beverage,tiktok,paid-social,ww-26,story_b,,2026-02-17,272.75,
533,Sunvale Drinks,sms,sms,delivery_window_reminder,transactional_template,,2026-02-17,81.02,6752
534,Sunvale Drinks,sfmc,e-mail,winter wamup 2026,cta_button,,2026-02-17,88.06,22014
535,Sunvale Drinks,google,cpc,winter_warmup_email,rt_lime_generic_ad,lemon lime soda,2026-02-17,1264.97,
536,Sunvale Drinks,email,e-mail,witer warmup_26,awareness_header_image,,2026-02-17,52.85,13213
537,Sunvale Drinks,google,cpc,witer warmup_26,generic_ad,sparkling lime drink,2026-02-17,1767.81,
538,Harborline Distributing,Google Display,Display,winter-warmup-26,Story C,,2026-02-18,269.95,
539,Harborline Distributing,Facebook,Paid Social,wintre-warmup_26,Carousel B,,2026-02-18,226.18,
540,Harborline Distributing,Facebook,Paid Social,witer_warmup 2026,Static B,,2026-02-18,212.38,
541,Harborline Distributing,Instagram,Paid Social,witer_warmup 2026,Video 6S B,,2026-02-18,189.80,
542,Northgate Beverage,EMAIL,EMAIL,DELIVERY_REMINDER,NOTICE_BODY,,2026-02-18,16.22,4055
543,Pinecrest Bottling,ig,paidsocial,ww26_retargeting,berry_story_b,,2026-02-18,338.10,
544,Pinecrest Bottling,ig,paidsocial,ww_26,reel_a,,2026-02-18,987.94,
545,Redrock Beverage,email,email,Winter Warmup 2026,cta_button,,2026-02-18,85.05,21263
546,Redrock Beverage,fb,paid-social,winter-warmup-26,lime_carousel_a,,2026-02-18,785.11,
547,Redrock Beverage,google,ppc,ww-26,rt_rsa_2,zero sugar soda,2026-02-18,411.67,
548,Sunvale Drinks,sms,sms,winter_warmup_email,header_image,,2026-02-18,79.91,6659
549,Sunvale Drinks,facebook,social,winter_warmup_email,story_a,,2026-02-18,508.58,
550,Harborline Distributing,Email,Email,Invoice Ready,Cta Button,,2026-02-19,28.92,7230
551,Harborline Distributing,Google Display,Display,winter-warmup-26,Carousel A,,2026-02-19,55.46,
552,Harborline Distributing,facebook,paid social,witer_warmup 2026,Ginger Carousel C,,2026-02-19,505.08,
553,Northgate Beverage,GDN,DISPLAY,WINTER_WARMUP_2026,RT_BERRY_STATIC_B,,2026-02-19,472.80,
554,Northgate Beverage,EMAIL,EMAIL,WW26_Launch,RT_FOOTER_LINK,,2026-02-19,19.70,4926
555,Pinecrest Bottling,sms,sms,rte_chg_notice,cta_button,,2026-02-19,121.45,10121
556,Pinecrest Bottling,ig,paidsocial,ww_26,carousel_c,,2026-02-19,381.92,
557,Pinecrest Bottling,fb,paidsocial,ww_26,coupon_video_15s_c,,2026-02-19,1495.80,
558,Pinecrest Bottling,ig,paidsocial,ww_26,static_a,,2026-02-19,219.05,
559,Pinecrest Bottling,ig,paidsocial,ww_26,static_a,,2026-02-19,1568.45,
560,Redrock Beverage,programmatic,display,winter-warmup-26,reel_b,,2026-02-19,387.62,
561,Sunvale Drinks,email,email,receipt,cta_button,,2026-02-19,74.68,18671
562,Sunvale Drinks,newsletter,e-mail,route_change_notice,notice_body,,2026-02-19,25.46,6365
563,Sunvale Drinks,newsletter,e-mail,route_change_notice,notice_body,,2026-02-19,25.46,6365
564,Sunvale Drinks,fb,social,winter_warmup_email,lime_carousel_b,,2026-02-19,673.72,
565,Sunvale Drinks,sfmc,e-mail,witer warmup_26,cta_button,,2026-02-19,96.61,24153
566,Harborline Distributing,Instagram,Paid Social,witer_warmup 2026,Lime Reel A,,2026-02-20,517.15,
567,Northgate Beverage,FB,paid_social,WINTER_WARMUP_2026,LIME_STORY_B,,2026-02-20,384.62,
568,Northgate Beverage,ig_paid,PAID_SOCIAL,WINTER_WARMUP_2026,ORIGINAL_STATIC_A,,2026-02-20,845.91,
569,Northgate Beverage,GOOGLE,CPC,WINTER_WARMUP_PUSH,BRAND_AD,zestify near me,2026-02-20,618.18,
570,Northgate Beverage,EMAIL,EMAIL,WINTER_WARMUP_PUSH,HEADER_IMAGE,,2026-02-20,146.32,36581
571,Northgate Beverage,FB,paid_social,WW26_Launch,BERRY_CAROUSEL_B,,2026-02-20,2428.18,
572,Northgate Beverage,ig_paid,PAID_SOCIAL,WW26_Launch,COUPON_REEL_B,,2026-02-20,755.95,
573,Pinecrest Bottling,email,email,ord_conf,notice_body,,2026-02-20,37.29,9322
574,Pinecrest Bottling,tiktok,paidsocial,ww26_retargeting,carousel_b,,2026-02-20,1117.06,
575,Pinecrest Bottling,fb,paidsocial,ww26_retargeting,lime_carousel_c,,2026-02-20,523.43,
576,Redrock Beverage,fb,social,Winter Warmup 2026,carousel_b,,2026-02-20,928.68,
577,Redrock Beverage,facebook,social,winter-warmup-26,reel_a,,2026-02-20,1151.72,
578,Redrock Beverage,bing,ppc,winter-warmup-26,rsa_2,zestify soda,2026-02-20,769.78,
579,Sunvale Drinks,newsletter,e-mail,winter wamup 2026,hero_banner,,2026-02-20,139.74,34936
580,Sunvale Drinks,text,sms,winter wamup 2026,hero_banner,,2026-02-20,98.93,8244
581,Sunvale Drinks,text,sms,winter_warmup_email,header_image,,2026-02-20,82.31,6859
582,Sunvale Drinks,fb,social,winter_warmup_email,recipe_ginger_video_15s_a,,2026-02-20,1131.57,
583,Harborline Distributing,facebook,paid social,witer_warmup 2026,Lime Story B,,2026-02-21,493.56,
584,Northgate Beverage,EMAIL,EMAIL,ORDER_CONFIRMATION,NOTICE_BODY,,2026-02-21,118.58,29646
585,Northgate Beverage,GOOGLE,CPC,WINTER_WARMUP_2026,ZERO_GENERIC_AD,sparkling lime drink,2026-02-21,1308.19,
586,Northgate Beverage,GDN,DISPLAY,WINTER_WARMUP_PUSH,VIDEO_15S_A,,2026-02-21,436.48,
587,Northgate Beverage,ig_paid,PAID_SOCIAL,WW26_Launch,AWARENESS_REEL_A,,2026-02-21,1339.69,
588,Pinecrest Bottling,fb,paidsocial,ww26_retargeting,recipe_video_6s_c,,2026-02-21,617.55,
589,Redrock Beverage,meta,social,winter-warmup-26,coupon_carousel_c,,2026-02-21,1230.86,
590,Redrock Beverage,google,ppc,ww-26,awareness_brand_ad,sparkling lime drink,2026-02-21,1391.89,
591,Redrock Beverage,bing,ppc,ww-26,awareness_generic_ad,zestify near me,2026-02-21,819.48,
592,Sunvale Drinks,email,e-mail,winter wamup 2026,cta_button,,2026-02-21,117.64,29409
593,Sunvale Drinks,sfmc,email,winter wamup 2026,header_image,,2026-02-21,124.15,31037
594,Sunvale Drinks,facebook,social,winter wamup 2026,loyalty_zero_carousel_a,,2026-02-21,441.59,
595,Sunvale Drinks,google,cpc,winter_warmup_email,lime_brand_ad,sparkling lime drink,2026-02-21,202.71,
596,Sunvale Drinks,google,cpc,witer warmup_26,rsa_1,zestify soda,2026-02-21,623.74,
597,Harborline Distributing,google,paid search,wintre-warmup_26,Lime Rsa 2,zestify soda,2026-02-22,399.74,
598,Harborline Distributing,Instagram,Paid Social,wintre-warmup_26,Story C,,2026-02-22,1795.29,
599,Harborline Distributing,Email,Email,witer_warmup 2026,Footer Link,,2026-02-22,29.26,7314
600,Harborline Distributing,facebook,paid social,witer_warmup 2026,Ginger Reel B,,2026-02-22,579.49,
601,Northgate Beverage,GOOGLE,CPC,WINTER_WARMUP_2026,GINGER_RSA_2,zero sugar soda,2026-02-22,850.39,
602,Pinecrest Bottling,ig,paidsocial,winterwarmup,recipe_reel_c,,2026-02-22,940.02,
603,Pinecrest Bottling,ig,paidsocial,winterwarmup,video_6s_c,,2026-02-22,1014.70,
604,Pinecrest Bottling,email,email,ww26_retargeting,coupon_footer_link,,2026-02-22,88.04,22009
605,Pinecrest Bottling,google,cpc,ww26_retargeting,coupon_rsa_1,zero sugar soda,2026-02-22,1137.15,
606,Redrock Beverage,email,email,Winter Warmup 2026,awareness_cta_button,,2026-02-22,77.41,19352
607,Redrock Beverage,google,ppc,winter-warmup-26,generic_ad,zestify near me,2026-02-22,671.20,
608,Redrock Beverage,google,ppc,ww-26,loyalty_generic_ad,zestify soda,2026-02-22,620.45,
609,Sunvale Drinks,sfmc,e-mail,winter wamup 2026,footer_link,,2026-02-22,114.15,28537
610,Sunvale Drinks,email,e-mail,winter wamup 2026,header_image,,2026-02-22,119.70,29924
611,Sunvale Drinks,fb,social,winter_warmup_email,coupon_video_6s_c,,2026-02-22,1070.60,
612,Sunvale Drinks,fb,social,winter_warmup_email,video_6s_c,,2026-02-22,184.48,
613,Sunvale Drinks,email,email,witer warmup_26,coupon_header_image,,2026-02-22,58.54,14635
614,Harborline Distributing,Email,Email,Delivery Reminder,Notice Body,,2026-02-23,135.86,33966
615,Harborline Distributing,Google Display,Display,winter-warmup-26,Story C,,2026-02-23,150.95,
616,Harborline Distributing,Google Ads,Paid Search,wintre-warmup_26,Lime Rsa 2,zestify near me,2026-02-23,276.94,
617,Northgate Beverage,EMAIL,EMAIL,WW26_Launch,RT_FOOTER_LINK,,2026-02-23,29.46,7366
618,Pinecrest Bottling,ig,paidsocial,winterwarmup,video_6s_c,,2026-02-23,1732.06,
619,Pinecrest Bottling,email,email,ww26_retargeting,hero_banner,,2026-02-23,27.84,6961
620,Pinecrest Bottling,ig,paidsocial,ww26_retargeting,rt_video_15s_b,,2026-02-23,217.84,
621,Redrock Beverage,email,email,Winter Warmup 2026,awareness_cta_button,,2026-02-23,53.99,13497
622,Redrock Beverage,fb,social,Winter Warmup 2026,carousel_b,,2026-02-23,836.01,
623,Redrock Beverage,bing,ppc,ww-26,brand_ad,lemon lime soda,2026-02-23,1229.79,
624,Redrock Beverage,tiktok,paid-social,ww-26,reel_a,,2026-02-23,454.40,
625,Redrock Beverage,bing,ppc,ww-26,rt_rsa_2,lemon lime soda,2026-02-23,383.25,
626,Sunvale Drinks,sms,sms,delivery_window_reminder,transactional_template,,2026-02-23,132.38,11032
627,Sunvale Drinks,sfmc,email,order_confirmation,notice_body,,2026-02-23,58.85,14712
628,Sunvale Drinks,email,e-mail,route_change_notice,notice_body,,2026-02-23,118.03,29507
629,Sunvale Drinks,email,email,winter wamup 2026,footer_link,,2026-02-23,104.29,26073
630,Sunvale Drinks,sfmc,email,winter wamup 2026,header_image,,2026-02-23,39.10,9776
631,Sunvale Drinks,sms,sms,winter_warmup_email,header_image,,2026-02-23,95.54,7962
632,Sunvale Drinks,facebook,social,winter_warmup_email,recipe_ginger_video_15s_a,,2026-02-23,870.62,
633,Sunvale Drinks,facebook,social,winter_warmup_email,story_a,,2026-02-23,502.54,
634,Sunvale Drinks,sfmc,e-mail,witer warmup_26,coupon_header_image,,2026-02-23,118.94,29736
635,Sunvale Drinks,newsletter,email,witer warmup_26,header_image,,2026-02-23,65.10,16275
636,Harborline Distributing,Instagram,Paid Social,witer_warmup 2026,Carousel C,,2026-02-24,677.67,
637,Harborline Distributing,Facebook,Paid Social,witer_warmup 2026,Ginger Carousel C,,2026-02-24,730.38,
638,Northgate Beverage,EMAIL,EMAIL,WINTER_WARMUP_2026,HEADER_IMAGE,,2026-02-24,128.17,32042
639,Northgate Beverage,GDN,DISPLAY,WINTER_WARMUP_2026,VIDEO_15S_A,,2026-02-24,648.21,
640,Northgate Beverage,fb_paid,paid_social,WW26_Launch,COUPON_REEL_C,,2026-02-24,690.99,
641,Pinecrest Bottling,ig,paidsocial,ww26_retargeting,recipe_carousel_b,,2026-02-24,634.58,
642,Pinecrest Bottling,fb,paidsocial,ww26_retargeting,recipe_video_6s_c,,2026-02-24,761.98,
643,Pinecrest Bottling,tiktok,paidsocial,ww_26,berry_carousel_a,,2026-02-24,768.35,
644,Pinecrest Bottling,fb,paidsocial,ww_26,carousel_b,,2026-02-24,2657.81,
645,Pinecrest Bottling,ig,paidsocial,ww_26,carousel_c,,2026-02-24,333.25,
646,Redrock Beverage,email,email,Winter Warmup 2026,cta_button,,2026-02-24,56.30,14075
647,Redrock Beverage,bing,ppc,winter-warmup-26,rsa_2,zestify soda,2026-02-24,1015.64,
648,Redrock Beverage,google,ppc,ww-26,generic_ad,zestify soda,2026-02-24,880.31,
649,Sunvale Drinks,sfmc,email,winter wamup 2026,cta_button,,2026-02-24,116.45,29113
650,Sunvale Drinks,fb,social,winter_warmup_email,video_6s_c,,2026-02-24,364.75,
651,Sunvale Drinks,google,cpc,winter_warmup_email,zero_generic_ad,zestify near me,2026-02-24,1000.00,
652,Sunvale Drinks,google,cpc,witer warmup_26,rsa_1,zestify near me,2026-02-24,966.23,
653,Harborline Distributing,Google Display,Display,winter-warmup-26,Carousel A,,2026-02-25,49.23,
654,Harborline Distributing,Google Display,Display,wintre-warmup_26,Video 6S B,,2026-02-25,185.86,
655,Harborline Distributing,Facebook,Paid Social,witer_warmup 2026,Ginger Reel B,,2026-02-25,555.44,
656,Harborline Distributing,Instagram,Paid Social,witer_warmup 2026,Video 6S B,,2026-02-25,451.28,
657,Northgate Beverage,EMAIL,EMAIL,ORDER_CONFIRMATION,NOTICE_BODY,,2026-02-25,45.34,11335
658,Northgate Beverage,ig_paid,PAID_SOCIAL,WINTER_WARMUP_2026,ORIGINAL_STATIC_A,,2026-02-25,750.71,
659,Northgate Beverage,fb_paid,PAID_SOCIAL,WINTER_WARMUP_PUSH,BERRY_STATIC_A,,2026-02-25,2795.94,
660,Northgate Beverage,GDN,DISPLAY,WW26_Launch,STORY_C,,2026-02-25,625.82,
661,Pinecrest Bottling,sms,sms,rte_chg_notice,cta_button,,2026-02-25,113.12,9427
662,Pinecrest Bottling,ig,paidsocial,ww26_retargeting,berry_story_b,,2026-02-25,279.08,
663,Pinecrest Bottling,fb,paidsocial,ww_26,static_c,,2026-02-25,2182.92,
664,Redrock Beverage,fb,paid-social,winter-warmup-26,reel_a,,2026-02-25,1122.32,
665,Redrock Beverage,fb,social,winter-warmup-26,video_15s_c,,2026-02-25,636.23,
666,Redrock Beverage,google,ppc,ww-26,loyalty_generic_ad,sparkling lime drink,2026-02-25,627.91,
667,Redrock Beverage,tiktok,paid-social,ww-26,loyalty_lime_reel_b,,2026-02-25,979.78,
668,Sunvale Drinks,sfmc,email,winter wamup 2026,hero_banner,,2026-02-25,132.34,33085
669,Sunvale Drinks,text,sms,winter wamup 2026,hero_banner,,2026-02-25,22.76,1897
670,Sunvale Drinks,email,e-mail,winter_warmup_email,awareness_header_image,,2026-02-25,96.30,24076
671,Sunvale Drinks,fb,social,winter_warmup_email,lime_carousel_b,,2026-02-25,388.88,
672,Harborline Distributing,google,paid search,witer_warmup 2026,Awareness Brand Ad,zestify soda,2026-02-26,833.36,
673,Harborline Distributing,Email,Email,witer_warmup 2026,Footer Link,,2026-02-26,51.24,12809
674,Harborline Distributing,Google Ads,Paid Search,witer_warmup 2026,Rt Original Generic Ad,zero sugar soda,2026-02-26,199.46,
675,Northgate Beverage,FACEBOOK,PAID_SOCIAL,WINTER_WARMUP_2026,LIME_STORY_B,,2026-02-26,603.06,
676,Northgate Beverage,GDN,DISPLAY,WINTER_WARMUP_2026,RT_BERRY_STATIC_B,,2026-02-26,655.53,
677,Northgate Beverage,FB,PAID_SOCIAL,WINTER_WARMUP_2026,STORY_B,,2026-02-26,839.26,
678,Northgate Beverage,fb_paid,paid_social,WINTER_WARMUP_PUSH,RT_VIDEO_6S_C,,2026-02-26,1553.04,
679,Northgate Beverage,FACEBOOK,PAID_SOCIAL,WW26_Launch,REEL_C,,2026-02-26,408.59,
680,Pinecrest Bottling,email,email,ord_conf,notice_body,,2026-02-26,46.35,11588
681,Pinecrest Bottling,fb,paidsocial,ww26_retargeting,lime_carousel_c,,2026-02-26,391.25,
682,Pinecrest Bottling,tiktok,paidsocial,ww_26,awareness_carousel_b,,2026-02-26,633.60,
683,Pinecrest Bottling,google,cpc,ww_26,brand_ad,zero sugar soda,2026-02-26,338.32,
684,Pinecrest Bottling,ig,paidsocial,ww_26,reel_a,,2026-02-26,473.81,
685,Pinecrest Bottling,fb,paidsocial,ww_26,static_c,,2026-02-26,773.59,
686,Redrock Beverage,email,email,order-receipt,cta_button,,2026-02-26,132.16,33041
687,Redrock Beverage,fb,social,winter-warmup-26,lime_carousel_a,,2026-02-26,700.70,
688,Redrock Beverage,programmatic,display,winter-warmup-26,reel_b,,2026-02-26,330.40,
689,Redrock Beverage,bing,ppc,ww-26,awareness_generic_ad,zestify near me,2026-02-26,971.91,
690,Redrock Beverage,programmatic,display,ww-26,ginger_story_a,,2026-02-26,634.14,
691,Sunvale Drinks,sfmc,e-mail,password_reset,notice_body,,2026-02-26,105.40,26350
692,Sunvale Drinks,email,email,winter wamup 2026,footer_link,,2026-02-26,32.26,8065
693,Sunvale Drinks,google,cpc,witer warmup_26,generic_ad,sparkling lime drink,2026-02-26,715.84,
694,Harborline Distributing,Instagram,Paid Social,witer_warmup 2026,Awareness Video 15S B,,2026-02-27,168.94,
695,Harborline Distributing,facebook,paid social,witer_warmup 2026,Loyalty Story C,,2026-02-27,502.54,
696,Northgate Beverage,FACEBOOK,PAID_SOCIAL,WINTER_WARMUP_2026,AWARENESS_LIME_REEL_A,,2026-02-27,1543.43,
697,Northgate Beverage,IG,PAID_SOCIAL,WINTER_WARMUP_PUSH,CAROUSEL_A,,2026-02-27,771.25,
698,Northgate Beverage,FACEBOOK,paid_social,WINTER_WARMUP_PUSH,REEL_A,,2026-02-27,1792.91,
699,Pinecrest Bottling,ig,paidsocial,ww_26,static_a,,2026-02-27,219.84,
700,Pinecrest Bottling,ig,paidsocial,ww_26,static_a,,2026-02-27,3247.51,
701,Pinecrest Bottling,fb,paidsocial,ww_26,static_b,,2026-02-27,422.10,
702,Redrock Beverage,google,ppc,ww-26,ginger_generic_ad,zero sugar soda,2026-02-27,361.62,
703,Redrock Beverage,tiktok,paid-social,ww-26,story_b,,2026-02-27,223.77,
704,Sunvale Drinks,email,e-mail,winter wamup 2026,cta_button,,2026-02-27,123.78,30944
705,Sunvale Drinks,email,email,winter wamup 2026,cta_button,,2026-02-27,107.17,26793
706,Sunvale Drinks,fb,social,winter_warmup_email,coupon_video_6s_c,,2026-02-27,685.83,
707,Sunvale Drinks,email,email,winter_warmup_email,cta_button,,2026-02-27,130.46,32616
708,Sunvale Drinks,google,cpc,winter_warmup_email,lime_brand_ad,sparkling lime drink,2026-02-27,321.42,
709,Sunvale Drinks,newsletter,email,witer warmup_26,awareness_header_image,,2026-02-27,29.88,7469
710,Harborline Distributing,Google Ads,paid search,winter-warmup-26,Recipe Original Brand Ad,zero sugar soda,2026-02-28,495.64,
711,Harborline Distributing,Google Ads,paid search,winter-warmup-26,Zero Generic Ad,sparkling lime drink,2026-02-28,1010.28,
712,Harborline Distributing,facebook,paid social,wintre-warmup_26,Carousel B,,2026-02-28,234.10,
713,Harborline Distributing,Instagram,Paid Social,wintre-warmup_26,Story C,,2026-02-28,1534.09,
714,Harborline Distributing,facebook,paid social,wintre-warmup_26,Zero Reel C,,2026-02-28,777.37,
715,Northgate Beverage,FACEBOOK,PAID_SOCIAL,WINTER_WARMUP_2026,CAROUSEL_C,,2026-02-28,1491.63,
716,Northgate Beverage,GOOGLE,CPC,WINTER_WARMUP_2026,GINGER_RSA_2,sparkling lime drink,2026-02-28,987.40,
717,Northgate Beverage,EMAIL,EMAIL,WINTER_WARMUP_2026,HERO_BANNER,,2026-02-28,142.21,35552
718,Northgate Beverage,ig_paid,PAID_SOCIAL,WINTER_WARMUP_2026,STATIC_C,,2026-02-28,651.38,
719,Northgate Beverage,FB,PAID_SOCIAL,WINTER_WARMUP_PUSH,ORIGINAL_CAROUSEL_A,,2026-02-28,1484.72,
720,Northgate Beverage,ig_paid,PAID_SOCIAL,WW26_Launch,AWARENESS_REEL_A,,2026-02-28,1470.37,
721,Redrock Beverage,email,email,Winter Warmup 2026,hero_banner,,2026-02-28,39.14,9786
722,Redrock Beverage,bing,ppc,winter-warmup-26,generic_ad,zero sugar soda,2026-02-28,524.65,
723,Sunvale Drinks,email,email,winter wamup 2026,cta_button,,2026-02-28,42.52,10630
724,Sunvale Drinks,email,e-mail,winter wamup 2026,header_image,,2026-02-28,132.72,33180
725,Sunvale Drinks,google,cpc,winter_warmup_email,rt_lime_generic_ad,zestify soda,2026-02-28,735.28,
726,Harborline Distributing,Google Ads,paid search,wintre-warmup_26,Loyalty Original Brand Ad,sparkling lime drink,2026-03-01,1316.32,
727,Harborline Distributing,Facebook,paid social,witer_warmup 2026,Lime Story B,,2026-03-01,450.59,
728,Northgate Beverage,GOOGLE,CPC,WINTER_WARMUP_PUSH,RSA_1,sparkling lime drink,2026-03-01,2093.86,
729,Northgate Beverage,IG,PAID_SOCIAL,WW26_Launch,COUPON_REEL_B,,2026-03-01,495.52,
730,Pinecrest Bottling,ig,paidsocial,winterwarmup,recipe_reel_c,,2026-03-01,1604.58,
731,Pinecrest Bottling,google,cpc,ww26_retargeting,coupon_rsa_1,zestify soda,2026-03-01,981.68,
732,Redrock Beverage,bing,ppc,winter-warmup-26,brand_ad,zero sugar soda,2026-03-01,787.43,
733,Redrock Beverage,fb,social,winter-warmup-26,coupon_carousel_c,,2026-03-01,937.65,
734,Redrock Beverage,programmatic,display,winter-warmup-26,lime_story_c,,2026-03-01,732.92,
735,Redrock Beverage,bing,ppc,ww-26,awareness_brand_ad,zero sugar soda,2026-03-01,1348.91,
736,Redrock Beverage,email,email,ww-26,footer_link,,2026-03-01,127.87,31967
737,Redrock Beverage,tiktok,paid-social,ww-26,zero_reel_a,,2026-03-01,184.59,
738,Sunvale Drinks,fb,social,winter wamup 2026,loyalty_zero_carousel_a,,2026-03-01,258.79,
739,Sunvale Drinks,text,sms,witer warmup_26,footer_link,,2026-03-01,88.75,7396
740,Northgate Beverage,EMAIL,EMAIL,ORDER_CONFIRMATION,NOTICE_BODY,,2026-03-02,133.80,33449
741,Northgate Beverage,FB,PAID_SOCIAL,SPRING_REFRESH_2026,COUPON_VIDEO_15S_A,,2026-03-02,1403.29,
742,Pinecrest Bottling,fb,paidsocial,sr26,video_6s_c,,2026-03-02,650.82,
743,Redrock Beverage,bing,ppc,SpringRefresh2026,zero_generic_ad,zero sugar soda,2026-03-02,288.70,
744,Redrock Beverage,email,email,order-receipt,cta_button,,2026-03-02,29.53,7383
745,Sunvale Drinks,sfmc,e-mail,receipt,cta_button,,2026-03-02,28.24,7060
746,Northgate Beverage,GOOGLE,CPC,SPRING_REFRESH_2026,RT_GENERIC_AD,lemon lime soda,2026-03-03,1261.10,
747,Sunvale Drinks,newsletter,email,order_confirmation,notice_body,,2026-03-03,90.45,22613
748,Sunvale Drinks,email,e-mail,password_reset,notice_body,,2026-03-04,119.44,29859
749,Sunvale Drinks,newsletter,e-mail,route_change_notice,notice_body,,2026-03-04,86.98,21744
750,Sunvale Drinks,email,email,winter_warmup_to_spring_refresh,header_image,,2026-03-04,104.13,26033
751,Harborline Distributing,Google Ads,Paid Search,spring-refresh-26,Rt Brand Ad,zero sugar soda,2026-03-05,215.68,
752,Pinecrest Bottling,email,email,ord_conf,notice_body,,2026-03-05,19.54,4885
753,Pinecrest Bottling,sms,sms,rte_chg_notice,cta_button,,2026-03-05,24.68,2057
754,Pinecrest Bottling,ig,paidsocial,sr26_promo,static_a,,2026-03-05,497.85,
755,Northgate Beverage,FACEBOOK,paid_social,SPRING_REFRESH_Q3,RECIPE_STATIC_C,,2026-03-06,788.85,
756,Northgate Beverage,FB,paid_social,SPRING_REFRESH_Q3,VIDEO_15S_B,,2026-03-06,1425.25,
757,Harborline Distributing,facebook,paid social,spriing-refresh_26,Berry Video 15S A,,2026-03-07,591.50,
758,Northgate Beverage,FACEBOOK,PAID_SOCIAL,SPRING_REFRESH_Q3,CAROUSEL_B,,2026-03-07,4920.85,
759,Pinecrest Bottling,fb,paidsocial,sr26,story_a,,2026-03-07,492.34,
760,Pinecrest Bottling,ig,paidsocial,sr26_promo,story_b,,2026-03-07,188.02,
761,Pinecrest Bottling,fb,paidsocial,sr26_promo,zero_video_15s_a,,2026-03-07,1427.02,
762,Harborline Distributing,Email,Email,Invoice Ready,Cta Button,,2026-03-08,123.68,30921
763,Redrock Beverage,programmatic,display,SpringRefresh2026,coupon_zero_story_c,,2026-03-08,1036.98,
764,Redrock Beverage,bing,ppc,SpringRefresh2026,zero_brand_ad,zestify near me,2026-03-08,1361.52,
765,Sunvale Drinks,sms,sms,delivery_window_reminder,transactional_template,,2026-03-08,125.39,10449
766,Harborline Distributing,Email,Email,Delivery Reminder,Notice Body,,2026-03-09,101.61,25402
767,Northgate Beverage,FB,paid_social,SPRING_REFRESH_2026,ORIGINAL_REEL_A,,2026-03-09,1590.51,
768,Northgate Beverage,GDN,DISPLAY,SPRING_REFRESH_2026,RT_STORY_A,,2026-03-09,618.00,
769,Northgate Beverage,FACEBOOK,paid_social,SPRING_REFRESH_Q3,COUPON_STATIC_A,,2026-03-09,661.68,
770,Pinecrest Bottling,fb,paidsocial,sr26,story_a,,2026-03-09,371.34,
771,Pinecrest Bottling,ig,paidsocial,sr26_promo,static_a,,2026-03-09,707.87,
772,Pinecrest Bottling,google,cpc,sr26_retargeting,rsa_1,zestify near me,2026-03-09,350.81,
773,Redrock Beverage,google,ppc,SpringRefresh2026,zero_generic_ad,zero sugar soda,2026-03-09,456.00,
774,Northgate Beverage,GOOGLE,CPC,SPRING_REFRESH_2026,GENERIC_AD,sparkling lime drink,2026-03-10,1388.64,
775,Pinecrest Bottling,sms,sms,rte_chg_notice,cta_button,,2026-03-10,54.01,4501
776,Sunvale Drinks,sfmc,email,route_change_notice,notice_body,,2026-03-10,51.08,12770
777,Sunvale Drinks,newsletter,email,spring_refresh_blast,footer_link,,2026-03-10,32.08,8021
778,Sunvale Drinks,sfmc,e-mail,spring_refresh_blast,loyalty_footer_link,,2026-03-10,75.26,18816
779,Sunvale Drinks,newsletter,e-mail,spring_refresh_blast,rt_hero_banner,,2026-03-10,61.72,15429
780,Harborline Distributing,Google Ads,Paid Search,spring-refresh-26,Rsa 2,zestify soda,2026-03-11,1100.18,
781,Northgate Beverage,GOOGLE,CPC,SPRING_REFRESH_2026,RT_GENERIC_AD,lemon lime soda,2026-03-11,909.20,
782,Northgate Beverage,FB,paid_social,ZST-SpringRefresh,RECIPE_ZERO_STORY_C,,2026-03-11,660.10,
783,Pinecrest Bottling,email,email,ord_conf,notice_body,,2026-03-11,68.05,17012
784,Pinecrest Bottling,ig,paidsocial,sr26_promo,story_b,,2026-03-11,420.68,
785,Redrock Beverage,bing,ppc,SpringRefresh2026,zero_brand_ad,zestify near me,2026-03-11,1294.22,
786,Harborline Distributing,Email,Email,Invoice Ready,Cta Button,,2026-03-12,103.25,25812
787,Harborline Distributing,Google Ads,paid search,spring-refresh-26,Rt Brand Ad,zestify near me,2026-03-12,351.98,
788,Northgate Beverage,EMAIL,EMAIL,ORDER_CONFIRMATION,NOTICE_BODY,,2026-03-12,47.27,11818
789,Northgate Beverage,FB,paid_social,SPRING_REFRESH_2026,VIDEO_15S_C,,2026-03-12,1574.88,
790,Pinecrest Bottling,fb,paidsocial,sr26,loyalty_berry_video_6s_c,,2026-03-12,604.01,
791,Pinecrest Bottling,google,cpc,sr26_retargeting,awareness_berry_rsa_2,zestify soda,2026-03-12,6342.64,
792,Redrock Beverage,email,email,order-receipt,cta_button,,2026-03-12,113.09,28272
793,Redrock Beverage,meta,social,spring-refresh-26,awareness_video_15s_a,,2026-03-12,186.40,
794,Redrock Beverage,tiktok,paid-social,spring-refresh-26,video_15s_a,,2026-03-12,662.26,
795,Sunvale Drinks,email,email,password_reset,notice_body,,2026-03-12,86.57,21642
796,Sunvale Drinks,email,email,receipt,cta_button,,2026-03-12,46.52,11631
797,Sunvale Drinks,email,email,winter_warmup_to_spring_refresh,header_image,,2026-03-12,51.12,12780
798,Harborline Distributing,facebook,Paid Social,spriing-refresh_26,Berry Video 15S A,,2026-03-13,595.89,
799,Harborline Distributing,Google Display,Display,spriing-refresh_26,Story A,,2026-03-13,195.63,
800,Harborline Distributing,google,paid search,spring-refresh-26,Loyalty Generic Ad,sparkling lime drink,2026-03-13,340.00,
801,Northgate Beverage,EMAIL,EMAIL,DELIVERY_REMINDER,NOTICE_BODY,,2026-03-13,48.02,12005
802,Pinecrest Bottling,fb,paidsocial,sr26,video_6s_c,,2026-03-13,665.60,
803,Pinecrest Bottling,fb,paidsocial,sr26_promo,video_6s_a,,2026-03-13,1096.71,
804,Sunvale Drinks,email,email,order_confirmation,notice_body,,2026-03-13,86.70,21674
805,Sunvale Drinks,sfmc,email,spring refrseh 2026,loyalty_header_image,,2026-03-13,52.93,13232
806,Sunvale Drinks,facebook,social,spring_refresh_blast,ginger_reel_a,,2026-03-13,106.00,
807,Northgate Beverage,FACEBOOK,PAID_SOCIAL,SPRING_REFRESH_2026,COUPON_VIDEO_15S_A,,2026-03-14,867.87,
808,Pinecrest Bottling,fb,paidsocial,sr26_promo,zero_video_15s_a,,2026-03-14,1142.09,
809,Redrock Beverage,programmatic,display,SpringRefresh2026,coupon_zero_story_c,,2026-03-14,578.02,
810,Redrock Beverage,fb,paid-social,spring-refresh-26,ginger_story_a,,2026-03-14,244.14,
811,Redrock Beverage,tiktok,paid-social,spring-refresh-26,loyalty_story_c,,2026-03-14,532.48,
812,Sunvale Drinks,text,sms,delivery_window_reminder,transactional_template,,2026-03-14,20.75,1729
813,Sunvale Drinks,newsletter,email,spring refrseh 2026,hero_banner,,2026-03-14,24.17,6042
814,Sunvale Drinks,sms,sms,spring refrseh 2026,hero_banner,,2026-03-14,109.82,9152
815,Harborline Distributing,google,paid search,Spring%20Refresh,Coupon Zero Rsa 2,zestify soda,2026-03-15,1548.26,
816,Harborline Distributing,Google Display,Display,spring-refresh-26,Lime Video 15S A,,2026-03-15,156.85,
817,Northgate Beverage,fb_paid,PAID_SOCIAL,SPRING_REFRESH_Q3,CAROUSEL_B,,2026-03-15,5169.51,
818,Northgate Beverage,FB,PAID_SOCIAL,SPRING_REFRESH_Q3,RECIPE_STATIC_C,,2026-03-15,468.30,
819,Northgate Beverage,FB,paid_social,SPRING_REFRESH_Q3,VIDEO_15S_B,,2026-03-15,1333.78,
820,Sunvale Drinks,email,email,service_survey,transactional_template,,2026-03-15,17.98,4495
821,Sunvale Drinks,email,email,spring refrseh 2026,awareness_hero_banner,,2026-03-15,27.25,6812
822,Harborline Distributing,google,Paid Search,Spring%20Refresh,Loyalty Generic Ad,zestify soda,2026-03-16,213.43,
823,Northgate Beverage,EMAIL,EMAIL,DELIVERY_REMINDER,NOTICE_BODY,,2026-03-16,146.54,36636
824,Northgate Beverage,FB,PAID_SOCIAL,SPRING_REFRESH_2026,COUPON_VIDEO_15S_A,,2026-03-16,1033.12,
825,Northgate Beverage,FACEBOOK,paid_social,SPRING_REFRESH_Q3,VIDEO_15S_B,,2026-03-16,1627.44,
826,Pinecrest Bottling,fb,paidsocial,sr26,loyalty_berry_video_6s_c,,2026-03-16,464.31,
827,Redrock Beverage,google,ppc,SpringRefresh2026,coupon_brand_ad,zestify near me,2026-03-16,508.51,
828,Redrock Beverage,email,email,order-receipt,cta_button,,2026-03-16,122.86,30714
829,Redrock Beverage,facebook,paid-social,spring-refresh-26,ginger_story_a,,2026-03-16,325.11,
830,Sunvale Drinks,facebook,social,spring_refresh_blast,video_6s_a,,2026-03-16,779.33,
831,Harborline Distributing,Facebook,paid social,Spring%20Refresh,Static A,,2026-03-17,644.74,
832,Harborline Distributing,Facebook,Paid Social,spriing-refresh_26,Berry Video 15S A,,2026-03-17,878.14,
833,Harborline Distributing,Google Ads,Paid Search,spring-refresh-26,Rt Brand Ad,zero sugar soda,2026-03-17,250.77,
834,Harborline Distributing,Instagram,Paid Social,spring-refresh-26,Static A,,2026-03-17,597.93,
835,Northgate Beverage,EMAIL,EMAIL,ORDER_CONFIRMATION,NOTICE_BODY,,2026-03-17,81.60,20400
836,Pinecrest Bottling,fb,paidsocial,sr26_promo,berry_story_b,,2026-03-17,624.43,
837,Pinecrest Bottling,tiktok,paidsocial,sr26_promo,recipe_berry_reel_b,,2026-03-17,282.98,
838,Pinecrest Bottling,google,cpc,sr26_retargeting,awareness_berry_rsa_2,zestify soda,2026-03-17,5447.29,
839,Northgate Beverage,fb_paid,paid_social,SPRING_REFRESH_Q3,RECIPE_STATIC_C,,2026-03-18,758.45,
840,Pinecrest Bottling,fb,paidsocial,sr26_promo,zero_video_15s_a,,2026-03-18,1827.20,
841,Redrock Beverage,programmatic,display,SpringRefresh2026,coupon_zero_story_c,,2026-03-18,839.08,
842,Redrock Beverage,bing,ppc,SpringRefresh2026,zero_generic_ad,zestify near me,2026-03-18,270.49,
843,Sunvale Drinks,sfmc,email,order_confirmation,notice_body,,2026-03-18,53.53,13383
844,Sunvale Drinks,sfmc,email,route_change_notice,notice_body,,2026-03-18,66.12,16531
845,Sunvale Drinks,sfmc,e-mail,service_survey,transactional_template,,2026-03-18,57.63,14408
846,Sunvale Drinks,newsletter,email,winter_warmup_to_spring_refresh,header_image,,2026-03-18,155.55,38888
847,Harborline Distributing,Email,Email,Spring%20Refresh,Hero Banner,,2026-03-19,52.15,13038
848,Harborline Distributing,facebook,Paid Social,Spring%20Refresh,Zero Video 6S B,,2026-03-19,473.87,
849,Harborline Distributing,Google Display,Display,spriing-refresh_26,Story A,,2026-03-19,309.10,
850,Harborline Distributing,Google Display,Display,spring-refresh-26,Lime Video 15S A,,2026-03-19,202.49,
851,Northgate Beverage,FB,PAID_SOCIAL,SPRING_REFRESH_2026,VIDEO_15S_C,,2026-03-19,1296.53,
852,Northgate Beverage,FACEBOOK,paid_social,ZST-SpringRefresh,RECIPE_ZERO_STORY_C,,2026-03-19,771.34,
853,Pinecrest Bottling,email,email,ord_conf,notice_body,,2026-03-19,81.87,20468
854,Pinecrest Bottling,fb,paidsocial,sr26,video_6s_c,,2026-03-19,586.24,
855,Pinecrest Bottling,ig,paidsocial,sr26_promo,static_a,,2026-03-19,602.78,
856,Pinecrest Bottling,email,email,sr26_retargeting,hero_banner,,2026-03-19,32.72,8181
857,Pinecrest Bottling,google,cpc,sr26_retargeting,rsa_1,zero sugar soda,2026-03-19,429.95,
858,Sunvale Drinks,google,cpc,SpringRefresh2026,rt_generic_ad,zero sugar soda,2026-03-19,1662.96,
859,Sunvale Drinks,text,sms,delivery_window_reminder,transactional_template,,2026-03-19,83.16,6930
860,Sunvale Drinks,email,email,password_reset,notice_body,,2026-03-19,137.63,34407
861,Harborline Distributing,Google Display,Display,Spring%20Refresh,Ginger Static B,,2026-03-20,243.66,
862,Harborline Distributing,google,paid search,spring-refresh-26,Loyalty Generic Ad,zestify soda,2026-03-20,591.33,
863,Harborline Distributing,google,paid search,spring-refresh-26,Rsa 2,zestify soda,2026-03-20,840.02,
864,Northgate Beverage,GDN,DISPLAY,SPRING_REFRESH_2026,RT_STORY_A,,2026-03-20,553.19,
865,Northgate Beverage,FACEBOOK,paid_social,SPRING_REFRESH_Q3,COUPON_STATIC_A,,2026-03-20,344.14,
866,Pinecrest Bottling,fb,paidsocial,sr26,story_a,,2026-03-20,343.02,
867,Sunvale Drinks,sfmc,e-mail,spring refrseh 2026,hero_banner,,2026-03-20,58.48,14620
868,Sunvale Drinks,email,email,spring_refresh_blast,cta_button,,2026-03-20,26.27,6567
869,Sunvale Drinks,email,e-mail,spring_refresh_blast,footer_link,,2026-03-20,46.18,11546
870,Harborline Distributing,Email,Email,Delivery Reminder,Notice Body,,2026-03-21,131.49,32873
871,Harborline Distributing,Google Ads,Paid Search,Spring%20Refresh,Coupon Zero Rsa 2,zestify near me,2026-03-21,2276.19,
872,Harborline Distributing,Facebook,Paid Social,Spring%20Refresh,Loyalty Ginger Reel B,,2026-03-21,743.59,
873,Northgate Beverage,GOOGLE,CPC,SPRING_REFRESH_2026,GENERIC_AD,zestify soda,2026-03-21,728.12,
874,Northgate Beverage,fb_paid,PAID_SOCIAL,SPRING_REFRESH_Q3,CAROUSEL_B,,2026-03-21,6210.49,
875,Pinecrest Bottling,ig,paidsocial,sr26_promo,story_b,,2026-03-21,215.37,
876,Redrock Beverage,google,ppc,SpringRefresh2026,zero_brand_ad,zestify soda,2026-03-21,1090.66,
877,Redrock Beverage,tiktok,paid-social,SpringRefresh2026,zero_carousel_a,,2026-03-21,198.72,
878,Redrock Beverage,meta,paid-social,spring-refresh-26,awareness_video_15s_a,,2026-03-21,187.24,
879,Redrock Beverage,bing,ppc,sr-26,recipe_generic_ad,zero sugar soda,2026-03-21,2125.49,
880,Sunvale Drinks,email,e-mail,spring refrseh 2026,loyalty_header_image,,2026-03-21,146.78,36694
881,Harborline Distributing,Email,Email,Invoice Ready,Cta Button,,2026-03-22,134.66,33665
882,Northgate Beverage,FACEBOOK,PAID_SOCIAL,SPRING_REFRESH_2026,ORIGINAL_REEL_A,,2026-03-22,1113.76,
883,Northgate Beverage,GOOGLE,CPC,SPRING_REFRESH_2026,RT_GENERIC_AD,zestify near me,2026-03-22,1015.18,
884,Northgate Beverage,fb_paid,PAID_SOCIAL,SPRING_REFRESH_Q3,STORY_A,,2026-03-22,731.42,
885,Pinecrest Bottling,sms,sms,rte_chg_notice,cta_button,,2026-03-22,90.56,7547
886,Pinecrest Bottling,fb,paidsocial,sr26_promo,video_6s_a,,2026-03-22,752.15,
887,Redrock Beverage,tiktok,paid-social,spring-refresh-26,loyalty_story_c,,2026-03-22,364.90,
888,Redrock Beverage,tiktok,paid-social,spring-refresh-26,video_15s_a,,2026-03-22,598.83,
889,Sunvale Drinks,email,email,SpringRefresh2026,footer_link,,2026-03-22,123.55,30888
890,Sunvale Drinks,sfmc,email,receipt,cta_button,,2026-03-22,125.87,31468
891,Sunvale Drinks,email,email,spring refrseh 2026,awareness_hero_banner,,2026-03-22,45.58,11396
892,Sunvale Drinks,text,sms,spring refrseh 2026,hero_banner,,2026-03-22,101.50,8458
893,Sunvale Drinks,fb,social,spring_refresh_blast,ginger_reel_a,,2026-03-22,111.06,
894,Sunvale Drinks,email,e-mail,spring_refresh_blast,loyalty_footer_link,,2026-03-22,78.54,19635
895,Sunvale Drinks,newsletter,email,spring_refresh_blast,rt_hero_banner,,2026-03-22,154.58,38644
896,Harborline Distributing,Google Display,Display,Spring%20Refresh,Awareness Original Reel B,,2026-03-23,133.43,
897,Harborline Distributing,facebook,paid social,spriing-refresh_26,Loyalty Ginger Carousel C,,2026-03-23,619.90,
898,Northgate Beverage,FACEBOOK,paid_social,SPRING_REFRESH_Q3,RECIPE_STATIC_C,,2026-03-23,406.34,
899,Northgate Beverage,FB,PAID_SOCIAL,SPRING_REFRESH_Q3,VIDEO_15S_B,,2026-03-23,771.97,
900,Northgate Beverage,fb_paid,paid_social,ZST-SpringRefresh,RECIPE_ZERO_STORY_C,,2026-03-23,636.32,
901,Pinecrest Bottling,google,cpc,sr26,rsa_1,zestify near me,2026-03-23,361.11,
902,Pinecrest Bottling,fb,paidsocial,sr26_promo,berry_story_b,,2026-03-23,1087.39,
903,Redrock Beverage,email,email,order-receipt,cta_button,,2026-03-23,65.06,16264
904,Redrock Beverage,bing,ppc,sr-26,recipe_generic_ad,zestify near me,2026-03-23,1278.45,
905,Sunvale Drinks,sms,sms,spring_refresh_blast,header_image,,2026-03-23,82.51,6876
906,Sunvale Drinks,sfmc,email,spring_refresh_blast,hero_banner,,2026-03-23,25.25,6313
907,Harborline Distributing,Email,Email,Spring%20Refresh,Hero Banner,,2026-03-24,131.20,32799
908,Harborline Distributing,Email,Email,Spring%20Refresh,Hero Banner,,2026-03-24,131.20,32799
909,Harborline Distributing,Google Display,Display,spring-refresh-26,Lime Video 15S A,,2026-03-24,311.39,
910,Harborline Distributing,Google Ads,Paid Search,spring-refresh-26,Loyalty Generic Ad,lemon lime soda,2026-03-24,500.20,
911,Harborline Distributing,Google Ads,paid search,spring-refresh-26,Rt Brand Ad,sparkling lime drink,2026-03-24,305.72,
912,Harborline Distributing,Instagram,Paid Social,spring-refresh-26,Static A,,2026-03-24,317.28,
913,Northgate Beverage,GOOGLE,CPC,SPRING_REFRESH_2026,RT_GENERIC_AD,zestify soda,2026-03-24,1616.40,
914,Pinecrest Bottling,sms,sms,rte_chg_notice,cta_button,,2026-03-24,120.13,10011
915,Pinecrest Bottling,fb,paidsocial,sr26,video_6s_c,,2026-03-24,561.53,
916,Pinecrest Bottling,ig,paidsocial,sr26_promo,static_a,,2026-03-24,318.16,
917,Pinecrest Bottling,ig,paidsocial,sr26_promo,story_b,,2026-03-24,191.99,
918,Pinecrest Bottling,google,cpc,sr26_retargeting,rsa_1,zestify soda,2026-03-24,645.34,
919,Redrock Beverage,tiktok,paid-social,SpringRefresh2026,zero_carousel_a,,2026-03-24,326.92,
920,Redrock Beverage,meta,social,spring-refresh-26,ginger_story_a,,2026-03-24,286.08,
921,Sunvale Drinks,newsletter,email,password_reset,notice_body,,2026-03-24,119.00,29749
922,Sunvale Drinks,newsletter,email,spring refrseh 2026,awareness_hero_banner,,2026-03-24,73.28,18321
923,Sunvale Drinks,sfmc,e-mail,spring_refresh_blast,cta_button,,2026-03-24,21.87,5468
924,Sunvale Drinks,sfmc,e-mail,spring_refresh_blast,rt_hero_banner,,2026-03-24,79.24,19810
925,Harborline Distributing,Email,Email,Invoice Ready,Cta Button,,2026-03-25,113.55,28388
926,Harborline Distributing,Facebook,Paid Social,Spring%20Refresh,Loyalty Ginger Reel B,,2026-03-25,531.32,
927,Harborline Distributing,Facebook,paid social,Spring%20Refresh,Zero Video 6S B,,2026-03-25,908.00,
928,Northgate Beverage,FACEBOOK,PAID_SOCIAL,SPRING_REFRESH_2026,VIDEO_15S_C,,2026-03-25,2166.00,
929,Northgate Beverage,fb_paid,PAID_SOCIAL,SPRING_REFRESH_Q3,CAROUSEL_B,,2026-03-25,2965.70,
930,Northgate Beverage,FB,paid_social,SPRING_REFRESH_Q3,COUPON_STATIC_A,,2026-03-25,454.89,
931,Pinecrest Bottling,fb,paidsocial,sr26,story_a,,2026-03-25,476.23,
932,Pinecrest Bottling,tt,paidsocial,sr26_promo,static_b,,2026-03-25,249.24,
933,Pinecrest Bottling,google,cpc,sr26_retargeting,awareness_berry_rsa_2,lemon lime soda,2026-03-25,2558.36,
934,Pinecrest Bottling,email,email,sr26_retargeting,hero_banner,,2026-03-25,125.61,31403
935,Pinecrest Bottling,fb,paidsocial,sr26_retargeting,loyalty_static_c,,2026-03-25,510.55,
936,Pinecrest Bottling,google,cpc,sr26_retargeting,rsa_1,lemon lime soda,2026-03-25,422.67,
937,Sunvale Drinks,sfmc,email,SpringRefresh2026,footer_link,,2026-03-25,109.68,27420
938,Sunvale Drinks,google,cpc,SpringRefresh2026,rt_generic_ad,lemon lime soda,2026-03-25,911.96,
939,Sunvale Drinks,email,email,receipt,cta_button,,2026-03-25,24.98,6245
940,Sunvale Drinks,sfmc,e-mail,service_survey,transactional_template,,2026-03-25,49.53,12383
941,Harborline Distributing,Google Display,Display,Spring%20Refresh,Ginger Static B,,2026-03-26,192.66,
942,Harborline Distributing,Email,Email,Spring%20Refresh,Loyalty Cta Button,,2026-03-26,124.52,31130
943,Harborline Distributing,Google Ads,paid search,Spring%20Refresh,Loyalty Generic Ad,lemon lime soda,2026-03-26,422.70,
944,Harborline Distributing,google,paid search,spring-refresh-26,Rsa 2,sparkling lime drink,2026-03-26,844.90,
945,Northgate Beverage,FB,PAID_SOCIAL,SPRING_REFRESH_2026,COUPON_VIDEO_15S_A,,2026-03-26,1294.33,
946,Northgate Beverage,GOOGLE,CPC,SPRING_REFRESH_2026,COUPON_ZERO_BRAND_AD,zestify soda,2026-03-26,447.94,
947,Northgate Beverage,GOOGLE,CPC,SPRING_REFRESH_2026,GENERIC_AD,lemon lime soda,2026-03-26,719.82,
948,Northgate Beverage,GOOGLE,CPC,SPRING_REFRESH_2026,ORIGINAL_BRAND_AD,zestify near me,2026-03-26,685.82,
949,Northgate Beverage,FACEBOOK,paid_social,SPRING_REFRESH_2026,STATIC_B,,2026-03-26,937.97,
950,Northgate Beverage,GOOGLE,CPC,SPRING_REFRESH_Q3,RSA_1,sparkling lime drink,2026-03-26,619.10,
951,Pinecrest Bottling,fb,paidsocial,sr26_promo,video_6s_a,,2026-03-26,999.03,
952,Redrock Beverage,programmatic,display,SpringRefresh2026,coupon_zero_story_c,,2026-03-26,1146.97,
953,Redrock Beverage,meta,paid-social,SpringRefresh2026,story_c,,2026-03-26,244.54,
954,Redrock Beverage,google,ppc,SpringRefresh2026,zero_brand_ad,zero sugar soda,2026-03-26,1267.63,
955,Redrock Beverage,tiktok,paid-social,spring-refresh-26,loyalty_story_c,,2026-03-26,487.74,
956,Sunvale Drinks,facebook,social,spring refrseh 2026,rt_static_a,,2026-03-26,560.45,
957,Sunvale Drinks,sfmc,email,spring_refresh_blast,loyalty_footer_link,,2026-03-26,90.76,22691
958,Harborline Distributing,Facebook,Paid Social,Spring%20Refresh,Static A,,2026-03-27,956.96,
959,Northgate Beverage,EMAIL,EMAIL,DELIVERY_REMINDER,NOTICE_BODY,,2026-03-27,49.59,12397
960,Northgate Beverage,GDN,DISPLAY,SPRING_REFRESH_2026,RT_STORY_A,,2026-03-27,610.76,
961,Redrock Beverage,bing,ppc,SpringRefresh2026,coupon_brand_ad,zestify near me,2026-03-27,485.84,
962,Redrock Beverage,google,ppc,SpringRefresh2026,zero_generic_ad,zestify near me,2026-03-27,221.64,
963,Sunvale Drinks,text,sms,spring refrseh 2026,hero_banner,,2026-03-27,100.62,8385
964,Sunvale Drinks,newsletter,email,spring refrseh 2026,loyalty_header_image,,2026-03-27,36.52,9131
965,Harborline Distributing,google,paid search,Spring%20Refresh,Berry Generic Ad,sparkling lime drink,2026-03-28,1376.11,
966,Northgate Beverage,GOOGLE,CPC,SPRING_REFRESH_2026,BRAND_AD,zero sugar soda,2026-03-28,1219.50,
967,Northgate Beverage,FACEBOOK,paid_social,SPRING_REFRESH_2026,ORIGINAL_REEL_A,,2026-03-28,1683.86,
968,Northgate Beverage,IG,PAID_SOCIAL,SPRING_REFRESH_Q3,STATIC_A,,2026-03-28,1254.21,
969,Northgate Beverage,FB,paid_social,SPRING_REFRESH_Q3,STORY_A,,2026-03-28,1060.81,
970,Pinecrest Bottling,fb,paidsocial,sr26,loyalty_berry_video_6s_c,,2026-03-28,721.70,
971,Redrock Beverage,programmatic,display,SpringRefresh2026,carousel_a,,2026-03-28,268.54,
972,Redrock Beverage,facebook,paid-social,SpringRefresh2026,recipe_original_static_b,,2026-03-28,1081.95,
973,Sunvale Drinks,sms,sms,delivery_window_reminder,transactional_template,,2026-03-28,48.02,4002
974,Sunvale Drinks,email,email,spring refrseh 2026,hero_banner,,2026-03-28,78.67,19667
975,Sunvale Drinks,newsletter,e-mail,spring_refresh_blast,footer_link,,2026-03-28,42.82,10704
976,Sunvale Drinks,facebook,social,spring_refresh_blast,ginger_reel_a,,2026-03-28,77.45,
977,Sunvale Drinks,newsletter,email,spring_refresh_blast,hero_banner,,2026-03-28,42.01,10503
978,Harborline Distributing,Email,Email,Delivery Reminder,Notice Body,,2026-03-29,58.33,14583
979,Harborline Distributing,google,paid search,Spring%20Refresh,Coupon Zero Rsa 2,zero sugar soda,2026-03-29,1541.35,
980,Harborline Distributing,Facebook,paid social,spriing-refresh_26,Berry Video 15S A,,2026-03-29,1056.92,
981,Harborline Distributing,Google Display,Display,spriing-refresh_26,Story A,,2026-03-29,285.23,
982,Harborline Distributing,Instagram,Paid Social,spring-refresh-26,Original Static B,,2026-03-29,633.73,
983,Northgate Beverage,EMAIL,EMAIL,ORDER_CONFIRMATION,NOTICE_BODY,,2026-03-29,76.54,19134
984,Pinecrest Bottling,tt,paidsocial,sr26,zero_static_a,,2026-03-29,294.56,
985,Pinecrest Bottling,tiktok,paidsocial,sr26_promo,recipe_berry_reel_b,,2026-03-29,351.51,
986,Pinecrest Bottling,fb,paidsocial,sr26_promo,zero_video_15s_a,,2026-03-29,1708.93,
987,Redrock Beverage,facebook,paid-social,spring-refresh-26,awareness_video_15s_a,,2026-03-29,273.36,
988,Redrock Beverage,tiktok,paid-social,spring-refresh-26,video_15s_a,,2026-03-29,629.92,
989,Sunvale Drinks,facebook,social,spring_refresh_blast,video_6s_a,,2026-03-29,777.40,
990,Harborline Distributing,Email,Email,Spring%20Refresh,Hero Banner,,2026-03-30,32.09,8022
991,Harborline Distributing,Facebook,Paid Social,spriing-refresh_26,Berry Video 15S A,,2026-03-30,1254.37,
992,Northgate Beverage,fb_paid,PAID_SOCIAL,SPRING_REFRESH_Q3,COUPON_STATIC_A,,2026-03-30,442.11,
993,Pinecrest Bottling,fb,paidsocial,sr26_retargeting,loyalty_static_c,,2026-03-30,702.44,
994,Redrock Beverage,programmatic,display,SpringRefresh2026,coupon_zero_story_c,,2026-03-30,918.60,
995,Redrock Beverage,fb,paid-social,SpringRefresh2026,recipe_original_static_b,,2026-03-30,967.92,
996,Redrock Beverage,google,ppc,sr-26,recipe_generic_ad,lemon lime soda,2026-03-30,2357.49,
997,Sunvale Drinks,newsletter,e-mail,password_reset,notice_body,,2026-03-30,159.51,39878
998,Sunvale Drinks,newsletter,e-mail,spring refrseh 2026,awareness_hero_banner,,2026-03-30,148.02,37006
999,Sunvale Drinks,email,e-mail,spring_refresh_blast,cta_button,,2026-03-30,52.92,13229
1000,Sunvale Drinks,facebook,social,spring_refresh_blast,ginger_reel_a,,2026-03-30,82.64,
1001,Harborline Distributing,Google Ads,Paid Search,Spring%20Refresh,Berry Generic Ad,zero sugar soda,2026-03-31,1082.42,
1002,Harborline Distributing,Facebook,Paid Social,spriing-refresh_26,Loyalty Ginger Carousel C,,2026-03-31,503.65,
1003,Harborline Distributing,Google Display,Display,spriing-refresh_26,Story A,,2026-03-31,259.31,
1004,Harborline Distributing,Instagram,Paid Social,spring-refresh-26,Static A,,2026-03-31,501.09,
1005,Harborline Distributing,facebook,Paid Social,spring-refresh-26,Video 6S B,,2026-03-31,970.25,
1006,Northgate Beverage,GDN,DISPLAY,SPRING_REFRESH_2026,RT_STORY_A,,2026-03-31,461.38,
1007,Northgate Beverage,FB,PAID_SOCIAL,SPRING_REFRESH_Q3,RECIPE_STATIC_C,,2026-03-31,391.58,
1008,Northgate Beverage,ig_paid,PAID_SOCIAL,SPRING_REFRESH_Q3,STATIC_A,,2026-03-31,1340.60,
1009,Northgate Beverage,FACEBOOK,PAID_SOCIAL,SPRING_REFRESH_Q3,STORY_A,,2026-03-31,921.80,
1010,Pinecrest Bottling,fb,paidsocial,sr26,video_6s_c,,2026-03-31,414.86,
1011,Pinecrest Bottling,fb,paidsocial,sr26_promo,berry_story_b,,2026-03-31,859.67,
1012,Redrock Beverage,fb,social,SpringRefresh2026,story_c,,2026-03-31,237.40,
1013,Redrock Beverage,bing,ppc,SpringRefresh2026,zero_generic_ad,sparkling lime drink,2026-03-31,338.00,
1014,Redrock Beverage,email,email,order-receipt,cta_button,,2026-03-31,136.02,34004
1015,Redrock Beverage,fb,social,spring-refresh-26,awareness_video_15s_a,,2026-03-31,256.91,
1016,Redrock Beverage,tiktok,paid-social,spring-refresh-26,video_15s_a,,2026-03-31,829.24,
1017,Sunvale Drinks,newsletter,email,SpringRefresh2026,footer_link,,2026-03-31,35.09,8773
1018,Sunvale Drinks,sms,sms,SpringRefresh2026,header_image,,2026-03-31,96.20,8017
1019,Sunvale Drinks,sfmc,e-mail,receipt,cta_button,,2026-03-31,143.14,35786
1020,Sunvale Drinks,newsletter,e-mail,spring_refresh_blast,hero_banner,,2026-03-31,20.24,5060
1021,Harborline Distributing,Email,Email,Delivery Reminder,Notice Body,,2026-04-01,27.14,6786
1022,Harborline Distributing,facebook,Paid Social,Spring%20Refresh,Loyalty Ginger Reel B,,2026-04-01,771.12,
1023,Harborline Distributing,Google Ads,Paid Search,spring-refresh-26,Rsa 2,lemon lime soda,2026-04-01,674.36,
1024,Northgate Beverage,EMAIL,EMAIL,DELIVERY_REMINDER,NOTICE_BODY,,2026-04-01,106.24,26560
1025,Northgate Beverage,ig_paid,PAID_SOCIAL,SPRING_REFRESH_2026,BERRY_STORY_A,,2026-04-01,435.21,
1026,Northgate Beverage,GOOGLE,CPC,SPRING_REFRESH_2026,COUPON_ZERO_BRAND_AD,zestify soda,2026-04-01,489.25,
1027,Northgate Beverage,FB,PAID_SOCIAL,SPRING_REFRESH_2026,STATIC_B,,2026-04-01,622.62,
1028,Northgate Beverage,IG,PAID_SOCIAL,SPRING_REFRESH_Q3,RECIPE_LIME_REEL_A,,2026-04-01,608.88,
1029,Pinecrest Bottling,fb,paidsocial,sr26,loyalty_video_15s_a,,2026-04-01,663.38,
1030,Pinecrest Bottling,fb,paidsocial,sr26,story_a,,2026-04-01,276.94,
1031,Pinecrest Bottling,fb,paidsocial,sr26_promo,zero_video_15s_a,,2026-04-01,1427.94,
1032,Sunvale Drinks,newsletter,email,SpringRefresh2026,rt_footer_link,,2026-04-01,158.18,39545
1033,Sunvale Drinks,email,e-mail,route_change_notice,notice_body,,2026-04-01,54.64,13659
1034,Sunvale Drinks,sms,sms,spring_refresh_blast,header_image,,2026-04-01,143.71,11976
1035,Harborline Distributing,Google Display,Display,Spring%20Refresh,Ginger Static B,,2026-04-02,203.77,
1036,Harborline Distributing,Google Ads,Paid Search,Spring%20Refresh,Loyalty Generic Ad,zero sugar soda,2026-04-02,277.41,
1037,Harborline Distributing,Facebook,paid social,Spring%20Refresh,Static A,,2026-04-02,891.79,
1038,Harborline Distributing,Google Display,Display,spring-refresh-26,Lime Video 15S A,,2026-04-02,270.33,
1039,Harborline Distributing,Google Ads,Paid Search,spring-refresh-26,Loyalty Generic Ad,sparkling lime drink,2026-04-02,270.13,
1040,Harborline Distributing,Instagram,Paid Social,spring-refresh-26,Original Static B,,2026-04-02,467.78,
1041,Northgate Beverage,FB,PAID_SOCIAL,SPRING_REFRESH_2026,COUPON_VIDEO_15S_A,,2026-04-02,762.11,
1042,Northgate Beverage,GOOGLE,CPC,SPRING_REFRESH_2026,GENERIC_AD,zestify near me,2026-04-02,632.27,
1043,Northgate Beverage,GOOGLE,CPC,SPRING_REFRESH_2026,ORIGINAL_BRAND_AD,sparkling lime drink,2026-04-02,396.08,
1044,Northgate Beverage,FACEBOOK,PAID_SOCIAL,SPRING_REFRESH_2026,VIDEO_15S_C,,2026-04-02,1178.04,
1045,Northgate Beverage,GDN,DISPLAY,SPRING_REFRESH_Q3,REEL_C,,2026-04-02,611.58,
1046,Pinecrest Bottling,fb,paidsocial,sr26,loyalty_berry_video_6s_c,,2026-04-02,696.43,
1047,Pinecrest Bottling,google,cpc,sr26,rsa_1,zero sugar soda,2026-04-02,463.13,
1048,Pinecrest Bottling,tt,paidsocial,sr26,zero_static_a,,2026-04-02,145.86,
1049,Pinecrest Bottling,tt,paidsocial,sr26_promo,static_b,,2026-04-02,175.66,
1050,Pinecrest Bottling,ig,paidsocial,sr26_promo,story_b,,2026-04-02,237.20,
1051,Pinecrest Bottling,google,cpc,sr26_retargeting,awareness_berry_rsa_2,zestify near me,2026-04-02,4749.26,
1052,Redrock Beverage,google,ppc,SpringRefresh2026,zero_brand_ad,lemon lime soda,2026-04-02,1108.55,
1053,Sunvale Drinks,newsletter,email,spring_refresh_blast,awareness_header_image,,2026-04-02,109.87,27468
1054,Harborline Distributing,Email,Email,Invoice Ready,Cta Button,,2026-04-03,27.98,6996
1055,Pinecrest Bottling,email,email,sr26_retargeting,hero_banner,,2026-04-03,153.33,38332
1056,Redrock Beverage,google,ppc,SpringRefresh2026,coupon_brand_ad,sparkling lime drink,2026-04-03,770.35,
1057,Redrock Beverage,tiktok,paid-social,SpringRefresh2026,zero_carousel_a,,2026-04-03,225.91,
1058,Redrock Beverage,tiktok,paid-social,spring-refresh-26,loyalty_story_c,,2026-04-03,379.31,
1059,Redrock Beverage,tiktok,paid-social,spring-refresh-26,loyalty_story_c,,2026-04-03,379.31,
1060,Sunvale Drinks,facebook,social,SpringRefresh2026,video_6s_c,,2026-04-03,748.40,
1061,Sunvale Drinks,sms,sms,delivery_window_reminder,transactional_template,,2026-04-03,99.60,8300
1062,Sunvale Drinks,email,e-mail,spring refrseh 2026,hero_banner,,2026-04-03,24.64,6160
1063,Sunvale Drinks,email,e-mail,spring refrseh 2026,loyalty_header_image,,2026-04-03,133.98,33494
1064,Sunvale Drinks,sfmc,e-mail,spring_refresh_blast,loyalty_footer_link,,2026-04-03,56.38,14096
1065,Sunvale Drinks,fb,social,spring_refresh_blast,video_6s_a,,2026-04-03,627.05,
1066,Harborline Distributing,Google Display,Display,Spring%20Refresh,Awareness Original Reel B,,2026-04-04,136.88,
1067,Harborline Distributing,Google Ads,Paid Search,Spring%20Refresh,Coupon Zero Rsa 2,sparkling lime drink,2026-04-04,2191.85,
1068,Harborline Distributing,Email,Email,Spring%20Refresh,Loyalty Cta Button,,2026-04-04,89.17,22293
1069,Harborline Distributing,facebook,paid social,Spring%20Refresh,Zero Video 6S B,,2026-04-04,646.13,
1070,Harborline Distributing,google,paid search,spring-refresh-26,Rt Brand Ad,lemon lime soda,2026-04-04,305.69,
1071,Northgate Beverage,GOOGLE,CPC,SPRING_REFRESH_2026,BRAND_AD,zestify near me,2026-04-04,824.10,
1072,Northgate Beverage,GOOGLE,CPC,SPRING_REFRESH_2026,RT_GENERIC_AD,zestify soda,2026-04-04,1435.35,
1073,Northgate Beverage,fb_paid,PAID_SOCIAL,SPRING_REFRESH_Q3,CAROUSEL_B,,2026-04-04,3330.91,
1074,Northgate Beverage,FACEBOOK,paid_social,SPRING_REFRESH_Q3,VIDEO_15S_B,,2026-04-04,1609.97,
1075,Northgate Beverage,FACEBOOK,paid_social,ZST-SpringRefresh,BERRY_VIDEO_6S_B,,2026-04-04,774.32,
1076,Northgate Beverage,FB,paid_social,ZST-SpringRefresh,RECIPE_ZERO_STORY_C,,2026-04-04,504.89,
1077,Pinecrest Bottling,tiktok,paidsocial,sr26_promo,recipe_berry_reel_b,,2026-04-04,374.37,
1078,Pinecrest Bottling,ig,paidsocial,sr26_promo,static_a,,2026-04-04,463.86,
1079,Pinecrest Bottling,fb,paidsocial,sr26_promo,video_6s_a,,2026-04-04,1177.56,
1080,Pinecrest Bottling,google,cpc,sr26_retargeting,rsa_1,zero sugar soda,2026-04-04,684.68,
1081,Redrock Beverage,programmatic,display,SpringRefresh2026,carousel_a,,2026-04-04,161.53,
1082,Redrock Beverage,facebook,social,SpringRefresh2026,story_a,,2026-04-04,2539.16,
1083,Redrock Beverage,meta,social,spring-refresh-26,static_c,,2026-04-04,529.19,
1084,Sunvale Drinks,newsletter,email,order_confirmation,notice_body,,2026-04-04,118.43,29607
1085,Sunvale Drinks,text,sms,spring refrseh 2026,hero_banner,,2026-04-04,78.64,6553
1086,Sunvale Drinks,fb,social,spring refrseh 2026,rt_static_a,,2026-04-04,366.72,
1087,Sunvale Drinks,sfmc,e-mail,spring_refresh_blast,footer_link,,2026-04-04,56.16,14041
1088,Sunvale Drinks,sfmc,e-mail,spring_refresh_blast,hero_banner,,2026-04-04,101.06,25265
1089,Northgate Beverage,FB,paid_social,SPRING_REFRESH_2026,ORIGINAL_REEL_A,,2026-04-05,1003.00,
1090,Northgate Beverage,GOOGLE,CPC,SPRING_REFRESH_Q3,RSA_1,zero sugar soda,2026-04-05,903.29,
1091,Northgate Beverage,fb_paid,paid_social,ZST-SpringRefresh,ZERO_STATIC_B,,2026-04-05,1654.43,
1092,Pinecrest Bottling,sms,sms,rte_chg_notice,cta_button,,2026-04-05,50.39,4199
1093,Pinecrest Bottling,tt,paidsocial,sr26,zero_story_c,,2026-04-05,531.88,
1094,Pinecrest Bottling,google,cpc,sr26_retargeting,rsa_1,lemon lime soda,2026-04-05,356.24,
1095,Redrock Beverage,meta,social,spring-refresh-26,ginger_story_a,,2026-04-05,203.74,
1096,Sunvale Drinks,google,cpc,SpringRefresh2026,rt_generic_ad,sparkling lime drink,2026-04-05,1163.31,
1097,Sunvale Drinks,newsletter,e-mail,spring_refresh_blast,rt_hero_banner,,2026-04-05,38.29,9572
1098,Harborline Distributing,facebook,paid social,Spring%20Refresh,Loyalty Ginger Reel B,,2026-04-06,695.31,
1099,Harborline Distributing,facebook,paid social,spriing-refresh_26,Berry Video 15S A,,2026-04-06,513.13,
1100,Harborline Distributing,Instagram,Paid Social,spring-refresh-26,Static A,,2026-04-06,775.58,
1101,Northgate Beverage,GOOGLE,CPC,SPRING_REFRESH_2026,COUPON_ZERO_BRAND_AD,sparkling lime drink,2026-04-06,955.22,
1102,Northgate Beverage,GOOGLE,CPC,SPRING_REFRESH_2026,ORIGINAL_BRAND_AD,zero sugar soda,2026-04-06,523.31,
1103,Northgate Beverage,GDN,DISPLAY,SPRING_REFRESH_Q3,REEL_C,,2026-04-06,569.34,
1104,Northgate Beverage,FACEBOOK,paid_social,SPRING_REFRESH_Q3,STORY_A,,2026-04-06,1480.50,
1105,Northgate Beverage,FB,PAID_SOCIAL,SPRING_REFRESH_Q3,ZERO_VIDEO_15S_A,,2026-04-06,471.54,
1106,Northgate Beverage,fb_paid,paid_social,ZST-SpringRefresh,RECIPE_ZERO_STORY_C,,2026-04-06,682.60,
1107,Northgate Beverage,fb_paid,PAID_SOCIAL,ZST-SpringRefresh,ZERO_STATIC_B,,2026-04-06,1591.92,
1108,Pinecrest Bottling,fb,paidsocial,sr26,story_a,,2026-04-06,406.60,
1109,Pinecrest Bottling,tt,paidsocial,sr26_promo,static_b,,2026-04-06,428.01,
1110,Redrock Beverage,fb,social,spring-refresh-26,lime_reel_c,,2026-04-06,1151.56,
1111,Redrock Beverage,tiktok,paid-social,spring-refresh-26,loyalty_story_c,,2026-04-06,507.76,
1112,Sunvale Drinks,facebook,social,spring refrseh 2026,rt_static_a,,2026-04-06,610.95,
1113,Sunvale Drinks,fb,social,spring_refresh_blast,ginger_reel_a,,2026-04-06,52.63,
1114,Sunvale Drinks,text,sms,spring_refresh_blast,header_image,,2026-04-06,114.13,9511
1115,Sunvale Drinks,sfmc,email,spring_refresh_blast,hero_banner,,2026-04-06,138.31,34578
1116,Sunvale Drinks,facebook,social,spring_refresh_blast,video_6s_a,,2026-04-06,490.64,
1117,Harborline Distributing,Google Ads,Paid Search,Spring%20Refresh,Generic Ad,zestify soda,2026-04-07,229.73,
1118,Harborline Distributing,Instagram,Paid Social,spring-refresh-26,Original Static B,,2026-04-07,456.56,
1119,Northgate Beverage,EMAIL,EMAIL,ORDER_CONFIRMATION,NOTICE_BODY,,2026-04-07,16.10,4025
1120,Northgate Beverage,FB,PAID_SOCIAL,SPRING_REFRESH_2026,ORIGINAL_REEL_A,,2026-04-07,1060.90,
1121,Northgate Beverage,FACEBOOK,PAID_SOCIAL,SPRING_REFRESH_Q3,COUPON_STATIC_A,,2026-04-07,432.51,
1122,Northgate Beverage,fb_paid,PAID_SOCIAL,ZST-SpringRefresh,BERRY_VIDEO_6S_B,,2026-04-07,991.20,
1123,Pinecrest Bottling,fb,paidsocial,sr26_promo,berry_story_b,,2026-04-07,1196.55,
1124,Pinecrest Bottling,ig,paidsocial,sr26_promo,static_a,,2026-04-07,391.89,
1125,Pinecrest Bottling,fb,paidsocial,sr26_retargeting,loyalty_static_c,,2026-04-07,528.71,
1126,Redrock Beverage,bing,ppc,SpringRefresh2026,berry_rsa_2,sparkling lime drink,2026-04-07,1063.14,
1127,Redrock Beverage,programmatic,display,SpringRefresh2026,carousel_a,,2026-04-07,211.54,
1128,Redrock Beverage,facebook,paid-social,SpringRefresh2026,story_c,,2026-04-07,267.73,
1129,Redrock Beverage,bing,ppc,SpringRefresh2026,zero_brand_ad,zero sugar soda,2026-04-07,1191.27,
1130,Redrock Beverage,tiktok,paid-social,SpringRefresh2026,zero_carousel_a,,2026-04-07,282.07,
1131,Redrock Beverage,bing,ppc,SpringRefresh2026,zero_generic_ad,zero sugar soda,2026-04-07,339.21,
1132,Redrock Beverage,google,ppc,spring-refresh-26,rsa_1,sparkling lime drink,2026-04-07,950.44,
1133,Sunvale Drinks,facebook,social,SpringRefresh2026,video_6s_c,,2026-04-07,937.66,
1134,Sunvale Drinks,newsletter,e-mail,order_confirmation,notice_body,,2026-04-07,114.48,28621
1135,Sunvale Drinks,sfmc,email,spring_refresh_blast,awareness_header_image,,2026-04-07,17.72,4431
1136,Sunvale Drinks,newsletter,e-mail,spring_refresh_blast,footer_link,,2026-04-07,43.41,10853
1137,Sunvale Drinks,sfmc,e-mail,spring_refresh_blast,loyalty_footer_link,,2026-04-07,117.52,29379
1138,Harborline Distributing,Email,Email,Spring%20Refresh,Hero Banner,,2026-04-08,22.01,5502
1139,Harborline Distributing,Email,Email,Spring%20Refresh,Loyalty Cta Button,,2026-04-08,99.93,24983
1140,Harborline Distributing,facebook,Paid Social,spring-refresh-26,Video 6S B,,2026-04-08,1328.13,
1141,Northgate Beverage,EMAIL,EMAIL,DELIVERY_REMINDER,NOTICE_BODY,,2026-04-08,114.98,28745
1142,Northgate Beverage,ig_paid,PAID_SOCIAL,SPRING_REFRESH_2026,BERRY_STORY_A,,2026-04-08,605.68,
1143,Northgate Beverage,GOOGLE,CPC,SPRING_REFRESH_2026,BRAND_AD,zestify soda,2026-04-08,1178.33,
1144,Northgate Beverage,FB,PAID_SOCIAL,SPRING_REFRESH_2026,COUPON_VIDEO_15S_A,,2026-04-08,998.80,
1145,Northgate Beverage,GOOGLE,CPC,SPRING_REFRESH_Q3,RSA_1,zestify soda,2026-04-08,829.99,
1146,Northgate Beverage,fb_paid,paid_social,SPRING_REFRESH_Q3,VIDEO_15S_B,,2026-04-08,1052.90,
1147,Redrock Beverage,meta,social,spring-refresh-26,awareness_video_15s_a,,2026-04-08,194.81,
1148,Redrock Beverage,bing,ppc,spring-refresh-26,rsa_2,zestify soda,2026-04-08,1777.40,
1149,Redrock Beverage,fb,paid-social,spring-refresh-26,static_c,,2026-04-08,566.03,
1150,Sunvale Drinks,text,sms,SpringRefresh2026,header_image,,2026-04-08,53.47,4456
1151,Harborline Distributing,google,paid search,Spring%20Refresh,Berry Generic Ad,zero sugar soda,2026-04-09,1011.68,
1152,Harborline Distributing,Google Ads,Paid Search,Spring%20Refresh,Loyalty Generic Ad,zero sugar soda,2026-04-09,169.60,
1153,Harborline Distributing,facebook,Paid Social,spriing-refresh_26,Loyalty Ginger Carousel C,,2026-04-09,538.45,
1154,Harborline Distributing,google,Paid Search,spring-refresh-26,Loyalty Generic Ad,zestify near me,2026-04-09,575.10,
1155,Pinecrest Bottling,email,email,ord_conf,notice_body,,2026-04-09,118.44,29609
1156,Pinecrest Bottling,fb,paidsocial,sr26,rt_lime_reel_a,,2026-04-09,621.20,
1157,Pinecrest Bottling,tt,paidsocial,sr26,zero_static_a,,2026-04-09,235.58,
1158,Pinecrest Bottling,tt,paidsocial,sr26_promo,recipe_berry_reel_b,,2026-04-09,390.22,
1159,Pinecrest Bottling,ig,paidsocial,sr26_promo,static_c,,2026-04-09,1388.14,
1160,Pinecrest Bottling,ig,paidsocial,sr26_promo,story_b,,2026-04-09,424.41,
1161,Pinecrest Bottling,google,cpc,sr26_retargeting,rsa_1,zero sugar soda,2026-04-09,305.17,
1162,Redrock Beverage,bing,ppc,SpringRefresh2026,rsa_1,lemon lime soda,2026-04-09,937.25,
1163,Sunvale Drinks,email,e-mail,SpringRefresh2026,footer_link,,2026-04-09,36.37,9093
1164,Sunvale Drinks,email,e-mail,SpringRefresh2026,rt_footer_link,,2026-04-09,52.70,13176
1165,Sunvale Drinks,email,email,spring refrseh 2026,awareness_hero_banner,,2026-04-09,132.48,33120
1166,Harborline Distributing,Google Ads,Paid Search,Spring%20Refresh,Coupon Zero Rsa 2,zero sugar soda,2026-04-10,1918.38,
1167,Harborline Distributing,Facebook,paid social,Spring%20Refresh,Zero Video 6S B,,2026-04-10,719.30,
1168,Northgate Beverage,FACEBOOK,PAID_SOCIAL,SPRING_REFRESH_2026,CAROUSEL_C,,2026-04-10,1273.96,
1169,Northgate Beverage,IG,PAID_SOCIAL,SPRING_REFRESH_Q3,STATIC_A,,2026-04-10,995.72,
1170,Northgate Beverage,FACEBOOK,paid_social,SPRING_REFRESH_Q3,VIDEO_6S_B,,2026-04-10,842.54,
1171,Pinecrest Bottling,fb,paidsocial,sr26,loyalty_video_15s_a,,2026-04-10,381.32,
1172,Pinecrest Bottling,fb,paidsocial,sr26_promo,video_6s_a,,2026-04-10,1567.47,
1173,Redrock Beverage,programmatic,display,SpringRefresh2026,coupon_zero_story_c,,2026-04-10,948.67,
1174,Redrock Beverage,meta,social,SpringRefresh2026,recipe_original_static_b,,2026-04-10,948.89,
1175,Redrock Beverage,fb,paid-social,spring-refresh-26,ginger_story_a,,2026-04-10,285.17,
1176,Redrock Beverage,google,ppc,spring-refresh-26,loyalty_generic_ad,sparkling lime drink,2026-04-10,374.01,
1177,Sunvale Drinks,google,cpc,SpringRefresh2026,rt_generic_ad,zero sugar soda,2026-04-10,918.42,
1178,Sunvale Drinks,newsletter,email,spring refrseh 2026,loyalty_header_image,,2026-04-10,131.38,32844
1179,Sunvale Drinks,text,sms,spring_refresh_blast,coupon_header_image,,2026-04-10,110.39,9199
1180,Sunvale Drinks,sfmc,email,spring_refresh_blast,cta_button,,2026-04-10,132.63,33157
1181,Harborline Distributing,Google Display,Display,spriing-refresh_26,Story A,,2026-04-11,209.67,
1182,Northgate Beverage,ig_paid,PAID_SOCIAL,SPRING_REFRESH_2026,AWARENESS_VIDEO_6S_B,,2026-04-11,1502.20,
1183,Northgate Beverage,GOOGLE,CPC,SPRING_REFRESH_2026,RT_GENERIC_AD,lemon lime soda,2026-04-11,1196.47,
1184,Northgate Beverage,GDN,DISPLAY,SPRING_REFRESH_2026,RT_STORY_A,,2026-04-11,616.06,
1185,Northgate Beverage,FB,paid_social,SPRING_REFRESH_Q3,CAROUSEL_B,,2026-04-11,2522.72,
1186,Northgate Beverage,IG,PAID_SOCIAL,SPRING_REFRESH_Q3,RECIPE_LIME_REEL_A,,2026-04-11,362.30,
1187,Pinecrest Bottling,sms,sms,rte_chg_notice,cta_button,,2026-04-11,22.46,1872
1188,Pinecrest Bottling,google,cpc,sr26,rsa_1,zero sugar soda,2026-04-11,468.13,
1189,Pinecrest Bottling,google,cpc,sr26_promo,rt_generic_ad,zero sugar soda,2026-04-11,449.20,
1190,Pinecrest Bottling,google,cpc,sr26_retargeting,awareness_berry_rsa_2,zestify soda,2026-04-11,3086.41,
1191,Pinecrest Bottling,email,email,sr26_retargeting,hero_banner,,2026-04-11,59.01,14752
1192,Redrock Beverage,bing,ppc,SpringRefresh2026,coupon_brand_ad,zero sugar soda,2026-04-11,925.22,
1193,Sunvale Drinks,email,email,password_reset,notice_body,,2026-04-11,115.55,28888
1194,Sunvale Drinks,text,sms,spring refrseh 2026,hero_banner,,2026-04-11,43.91,3659
1195,Sunvale Drinks,newsletter,email,spring_refresh_blast,rt_header_image,,2026-04-11,85.10,21275
1196,Sunvale Drinks,sfmc,e-mail,spring_refresh_blast,rt_hero_banner,,2026-04-11,123.80,30951
1197,Harborline Distributing,Email,Email,Delivery Reminder,Notice Body,,2026-04-12,115.83,28957
1198,Harborline Distributing,Google Display,Display,Spring%20Refresh,Awareness Original Reel B,,2026-04-12,161.07,
1199,Harborline Distributing,Google Display,Display,Spring%20Refresh,Ginger Static B,,2026-04-12,125.54,
1200,Harborline Distributing,Facebook,Paid Social,Spring%20Refresh,Static A,,2026-04-12,1052.21,
1201,Harborline Distributing,google,Paid Search,spring-refresh-26,Rsa 2,zestify near me,2026-04-12,932.92,
1202,Northgate Beverage,fb_paid,PAID_SOCIAL,SPRING_REFRESH_2026,STATIC_B,,2026-04-12,1422.40,
1203,Northgate Beverage,FB,PAID_SOCIAL,SPRING_REFRESH_2026,VIDEO_15S_C,,2026-04-12,1231.48,
1204,Northgate Beverage,FACEBOOK,paid_social,SPRING_REFRESH_Q3,RECIPE_STATIC_C,,2026-04-12,781.57,
1205,Pinecrest Bottling,fb,paidsocial,sr26,loyalty_berry_video_6s_c,,2026-04-12,695.55,
1206,Pinecrest Bottling,fb,paidsocial,sr26,video_6s_c,,2026-04-12,512.41,
1207,Pinecrest Bottling,tt,paidsocial,sr26,zero_story_c,,2026-04-12,433.89,
1208,Pinecrest Bottling,fb,paidsocial,sr26_promo,zero_video_15s_a,,2026-04-12,1559.12,
1209,Pinecrest Bottling,google,cpc,sr26_retargeting,rsa_1,lemon lime soda,2026-04-12,540.76,
1210,Redrock Beverage,fb,paid-social,SpringRefresh2026,story_a,,2026-04-12,3853.06,
1211,Redrock Beverage,email,email,order-receipt,cta_button,,2026-04-12,29.11,7277
1212,Redrock Beverage,email,email,order-receipt,cta_button,,2026-04-12,29.11,7277
1213,Redrock Beverage,google,ppc,sr-26,recipe_generic_ad,lemon lime soda,2026-04-12,2188.32,
1214,Sunvale Drinks,newsletter,email,receipt,cta_button,,2026-04-12,18.25,4562
1215,Sunvale Drinks,sfmc,email,spring_refresh_blast,hero_banner,,2026-04-12,88.48,22120
1216,Harborline Distributing,Google Ads,Paid Search,Spring%20Refresh,Berry Generic Ad,zestify near me,2026-04-13,587.94,
1217,Harborline Distributing,google,Paid Search,spring-refresh-26,Loyalty Generic Ad,sparkling lime drink,2026-04-13,419.79,
1218,Harborline Distributing,Instagram,Paid Social,spring-refresh-26,Static A,,2026-04-13,503.47,
1219,Northgate Beverage,EMAIL,EMAIL,ORDER_CONFIRMATION,NOTICE_BODY,,2026-04-13,40.20,10050
1220,Northgate Beverage,FB,PAID_SOCIAL,SPRING_REFRESH_Q3,COUPON_STATIC_A,,2026-04-13,529.95,
1221,Northgate Beverage,FACEBOOK,paid_social,SPRING_REFRESH_Q3,RECIPE_STATIC_C,,2026-04-13,639.81,
1222,Northgate Beverage,FACEBOOK,PAID_SOCIAL,SPRING_REFRESH_Q3,VIDEO_6S_B,,2026-04-13,1602.06,
1223,Pinecrest Bottling,ig,paidsocial,sr26,awareness_lime_carousel_b,,2026-04-13,431.21,
1224,Pinecrest Bottling,tiktok,paidsocial,sr26_retargeting,recipe_video_15s_a,,2026-04-13,1687.89,
1225,Redrock Beverage,tiktok,paid-social,SpringRefresh2026,zero_carousel_a,,2026-04-13,257.32,
1226,Redrock Beverage,fb,paid-social,spring-refresh-26,lime_reel_c,,2026-04-13,1143.16,
1227,Redrock Beverage,bing,ppc,spring-refresh-26,loyalty_generic_ad,zestify near me,2026-04-13,822.16,
1228,Redrock Beverage,bing,ppc,spring-refresh-26,rsa_1,sparkling lime drink,2026-04-13,605.33,
1229,Sunvale Drinks,sfmc,email,route_change_notice,notice_body,,2026-04-13,109.79,27447
1230,Sunvale Drinks,email,email,spring_refresh_blast,cta_button,,2026-04-13,42.63,10657
1231,Sunvale Drinks,sfmc,e-mail,spring_refresh_blast,footer_link,,2026-04-13,88.46,22116
1232,Harborline Distributing,facebook,Paid Social,spriing-refresh_26,Loyalty Ginger Carousel C,,2026-04-14,439.02,
1233,Harborline Distributing,facebook,Paid Social,spriing-refresh_26,Reel A,,2026-04-14,1781.08,
1234,Harborline Distributing,Google Display,Display,spriing-refresh_26,Story A,,2026-04-14,264.28,
1235,Harborline Distributing,Facebook,paid social,spring-refresh-26,Video 6S B,,2026-04-14,1359.76,
1236,Northgate Beverage,EMAIL,EMAIL,DELIVERY_REMINDER,NOTICE_BODY,,2026-04-14,33.07,8268
1237,Northgate Beverage,GOOGLE,CPC,SPRING_REFRESH_2026,ORIGINAL_BRAND_AD,zero sugar soda,2026-04-14,699.59,
1238,Northgate Beverage,FB,paid_social,SPRING_REFRESH_2026,ORIGINAL_REEL_A,,2026-04-14,1484.59,
1239,Pinecrest Bottling,tiktok,paidsocial,sr26,zero_static_a,,2026-04-14,176.11,
1240,Pinecrest Bottling,google,cpc,sr26_retargeting,rsa_1,zero sugar soda,2026-04-14,557.35,
1241,Sunvale Drinks,newsletter,e-mail,SpringRefresh2026,footer_link,,2026-04-14,159.35,39838
1242,Sunvale Drinks,facebook,social,spring refrseh 2026,rt_static_a,,2026-04-14,443.60,
1243,Sunvale Drinks,email,e-mail,spring_refresh_blast,awareness_header_image,,2026-04-14,134.66,33665
1244,Harborline Distributing,Email,Email,Invoice Ready,Cta Button,,2026-04-15,40.16,10040
1245,Harborline Distributing,Google Display,Display,Spring%20Refresh,Awareness Original Reel B,,2026-04-15,67.84,
1246,Harborline Distributing,google,paid search,spriing-refresh_26,Generic Ad,zestify soda,2026-04-15,1109.71,
1247,Northgate Beverage,IG,PAID_SOCIAL,SPRING_REFRESH_2026,AWARENESS_VIDEO_6S_B,,2026-04-15,674.95,
1248,Northgate Beverage,GOOGLE,CPC,SPRING_REFRESH_2026,BRAND_AD,sparkling lime drink,2026-04-15,939.58,
1249,Northgate Beverage,FB,PAID_SOCIAL,SPRING_REFRESH_2026,COUPON_VIDEO_15S_A,,2026-04-15,1066.65,
1250,Northgate Beverage,GOOGLE,CPC,SPRING_REFRESH_2026,COUPON_ZERO_BRAND_AD,lemon lime soda,2026-04-15,985.59,
1251,Northgate Beverage,GDN,DISPLAY,SPRING_REFRESH_2026,RT_STORY_A,,2026-04-15,489.32,
1252,Northgate Beverage,FACEBOOK,paid_social,SPRING_REFRESH_2026,VIDEO_15S_C,,2026-04-15,2269.30,
1253,Northgate Beverage,IG,PAID_SOCIAL,SPRING_REFRESH_Q3,RECIPE_LIME_REEL_A,,2026-04-15,362.08,
1254,Northgate Beverage,GDN,DISPLAY,SPRING_REFRESH_Q3,REEL_C,,2026-04-15,485.77,
1255,Northgate Beverage,fb_paid,PAID_SOCIAL,SPRING_REFRESH_Q3,VIDEO_15S_B,,2026-04-15,1646.88,
1256,Northgate Beverage,FB,PAID_SOCIAL,ZST-SpringRefresh,BERRY_VIDEO_6S_B,,2026-04-15,691.27,
1257,Pinecrest Bottling,sms,sms,rte_chg_notice,cta_button,,2026-04-15,50.53,4211
1258,Pinecrest Bottling,ig,paidsocial,sr26_promo,static_c,,2026-04-15,1463.26,
1259,Pinecrest Bottling,ig,paidsocial,sr26_promo,story_b,,2026-04-15,182.57,
1260,Pinecrest Bottling,fb,paidsocial,sr26_promo,video_6s_a,,2026-04-15,794.21,
1261,Pinecrest Bottling,google,cpc,sr26_retargeting,awareness_berry_rsa_2,zestify near me,2026-04-15,5703.90,
1262,Pinecrest Bottling,fb,paidsocial,sr26_retargeting,berry_carousel_b,,2026-04-15,316.72,
1263,Pinecrest Bottling,google,cpc,sr26_retargeting,rsa_1,zestify soda,2026-04-15,461.92,
1264,Redrock Beverage,fb,social,spring-refresh-26,awareness_video_15s_a,,2026-04-15,191.63,
1265,Redrock Beverage,meta,paid-social,spring-refresh-26,ginger_story_a,,2026-04-15,229.98,
1266,Redrock Beverage,google,ppc,spring-refresh-26,rsa_2,zero sugar soda,2026-04-15,1972.27,
1267,Redrock Beverage,fb,paid-social,spring-refresh-26,static_c,,2026-04-15,815.93,
1268,Redrock Beverage,google,ppc,sr-26,recipe_generic_ad,zero sugar soda,2026-04-15,1396.14,
1269,Sunvale Drinks,sfmc,e-mail,SpringRefresh2026,rt_footer_link,,2026-04-15,100.80,25201
1270,Sunvale Drinks,newsletter,email,spring refrseh 2026,loyalty_header_image,,2026-04-15,83.71,20928
1271,Sunvale Drinks,facebook,social,spring refrseh 2026,video_6s_b,,2026-04-15,518.84,
1272,Sunvale Drinks,sms,sms,spring_refresh_blast,coupon_header_image,,2026-04-15,101.86,8488
1273,Sunvale Drinks,facebook,social,spring_refresh_blast,lime_reel_a,,2026-04-15,514.75,
1274,Harborline Distributing,Google Ads,Paid Search,Spring%20Refresh,Rt Rsa 1,sparkling lime drink,2026-04-16,436.82,
1275,Northgate Beverage,fb_paid,paid_social,SPRING_REFRESH_2026,STATIC_B,,2026-04-16,1110.41,
1276,Northgate Beverage,FB,paid_social,SPRING_REFRESH_Q3,STORY_A,,2026-04-16,680.29,
1277,Northgate Beverage,fb_paid,paid_social,ZST-SpringRefresh,RECIPE_ZERO_STORY_C,,2026-04-16,473.88,
1278,Pinecrest Bottling,fb,paidsocial,sr26,loyalty_video_15s_a,,2026-04-16,380.82,
1279,Pinecrest Bottling,fb,paidsocial,sr26,rt_lime_reel_a,,2026-04-16,394.59,
1280,Pinecrest Bottling,fb,paidsocial,sr26_promo,berry_story_b,,2026-04-16,842.24,
1281,Pinecrest Bottling,fb,paidsocial,sr26_retargeting,loyalty_static_c,,2026-04-16,666.10,
1282,Redrock Beverage,programmatic,display,SpringRefresh2026,carousel_a,,2026-04-16,232.37,
1283,Redrock Beverage,bing,ppc,SpringRefresh2026,zero_generic_ad,zero sugar soda,2026-04-16,460.82,
1284,Sunvale Drinks,email,email,SpringRefresh2026,cta_button,,2026-04-16,29.64,7411
1285,Sunvale Drinks,newsletter,e-mail,spring_refresh_blast,hero_banner,,2026-04-16,91.66,22914
1286,Sunvale Drinks,email,e-mail,spring_refresh_blast,loyalty_footer_link,,2026-04-16,105.40,26350
1287,Harborline Distributing,Google Ads,paid search,Spring%20Refresh,Loyalty Generic Ad,sparkling lime drink,2026-04-17,383.92,
1288,Harborline Distributing,Instagram,Paid Social,spring-refresh-26,Original Static B,,2026-04-17,352.54,
1289,Northgate Beverage,IG,PAID_SOCIAL,SPRING_REFRESH_2026,BERRY_STORY_A,,2026-04-17,477.19,
1290,Northgate Beverage,FACEBOOK,PAID_SOCIAL,SPRING_REFRESH_2026,CAROUSEL_C,,2026-04-17,759.58,
1291,Northgate Beverage,IG,PAID_SOCIAL,SPRING_REFRESH_Q3,STATIC_A,,2026-04-17,1101.04,
1292,Northgate Beverage,FB,paid_social,SPRING_REFRESH_Q3,ZERO_VIDEO_15S_A,,2026-04-17,545.34,
1293,Northgate Beverage,fb_paid,PAID_SOCIAL,ZST-SpringRefresh,ZERO_STATIC_B,,2026-04-17,1824.25,
1294,Pinecrest Bottling,email,email,ord_conf,notice_body,,2026-04-17,77.45,19363
1295,Pinecrest Bottling,tt,paidsocial,sr26,zero_story_c,,2026-04-17,652.98,
1296,Redrock Beverage,tiktok,paid-social,SpringRefresh2026,awareness_lime_static_c,,2026-04-17,839.92,
1297,Redrock Beverage,facebook,paid-social,SpringRefresh2026,story_c,,2026-04-17,245.91,
1298,Redrock Beverage,google,ppc,sr-26,loyalty_ginger_rsa_1,zestify near me,2026-04-17,614.48,
1299,Redrock Beverage,facebook,paid-social,sr-26,static_a,,2026-04-17,2287.87,
1300,Sunvale Drinks,email,e-mail,spring refrseh 2026,awareness_hero_banner,,2026-04-17,112.14,28036
1301,Sunvale Drinks,google,cpc,spring refrseh 2026,lime_rsa_2,sparkling lime drink,2026-04-17,381.65,
1302,Sunvale Drinks,text,sms,spring_refresh_blast,footer_link,,2026-04-17,35.40,2950
1303,Sunvale Drinks,newsletter,e-mail,spring_refresh_blast,hero_banner,,2026-04-17,95.53,23883
1304,Sunvale Drinks,facebook,social,spring_refresh_blast,original_static_b,,2026-04-17,680.61,
1305,Harborline Distributing,Google Ads,paid search,Spring%20Refresh,Coupon Zero Rsa 2,lemon lime soda,2026-04-18,2511.90,
1306,Harborline Distributing,Email,Email,Spring%20Refresh,Cta Button,,2026-04-18,137.45,34363
1307,Harborline Distributing,google,paid search,Spring%20Refresh,Generic Ad,zestify near me,2026-04-18,551.62,
1308,Harborline Distributing,Google Display,Display,Spring%20Refresh,Ginger Static B,,2026-04-18,216.70,
1309,Harborline Distributing,facebook,Paid Social,Spring%20Refresh,Zero Video 6S B,,2026-04-18,621.47,
1310,Pinecrest Bottling,google,cpc,sr26,rsa_1,zestify near me,2026-04-18,252.74,
1311,Pinecrest Bottling,google,cpc,sr26_promo,rt_generic_ad,zestify near me,2026-04-18,452.31,
1312,Pinecrest Bottling,tt,paidsocial,sr26_promo,static_b,,2026-04-18,190.07,
1313,Pinecrest Bottling,email,email,sr26_retargeting,hero_banner,,2026-04-18,123.69,30922
1314,Redrock Beverage,bing,ppc,SpringRefresh2026,coupon_brand_ad,sparkling lime drink,2026-04-18,965.21,
1315,Redrock Beverage,fb,social,SpringRefresh2026,recipe_original_static_b,,2026-04-18,696.18,
1316,Redrock Beverage,google,ppc,SpringRefresh2026,rsa_1,zestify soda,2026-04-18,1005.52,
1317,Redrock Beverage,fb,social,SpringRefresh2026,story_a,,2026-04-18,3597.38,
1318,Redrock Beverage,email,email,spring-refresh-26,footer_link,,2026-04-18,128.79,32197
1319,Sunvale Drinks,text,sms,SpringRefresh2026,header_image,,2026-04-18,107.46,8955
1320,Sunvale Drinks,sms,sms,delivery_window_reminder,transactional_template,,2026-04-18,18.43,1536
1321,Sunvale Drinks,sms,sms,spring_refresh_blast,header_image,,2026-04-18,67.15,5596
1322,Sunvale Drinks,newsletter,e-mail,spring_refresh_blast,rt_header_image,,2026-04-18,106.40,26599
1323,Harborline Distributing,Email,Email,Spring%20Refresh,Loyalty Cta Button,,2026-04-19,117.20,29300
1324,Harborline Distributing,google,Paid Search,spring-refresh-26,Generic Ad,zestify near me,2026-04-19,441.71,
1325,Northgate Beverage,ig_paid,PAID_SOCIAL,SPRING_REFRESH_Q3,AWARENESS_GINGER_VIDEO_15S_B,,2026-04-19,400.73,
1326,Northgate Beverage,GOOGLE,CPC,SPRING_REFRESH_Q3,RSA_1,zestify soda,2026-04-19,573.76,
1327,Pinecrest Bottling,google,cpc,sr26,rsa_2,zestify soda,2026-04-19,879.25,
1328,Pinecrest Bottling,tiktok,paidsocial,sr26_retargeting,lime_video_6s_a,,2026-04-19,504.15,
1329,Redrock Beverage,bing,ppc,SpringRefresh2026,berry_rsa_2,zestify near me,2026-04-19,603.85,
1330,Redrock Beverage,meta,paid-social,SpringRefresh2026,reel_a,,2026-04-19,2811.68,
1331,Redrock Beverage,email,email,order-receipt,cta_button,,2026-04-19,35.01,8753
1332,Redrock Beverage,tiktok,paid-social,spring-refresh-26,loyalty_story_c,,2026-04-19,721.64,
1333,Sunvale Drinks,google,cpc,SpringRefresh2026,rt_generic_ad,zestify soda,2026-04-19,787.66,
1334,Sunvale Drinks,facebook,social,SpringRefresh2026,video_6s_c,,2026-04-19,709.93,
1335,Sunvale Drinks,sfmc,email,order_confirmation,notice_body,,2026-04-19,144.36,36089
1336,Sunvale Drinks,email,e-mail,receipt,cta_button,,2026-04-19,142.67,35667
1337,Sunvale Drinks,newsletter,email,service_survey,transactional_template,,2026-04-19,21.40,5349
1338,Sunvale Drinks,text,sms,spring refrseh 2026,hero_banner,,2026-04-19,79.58,6632
1339,Sunvale Drinks,sfmc,email,spring_refresh_blast,footer_link,,2026-04-19,52.80,13200
1340,Harborline Distributing,Email,Email,Spring%20Refresh,Cta Button,,2026-04-20,78.68,19670
1341,Harborline Distributing,Google Display,Display,spriing-refresh_26,Story A,,2026-04-20,301.19,
1342,Harborline Distributing,facebook,Paid Social,spring-refresh-26,Video 6S B,,2026-04-20,1333.73,
1343,Northgate Beverage,EMAIL,EMAIL,ORDER_CONFIRMATION,NOTICE_BODY,,2026-04-20,114.49,28623
1344,Northgate Beverage,ig_paid,PAID_SOCIAL,SPRING_REFRESH_2026,COUPON_CAROUSEL_C,,2026-04-20,2404.78,
1345,Northgate Beverage,GOOGLE,CPC,SPRING_REFRESH_Q3,RSA_1,zestify near me,2026-04-20,419.84,
1346,Pinecrest Bottling,tt,paidsocial,sr26_promo,reel_b,,2026-04-20,664.39,
1347,Redrock Beverage,fb,social,spring-refresh-26,ginger_story_a,,2026-04-20,179.40,
1348,Redrock Beverage,google,ppc,spring-refresh-26,rsa_2,sparkling lime drink,2026-04-20,869.56,
1349,Sunvale Drinks,sms,sms,spring refrseh 2026,hero_banner,,2026-04-20,36.16,3013
1350,Sunvale Drinks,newsletter,e-mail,spring_refresh_blast,awareness_cta_button,,2026-04-20,60.50,15124
1351,Sunvale Drinks,fb,social,spring_refresh_blast,lime_reel_a,,2026-04-20,368.44,
1352,Sunvale Drinks,fb,social,spring_refresh_blast,original_static_b,,2026-04-20,308.70,
1353,Sunvale Drinks,sfmc,email,spring_refresh_blast,rt_header_image,,2026-04-20,111.01,27752
1354,Harborline Distributing,Google Ads,paid search,Spring%20Refresh,Generic Ad,zestify soda,2026-04-21,280.34,
1355,Harborline Distributing,Facebook,paid social,spriing-refresh_26,Reel A,,2026-04-21,2366.55,
1356,Harborline Distributing,google,Paid Search,spring-refresh-26,Generic Ad,zestify soda,2026-04-21,323.12,
1357,Northgate Beverage,FB,paid_social,SPRING_REFRESH_Q3,VIDEO_6S_B,,2026-04-21,1784.02,
1358,Northgate Beverage,FB,PAID_SOCIAL,ZST-SpringRefresh,AWARENESS_REEL_C,,2026-04-21,2910.83,
1359,Pinecrest Bottling,sms,sms,rte_chg_notice,cta_button,,2026-04-21,134.15,11179
1360,Pinecrest Bottling,ig,paidsocial,sr26_promo,story_b,,2026-04-21,431.36,
1361,Redrock Beverage,bing,ppc,SpringRefresh2026,rsa_1,sparkling lime drink,2026-04-21,822.11,
1362,Redrock Beverage,facebook,paid-social,spring-refresh-26,carousel_a,,2026-04-21,2106.95,
1363,Sunvale Drinks,google,cpc,SpringRefresh2026,rt_generic_ad,sparkling lime drink,2026-04-21,790.80,
1364,Sunvale Drinks,fb,social,SpringRefresh2026,video_6s_c,,2026-04-21,611.72,
1365,Sunvale Drinks,newsletter,e-mail,password_reset,notice_body,,2026-04-21,83.74,20934
1366,Sunvale Drinks,facebook,social,spring refrseh 2026,video_6s_b,,2026-04-21,888.97,
1367,Sunvale Drinks,newsletter,e-mail,spring_refresh_blast,cta_button,,2026-04-21,70.03,17508
1368,Sunvale Drinks,facebook,social,spring_refresh_blast,story_b,,2026-04-21,747.71,
1369,Harborline Distributing,Email,Email,Invoice Ready,Cta Button,,2026-04-22,59.52,14880
1370,Harborline Distributing,Google Display,Display,Spring%20Refresh,Awareness Original Reel B,,2026-04-22,94.30,
1371,Northgate Beverage,ig_paid,PAID_SOCIAL,SPRING_REFRESH_2026,AWARENESS_VIDEO_6S_B,,2026-04-22,1071.82,
1372,Northgate Beverage,GOOGLE,CPC,SPRING_REFRESH_2026,GENERIC_AD,zero sugar soda,2026-04-22,1111.75,
1373,Northgate Beverage,ig_paid,PAID_SOCIAL,SPRING_REFRESH_Q3,AWARENESS_GINGER_VIDEO_15S_B,,2026-04-22,338.75,
1374,Northgate Beverage,ig_paid,PAID_SOCIAL,SPRING_REFRESH_Q3,RECIPE_LIME_REEL_A,,2026-04-22,494.25,
1375,Northgate Beverage,ig_paid,PAID_SOCIAL,SPRING_REFRESH_Q3,STATIC_A,,2026-04-22,1588.77,
1376,Northgate Beverage,fb_paid,PAID_SOCIAL,ZST-SpringRefresh,RECIPE_ZERO_STORY_C,,2026-04-22,791.19,
1377,Northgate Beverage,FACEBOOK,paid_social,ZST-SpringRefresh,ZERO_STATIC_B,,2026-04-22,2185.49,
1378,Pinecrest Bottling,fb,paidsocial,sr26,loyalty_video_15s_a,,2026-04-22,333.57,
1379,Pinecrest Bottling,google,cpc,sr26,rsa_2,zero sugar soda,2026-04-22,601.36,
1380,Pinecrest Bottling,fb,paidsocial,sr26,rt_lime_reel_a,,2026-04-22,267.81,
1381,Pinecrest Bottling,google,cpc,sr26,zero_brand_ad,zestify soda,2026-04-22,383.81,
1382,Pinecrest Bottling,tt,paidsocial,sr26,zero_story_c,,2026-04-22,549.68,
1383,Pinecrest Bottling,google,cpc,sr26_promo,rt_generic_ad,sparkling lime drink,2026-04-22,429.91,
1384,Redrock Beverage,tiktok,paid-social,SpringRefresh2026,awareness_lime_static_c,,2026-04-22,715.58,
1385,Redrock Beverage,bing,ppc,SpringRefresh2026,berry_rsa_2,zestify soda,2026-04-22,662.67,
1386,Redrock Beverage,fb,paid-social,SpringRefresh2026,story_a,,2026-04-22,4231.05,
1387,Redrock Beverage,meta,paid-social,spring-refresh-26,lime_reel_c,,2026-04-22,1287.72,
1388,Redrock Beverage,google,ppc,spring-refresh-26,loyalty_generic_ad,zestify soda,2026-04-22,592.11,
1389,Redrock Beverage,bing,ppc,spring-refresh-26,rsa_2,zestify soda,2026-04-22,516.78,
1390,Sunvale Drinks,newsletter,email,SpringRefresh2026,cta_button,,2026-04-22,75.10,18775
1391,Sunvale Drinks,text,sms,SpringRefresh2026,header_image,,2026-04-22,124.27,10356
1392,Sunvale Drinks,sfmc,e-mail,spring_refresh_blast,awareness_header_image,,2026-04-22,78.34,19585
1393,Sunvale Drinks,sms,sms,spring_refresh_blast,coupon_header_image,,2026-04-22,117.25,9771
1394,Sunvale Drinks,sms,sms,spring_refresh_blast,header_image,,2026-04-22,35.72,2977
1395,Harborline Distributing,Facebook,paid social,Spring%20Refresh,Lime Video 6S B,,2026-04-23,555.51,
1396,Harborline Distributing,Email,Email,Spring%20Refresh,Loyalty Cta Button,,2026-04-23,125.68,31419
1397,Northgate Beverage,FB,paid_social,SPRING_REFRESH_2026,CAROUSEL_C,,2026-04-23,989.93,
1398,Northgate Beverage,FACEBOOK,paid_social,SPRING_REFRESH_2026,COUPON_VIDEO_15S_A,,2026-04-23,1224.91,
1399,Northgate Beverage,FACEBOOK,paid_social,SPRING_REFRESH_2026,ORIGINAL_REEL_A,,2026-04-23,1358.73,
1400,Northgate Beverage,FACEBOOK,PAID_SOCIAL,SPRING_REFRESH_Q3,ZERO_VIDEO_15S_A,,2026-04-23,481.59,
1401,Northgate Beverage,fb_paid,PAID_SOCIAL,ZST-SpringRefresh,BERRY_VIDEO_6S_B,,2026-04-23,1414.37,
1402,Pinecrest Bottling,email,email,ord_conf,notice_body,,2026-04-23,138.70,34674
1403,Pinecrest Bottling,ig,paidsocial,sr26_promo,static_c,,2026-04-23,643.35,
1404,Pinecrest Bottling,fb,paidsocial,sr26_promo,video_6s_a,,2026-04-23,1836.21,
1405,Redrock Beverage,google,ppc,spring-refresh-26,rsa_1,zestify near me,2026-04-23,854.43,
1406,Redrock Beverage,fb,paid-social,spring-refresh-26,static_c,,2026-04-23,846.87,
1407,Redrock Beverage,bing,ppc,sr-26,loyalty_ginger_rsa_1,sparkling lime drink,2026-04-23,505.60,
1408,Redrock Beverage,google,ppc,sr-26,recipe_generic_ad,sparkling lime drink,2026-04-23,1466.25,
1409,Sunvale Drinks,newsletter,e-mail,SpringRefresh2026,footer_link,,2026-04-23,65.17,16293
1410,Sunvale Drinks,newsletter,e-mail,SpringRefresh2026,loyalty_hero_banner,,2026-04-23,36.98,9245
1411,Sunvale Drinks,sms,sms,delivery_window_reminder,transactional_template,,2026-04-23,79.99,6666
1412,Sunvale Drinks,sfmc,email,service_survey,transactional_template,,2026-04-23,51.37,12843
1413,Sunvale Drinks,sfmc,e-mail,spring_refresh_blast,footer_link,,2026-04-23,74.82,18706
1414,Sunvale Drinks,newsletter,email,spring_refresh_blast,loyalty_footer_link,,2026-04-23,70.01,17503
1415,Harborline Distributing,Google Display,Display,Spring%20Refresh,Ginger Static B,,2026-04-24,183.63,
1416,Harborline Distributing,Google Ads,paid search,Spring%20Refresh,Loyalty Generic Ad,zestify soda,2026-04-24,335.55,
1417,Harborline Distributing,google,paid search,spriing-refresh_26,Generic Ad,zestify soda,2026-04-24,511.89,
1418,Northgate Beverage,GOOGLE,CPC,SPRING_REFRESH_2026,ORIGINAL_BRAND_AD,lemon lime soda,2026-04-24,698.33,
1419,Pinecrest Bottling,ig,paidsocial,sr26,awareness_lime_carousel_b,,2026-04-24,916.67,
1420,Pinecrest Bottling,tt,paidsocial,sr26_retargeting,lime_video_6s_a,,2026-04-24,271.21,
1421,Redrock Beverage,google,ppc,SpringRefresh2026,zero_generic_ad,zestify soda,2026-04-24,319.18,
1422,Sunvale Drinks,sfmc,e-mail,SpringRefresh2026,footer_link,,2026-04-24,83.32,20830
1423,Sunvale Drinks,sfmc,e-mail,SpringRefresh2026,rt_footer_link,,2026-04-24,117.31,29327
1424,Sunvale Drinks,sfmc,email,route_change_notice,notice_body,,2026-04-24,41.83,10457
1425,Harborline Distributing,Google Ads,paid search,Spring%20Refresh,Rt Rsa 1,sparkling lime drink,2026-04-25,247.72,
1426,Northgate Beverage,IG,PAID_SOCIAL,SPRING_REFRESH_2026,BERRY_STORY_A,,2026-04-25,372.84,
1427,Northgate Beverage,GOOGLE,CPC,SPRING_REFRESH_2026,COUPON_ZERO_BRAND_AD,zestify near me,2026-04-25,1038.80,
1428,Northgate Beverage,GDN,DISPLAY,SPRING_REFRESH_Q3,REEL_C,,2026-04-25,538.08,
1429,Northgate Beverage,IG,PAID_SOCIAL,ZST-SpringRefresh,LOYALTY_REEL_B,,2026-04-25,1389.62,
1430,Pinecrest Bottling,fb,paidsocial,sr26_promo,berry_story_b,,2026-04-25,1114.39,
1431,Pinecrest Bottling,fb,paidsocial,sr26_retargeting,berry_carousel_b,,2026-04-25,610.05,
1432,Pinecrest Bottling,tt,paidsocial,sr26_retargeting,recipe_video_15s_a,,2026-04-25,1985.51,
1433,Pinecrest Bottling,google,cpc,sr26_retargeting,rsa_1,sparkling lime drink,2026-04-25,472.01,
1434,Redrock Beverage,bing,ppc,SpringRefresh2026,coupon_brand_ad,zero sugar soda,2026-04-25,826.91,
1435,Redrock Beverage,meta,paid-social,SpringRefresh2026,recipe_original_static_b,,2026-04-25,1102.73,
1436,Redrock Beverage,fb,social,spring-refresh-26,awareness_video_15s_a,,2026-04-25,262.91,
1437,Redrock Beverage,tiktok,paid-social,spring-refresh-26,loyalty_story_c,,2026-04-25,503.00,
1438,Redrock Beverage,facebook,paid-social,sr-26,static_a,,2026-04-25,1653.75,
1439,Sunvale Drinks,email,e-mail,SpringRefresh2026,footer_link,,2026-04-25,60.23,15058
1440,Sunvale Drinks,email,e-mail,order_confirmation,notice_body,,2026-04-25,92.97,23242
1441,Sunvale Drinks,sfmc,e-mail,spring_refresh_blast,hero_banner,,2026-04-25,30.45,7613
1442,Harborline Distributing,Email,Email,Delivery Reminder,Notice Body,,2026-04-26,149.88,37470
1443,Northgate Beverage,GDN,DISPLAY,SPRING_REFRESH_2026,RT_STORY_A,,2026-04-26,500.16,
1444,Northgate Beverage,fb_paid,PAID_SOCIAL,SPRING_REFRESH_Q3,STORY_A,,2026-04-26,1587.10,
1445,Pinecrest Bottling,google,cpc,sr26,rsa_1,zero sugar soda,2026-04-26,392.77,
1446,Pinecrest Bottling,tt,paidsocial,sr26,zero_static_a,,2026-04-26,185.57,
1447,Pinecrest Bottling,fb,paidsocial,sr26_promo,lime_reel_a,,2026-04-26,309.75,
1448,Redrock Beverage,programmatic,display,SpringRefresh2026,carousel_a,,2026-04-26,167.37,
1449,Redrock Beverage,facebook,social,SpringRefresh2026,reel_a,,2026-04-26,4501.88,
1450,Redrock Beverage,email,email,order-receipt,cta_button,,2026-04-26,141.10,35274
1451,Redrock Beverage,email,email,spring-refresh-26,footer_link,,2026-04-26,37.45,9362
1452,Redrock Beverage,tiktok,paid-social,spring-refresh-26,original_story_b,,2026-04-26,533.53,
1453,Redrock Beverage,email,email,sr-26,awareness_hero_banner,,2026-04-26,43.61,10902
1454,Redrock Beverage,facebook,social,sr-26,coupon_reel_a,,2026-04-26,499.84,
1455,Sunvale Drinks,newsletter,email,spring refrseh 2026,awareness_hero_banner,,2026-04-26,77.81,19453
1456,Sunvale Drinks,google,cpc,spring refrseh 2026,lime_rsa_2,zero sugar soda,2026-04-26,233.24,
1457,Sunvale Drinks,newsletter,email,spring_refresh_blast,footer_link,,2026-04-26,127.20,31800
1458,Sunvale Drinks,sms,sms,spring_refresh_blast,footer_link,,2026-04-26,18.11,1509
1459,Sunvale Drinks,sfmc,email,spring_refresh_blast,hero_banner,,2026-04-26,61.18,15295
1460,Harborline Distributing,google,paid search,spriing-refresh_26,Generic Ad,zestify near me,2026-04-27,606.32,
1461,Harborline Distributing,google,paid search,spring-refresh-26,Generic Ad,lemon lime soda,2026-04-27,559.31,
1462,Northgate Beverage,FACEBOOK,PAID_SOCIAL,SPRING_REFRESH_2026,STORY_B,,2026-04-27,7760.76,
1463,Northgate Beverage,GOOGLE,CPC,SPRING_REFRESH_Q3,AWARENESS_GENERIC_AD,zestify soda,2026-04-27,1514.71,
1464,Northgate Beverage,ig_paid,PAID_SOCIAL,SPRING_REFRESH_Q3,AWARENESS_GINGER_VIDEO_15S_B,,2026-04-27,297.54,
1465,Northgate Beverage,GDN,DISPLAY,SPRING_REFRESH_Q3,REEL_C,,2026-04-27,833.35,
1466,Northgate Beverage,fb_paid,PAID_SOCIAL,SPRING_REFRESH_Q3,ZERO_VIDEO_15S_A,,2026-04-27,854.69,
1467,Pinecrest Bottling,tt,paidsocial,sr26,zero_static_a,,2026-04-27,154.56,
1468,Redrock Beverage,bing,ppc,SpringRefresh2026,coupon_brand_ad,zero sugar soda,2026-04-27,629.33,
1469,Redrock Beverage,email,email,spring-refresh-26,hero_banner,,2026-04-27,83.06,20764
1470,Sunvale Drinks,sfmc,email,SpringRefresh2026,footer_link,,2026-04-27,61.85,15463
1471,Sunvale Drinks,text,sms,spring_refresh_blast,header_image,,2026-04-27,110.65,9221
1472,Sunvale Drinks,newsletter,e-mail,spring_refresh_blast,hero_banner,,2026-04-27,117.32,29329
1473,Harborline Distributing,Facebook,paid social,Spring%20Refresh,Lime Video 6S B,,2026-04-28,711.93,
1474,Harborline Distributing,Email,Email,Spring%20Refresh,Loyalty Cta Button,,2026-04-28,63.58,15896
1475,Harborline Distributing,Google Ads,paid search,Spring%20Refresh,Loyalty Generic Ad,lemon lime soda,2026-04-28,287.47,
1476,Harborline Distributing,facebook,paid social,spring-refresh-26,Rt Zero Story B,,2026-04-28,5925.62,
1477,Northgate Beverage,FB,PAID_SOCIAL,SPRING_REFRESH_2026,CAROUSEL_C,,2026-04-28,536.48,
1478,Northgate Beverage,FB,paid_social,SPRING_REFRESH_2026,CAROUSEL_C,,2026-04-28,698.50,
1479,Northgate Beverage,ig_paid,PAID_SOCIAL,SPRING_REFRESH_2026,COUPON_CAROUSEL_C,,2026-04-28,2241.94,
1480,Pinecrest Bottling,email,email,ord_conf,notice_body,,2026-04-28,24.93,6233
1481,Pinecrest Bottling,ig,paidsocial,sr26,awareness_lime_carousel_b,,2026-04-28,880.00,
1482,Pinecrest Bottling,fb,paidsocial,sr26,loyalty_video_15s_a,,2026-04-28,566.13,
1483,Pinecrest Bottling,tt,paidsocial,sr26_retargeting,lime_video_6s_a,,2026-04-28,385.49,
1484,Pinecrest Bottling,tiktok,paidsocial,sr26_retargeting,recipe_video_15s_a,,2026-04-28,2449.05,
1485,Redrock Beverage,meta,social,SpringRefresh2026,awareness_reel_b,,2026-04-28,577.85,
1486,Redrock Beverage,programmatic,display,SpringRefresh2026,carousel_a,,2026-04-28,179.22,
1487,Redrock Beverage,bing,ppc,SpringRefresh2026,rsa_1,zero sugar soda,2026-04-28,807.01,
1488,Redrock Beverage,email,email,order-receipt,cta_button,,2026-04-28,63.14,15786
1489,Redrock Beverage,fb,social,spring-refresh-26,carousel_a,,2026-04-28,1936.07,
1490,Redrock Beverage,facebook,paid-social,spring-refresh-26,ginger_story_a,,2026-04-28,329.59,
1491,Redrock Beverage,meta,paid-social,spring-refresh-26,lime_reel_c,,2026-04-28,741.54,
1492,Redrock Beverage,google,ppc,spring-refresh-26,rsa_1,zestify near me,2026-04-28,955.18,
1493,Redrock Beverage,bing,ppc,sr-26,rt_berry_generic_ad,zero sugar soda,2026-04-28,940.69,
1494,Redrock Beverage,facebook,paid-social,sr-26,static_a,,2026-04-28,2206.03,
1495,Sunvale Drinks,sfmc,email,SpringRefresh2026,footer_link,,2026-04-28,103.59,25898
1496,Sunvale Drinks,newsletter,e-mail,spring_refresh_blast,awareness_cta_button,,2026-04-28,112.82,28205
1497,Sunvale Drinks,sfmc,e-mail,spring_refresh_blast,rt_header_image,,2026-04-28,77.29,19322
1498,Harborline Distributing,Email,Email,Spring%20Refresh,Cta Button,,2026-04-29,130.28,32571
1499,Harborline Distributing,Google Display,Display,spriing-refresh_26,Story A,,2026-04-29,246.24,
1500,Harborline Distributing,Facebook,Paid Social,spring-refresh-26,Video 6S A,,2026-04-29,2464.46,
1501,Northgate Beverage,fb_paid,PAID_SOCIAL,SPRING_REFRESH_2026,ORIGINAL_REEL_A,,2026-04-29,1236.28,
1502,Northgate Beverage,fb_paid,PAID_SOCIAL,SPRING_REFRESH_Q3,STORY_A,,2026-04-29,1150.24,
1503,Pinecrest Bottling,google,cpc,sr26,zero_brand_ad,zero sugar soda,2026-04-29,413.63,
1504,Pinecrest Bottling,ig,paidsocial,sr26_promo,static_c,,2026-04-29,628.12,
1505,Redrock Beverage,tiktok,paid-social,spring-refresh-26,berry_reel_a,,2026-04-29,931.18,
1506,Redrock Beverage,email,email,sr-26,awareness_hero_banner,,2026-04-29,42.48,10619
1507,Sunvale Drinks,sfmc,email,SpringRefresh2026,rt_footer_link,,2026-04-29,156.28,39071
1508,Sunvale Drinks,newsletter,e-mail,password_reset,notice_body,,2026-04-29,142.50,35626
1509,Sunvale Drinks,sms,sms,spring refrseh 2026,hero_banner,,2026-04-29,53.71,4476
1510,Sunvale Drinks,facebook,social,spring refrseh 2026,video_6s_b,,2026-04-29,603.43,
1511,Sunvale Drinks,sms,sms,spring_refresh_blast,footer_link,,2026-04-29,78.46,6538
1512,Harborline Distributing,google,paid search,Spring%20Refresh,Ginger Generic Ad,zestify near me,2026-04-30,1633.93,
1513,Northgate Beverage,EMAIL,EMAIL,ORDER_CONFIRMATION,NOTICE_BODY,,2026-04-30,99.58,24894
1514,Northgate Beverage,GOOGLE,CPC,SPRING_REFRESH_2026,COUPON_ZERO_BRAND_AD,zestify near me,2026-04-30,871.49,
1515,Northgate Beverage,GOOGLE,CPC,SPRING_REFRESH_2026,GENERIC_AD,lemon lime soda,2026-04-30,978.22,
1516,Northgate Beverage,GDN,DISPLAY,SPRING_REFRESH_2026,RT_STORY_A,,2026-04-30,642.93,
1517,Northgate Beverage,FB,paid_social,SPRING_REFRESH_Q3,VIDEO_6S_B,,2026-04-30,1491.57,
1518,Pinecrest Bottling,fb,paidsocial,sr26_promo,carousel_c,,2026-04-30,2367.75,
1519,Pinecrest Bottling,ig,paidsocial,sr26_promo,story_b,,2026-04-30,195.66,
1520,Redrock Beverage,bing,ppc,spring-refresh-26,loyalty_generic_ad,lemon lime soda,2026-04-30,765.16,
1521,Redrock Beverage,tiktok,paid-social,spring-refresh-26,loyalty_story_c,,2026-04-30,595.55,
1522,Sunvale Drinks,newsletter,email,SpringRefresh2026,footer_link,,2026-04-30,28.86,7216
1523,Sunvale Drinks,email,email,spring_refresh_blast,awareness_header_image,,2026-04-30,92.48,23121
1524,Sunvale Drinks,text,sms,spring_refresh_blast,coupon_header_image,,2026-04-30,77.14,6428
1525,Sunvale Drinks,sfmc,e-mail,spring_refresh_blast,footer_link,,2026-04-30,117.16,29290
1526,Sunvale Drinks,newsletter,email,spring_refresh_blast,hero_banner,,2026-04-30,121.96,30491
1527,Sunvale Drinks,fb,social,spring_refresh_blast,original_static_b,,2026-04-30,465.53,
1528,Harborline Distributing,Email,Email,Delivery Reminder,Notice Body,,2026-05-01,55.48,13869
1529,Harborline Distributing,facebook,Paid Social,Spring%20Refresh,Coupon Reel A,,2026-05-01,1091.56,
1530,Harborline Distributing,Google Ads,Paid Search,Spring%20Refresh,Generic Ad,sparkling lime drink,2026-05-01,235.63,
1531,Harborline Distributing,facebook,paid social,spriing-refresh_26,Reel A,,2026-05-01,2494.17,
1532,Northgate Beverage,GOOGLE,CPC,SPRING_REFRESH_2026,ORIGINAL_BRAND_AD,zestify soda,2026-05-01,658.55,
1533,Northgate Beverage,EMAIL,EMAIL,SPRING_REFRESH_Q3,FOOTER_LINK,,2026-05-01,115.06,28766
1534,Northgate Beverage,GOOGLE,CPC,SPRING_REFRESH_Q3,RSA_1,zestify soda,2026-05-01,848.40,
1535,Pinecrest Bottling,sms,sms,rte_chg_notice,cta_button,,2026-05-01,112.19,9349
1536,Pinecrest Bottling,google,cpc,sr26,rsa_2,zestify near me,2026-05-01,870.99,
1537,Pinecrest Bottling,fb,paidsocial,sr26_promo,berry_story_b,,2026-05-01,660.62,
1538,Pinecrest Bottling,email,email,sr26_promo,hero_banner,,2026-05-01,33.55,8387
1539,Pinecrest Bottling,fb,paidsocial,sr26_promo,lime_reel_a,,2026-05-01,394.59,
1540,Pinecrest Bottling,fb,paidsocial,sr26_retargeting,berry_carousel_b,,2026-05-01,261.11,
1541,Pinecrest Bottling,google,cpc,sr26_retargeting,rsa_1,zestify near me,2026-05-01,578.65,
1542,Redrock Beverage,tiktok,paid-social,SpringRefresh2026,awareness_lime_static_c,,2026-05-01,822.85,
1543,Redrock Beverage,email,email,spring-refresh-26,footer_link,,2026-05-01,49.58,12396
1544,Redrock Beverage,tiktok,paid-social,spring-refresh-26,original_story_b,,2026-05-01,630.78,
1545,Redrock Beverage,bing,ppc,sr-26,recipe_generic_ad,sparkling lime drink,2026-05-01,1770.48,
1546,Sunvale Drinks,newsletter,e-mail,SpringRefresh2026,rt_cta_button,,2026-05-01,69.75,17437
1547,Sunvale Drinks,sms,sms,delivery_window_reminder,transactional_template,,2026-05-01,78.06,6505
1548,Sunvale Drinks,newsletter,e-mail,service_survey,transactional_template,,2026-05-01,159.09,39772
1549,Sunvale Drinks,newsletter,e-mail,spring_refresh_blast,footer_link,,2026-05-01,152.52,38131
1550,Sunvale Drinks,fb,social,spring_refresh_blast,story_b,,2026-05-01,835.39,
1551,Harborline Distributing,Google Display,Display,Spring%20Refresh,Ginger Static B,,2026-05-02,177.11,
1552,Harborline Distributing,Facebook,Paid Social,Spring%20Refresh,Rt Story C,,2026-05-02,879.96,
1553,Northgate Beverage,ig_paid,PAID_SOCIAL,SPRING_REFRESH_2026,AWARENESS_VIDEO_6S_B,,2026-05-02,1614.77,
1554,Northgate Beverage,FACEBOOK,paid_social,ZST-SpringRefresh,BERRY_VIDEO_6S_B,,2026-05-02,593.32,
1555,Northgate Beverage,FACEBOOK,PAID_SOCIAL,ZST-SpringRefresh,ZERO_STATIC_B,,2026-05-02,2367.12,
1556,Pinecrest Bottling,google,cpc,sr26,rsa_1,sparkling lime drink,2026-05-02,573.20,
1557,Pinecrest Bottling,fb,paidsocial,sr26,rt_lime_reel_a,,2026-05-02,310.54,
1558,Pinecrest Bottling,fb,paidsocial,sr26,video_6s_b,,2026-05-02,2309.40,
1559,Redrock Beverage,google,ppc,spring-refresh-26,rsa_2,lemon lime soda,2026-05-02,1029.33,
1560,Redrock Beverage,tiktok,paid-social,spring-refresh-26,video_15s_a,,2026-05-02,686.74,
1561,Redrock Beverage,tiktok,paid-social,sr-26,carousel_a,,2026-05-02,222.02,
1562,Redrock Beverage,tiktok,paid-social,sr-26,video_6s_c,,2026-05-02,468.52,
1563,Sunvale Drinks,newsletter,email,SpringRefresh2026,loyalty_hero_banner,,2026-05-02,90.51,22627
1564,Sunvale Drinks,email,e-mail,spring_refresh_blast,loyalty_footer_link,,2026-05-02,125.16,31289
1565,Harborline Distributing,Google Display,Display,Spring%20Refresh,Awareness Original Reel B,,2026-05-03,153.77,
1566,Harborline Distributing,Instagram,Paid Social,Spring%20Refresh,Reel C,,2026-05-03,243.99,
1567,Harborline Distributing,Google Ads,paid search,Spring%20Refresh,Rt Rsa 1,zestify soda,2026-05-03,547.76,
1568,Northgate Beverage,ig_paid,PAID_SOCIAL,SPRING_REFRESH_2026,BERRY_STORY_A,,2026-05-03,536.65,
1569,Northgate Beverage,FACEBOOK,paid_social,SPRING_REFRESH_2026,BERRY_STORY_C,,2026-05-03,600.95,
1570,Northgate Beverage,FACEBOOK,PAID_SOCIAL,SPRING_REFRESH_2026,COUPON_STORY_B,,2026-05-03,2021.50,
1571,Northgate Beverage,FB,PAID_SOCIAL,ZST-SpringRefresh,AWARENESS_REEL_C,,2026-05-03,1326.62,
1572,Northgate Beverage,IG,PAID_SOCIAL,ZST-SpringRefresh,LOYALTY_REEL_B,,2026-05-03,768.55,
1573,Pinecrest Bottling,tiktok,paidsocial,sr26_promo,reel_b,,2026-05-03,857.77,
1574,Pinecrest Bottling,google,cpc,sr26_promo,rt_generic_ad,zero sugar soda,2026-05-03,250.38,
1575,Redrock Beverage,google,ppc,SpringRefresh2026,berry_rsa_2,zero sugar soda,2026-05-03,1101.76,
1576,Redrock Beverage,fb,social,SpringRefresh2026,reel_a,,2026-05-03,5729.17,
1577,Redrock Beverage,facebook,paid-social,SpringRefresh2026,story_a,,2026-05-03,2107.74,
1578,Redrock Beverage,google,ppc,spring-refresh-26,rsa_2,zestify soda,2026-05-03,1371.21,
1579,Redrock Beverage,fb,social,sr-26,coupon_reel_a,,2026-05-03,473.32,
1580,Redrock Beverage,google,ppc,sr-26,loyalty_ginger_rsa_1,zestify near me,2026-05-03,623.65,
1581,Sunvale Drinks,facebook,social,SpringRefresh2026,awareness_ginger_video_6s_b,,2026-05-03,1390.20,
1582,Sunvale Drinks,newsletter,email,SpringRefresh2026,cta_button,,2026-05-03,66.66,16665
1583,Sunvale Drinks,google,cpc,SpringRefresh2026,generic_ad,zero sugar soda,2026-05-03,370.09,
1584,Sunvale Drinks,email,e-mail,order_confirmation,notice_body,,2026-05-03,137.54,34386
1585,Sunvale Drinks,google,cpc,spring refrseh 2026,lime_rsa_2,zestify near me,2026-05-03,262.70,
1586,Sunvale Drinks,fb,social,spring_refresh_blast,lime_reel_a,,2026-05-03,421.77,
1587,Redrock Beverage,email,email,order-receipt,cta_button,,2026-05-04,33.10,8274
1588,Northgate Beverage,EMAIL,EMAIL,DELIVERY_REMINDER,NOTICE_BODY,,2026-05-05,55.66,13915
1589,Sunvale Drinks,sms,sms,delivery_window_reminder,transactional_template,,2026-05-05,129.46,10788
1590,Harborline Distributing,Email,Email,Invoice Ready,Cta Button,,2026-05-06,157.05,39262
1591,Sunvale Drinks,sfmc,e-mail,order_confirmation,notice_body,,2026-05-06,107.54,26885
1592,Northgate Beverage,EMAIL,EMAIL,ORDER_CONFIRMATION,NOTICE_BODY,,2026-05-07,106.56,26639
1593,Sunvale Drinks,newsletter,e-mail,route_change_notice,notice_body,,2026-05-07,53.62,13404
1594,Sunvale Drinks,newsletter,email,service_survey,transactional_template,,2026-05-07,148.95,37238
1595,Pinecrest Bottling,sms,sms,rte_chg_notice,cta_button,,2026-05-08,41.66,3472
1596,Sunvale Drinks,sfmc,email,password_reset,notice_body,,2026-05-08,74.54,18636
1597,Sunvale Drinks,email,e-mail,receipt,cta_button,,2026-05-09,116.79,29198
1598,Sunvale Drinks,newsletter,email,route_change_notice,notice_body,,2026-05-11,20.35,5088
1599,Sunvale Drinks,email,e-mail,service_survey,transactional_template,,2026-05-11,80.21,20052
1600,Pinecrest Bottling,sms,sms,rte_chg_notice,cta_button,,2026-05-12,93.35,7779
1601,Northgate Beverage,EMAIL,EMAIL,ORDER_CONFIRMATION,NOTICE_BODY,,2026-05-13,51.60,12899
1602,Sunvale Drinks,sms,sms,delivery_window_reminder,transactional_template,,2026-05-13,96.76,8063
1603,Harborline Distributing,Email,Email,Delivery Reminder,Notice Body,,2026-05-15,156.19,39048
1604,Northgate Beverage,EMAIL,EMAIL,DELIVERY_REMINDER,NOTICE_BODY,,2026-05-15,40.25,10062
1605,Pinecrest Bottling,email,email,ord_conf,notice_body,,2026-05-15,29.50,7374
1606,Harborline Distributing,Email,Email,Invoice Ready,Cta Button,,2026-05-16,67.35,16838
1607,Sunvale Drinks,email,e-mail,password_reset,notice_body,,2026-05-16,120.62,30156
1608,Harborline Distributing,Email,Email,Delivery Reminder,Notice Body,,2026-05-18,85.17,21293
1609,Harborline Distributing,Email,Email,Invoice Ready,Cta Button,,2026-05-18,158.54,39636
1610,Harborline Distributing,facebook,paid social,summer-cup-26,Reel B,,2026-05-18,1948.59,
1611,Harborline Distributing,facebook,paid social,summer-cup-26,Reel B,,2026-05-18,1948.59,
1612,Northgate Beverage,FB,PAID_SOCIAL,SC26_Launch,BERRY_STATIC_B,,2026-05-18,774.55,
1613,Pinecrest Bottling,email,email,summer_cup_2026,cta_button,,2026-05-18,118.98,29744
1614,Pinecrest Bottling,ig,paidsocial,summer_cup_2026,video_6s_c,,2026-05-18,195.75,
1615,Sunvale Drinks,email,e-mail,receipt,cta_button,,2026-05-18,51.38,12844
1616,Pinecrest Bottling,ig,paidsocial,sc_26,loyalty_reel_b,,2026-05-19,1845.03,
1617,Pinecrest Bottling,ig,paidsocial,sc_26,video_15s_b,,2026-05-19,1338.59,
1618,Sunvale Drinks,text,sms,delivery_window_reminder,transactional_template,,2026-05-19,44.42,3702
1619,Sunvale Drinks,sfmc,email,password_reset,notice_body,,2026-05-19,58.50,14626
1620,Sunvale Drinks,sfmc,email,route_change_notice,notice_body,,2026-05-19,20.30,5076
1621,Sunvale Drinks,sms,sms,summer_cup_blast,cta_button,,2026-05-19,59.45,4954
1622,Harborline Distributing,Email,Email,Summer Cup 2026,Loyalty Header Image,,2026-05-20,39.00,9751
1623,Northgate Beverage,FB,PAID_SOCIAL,SUMMER_CUP_PROMO,BERRY_CAROUSEL_B,,2026-05-20,1278.90,
1624,Pinecrest Bottling,email,email,sc_26,loyalty_footer_link,,2026-05-20,56.12,14031
1625,Pinecrest Bottling,fb,paidsocial,summer_cup_2026,video_15s_a,,2026-05-20,615.80,
1626,Redrock Beverage,fb,paid-social,spring-into-summer-cup,rt_lime_static_a,,2026-05-20,1432.49,
1627,Sunvale Drinks,google,cpc,summer cupp 2026,rsa_1,lemon lime soda,2026-05-20,218.49,
1628,Sunvale Drinks,text,sms,summer_cup_blast,cta_button,,2026-05-20,55.73,4644
1629,Sunvale Drinks,facebook,social,summer_cup_blast,static_c,,2026-05-20,651.20,
1630,Northgate Beverage,ig_paid,PAID_SOCIAL,SC26_Promo,VIDEO_6S_C,,2026-05-21,470.34,
1631,Pinecrest Bottling,fb,paidsocial,summer_cup_2026,rt_static_b,,2026-05-21,1040.42,
1632,Pinecrest Bottling,tiktok,paidsocial,sc26_q3,recipe_lime_reel_b,,2026-05-22,489.82,
1633,Sunvale Drinks,sfmc,email,summer_cup_blast,footer_link,,2026-05-22,25.18,6296
1634,Northgate Beverage,EMAIL,EMAIL,DELIVERY_REMINDER,NOTICE_BODY,,2026-05-23,147.77,36943
1635,Northgate Beverage,GOOGLE,CPC,SUMMER_CUP_PROMO,GINGER_RSA_1,zestify soda,2026-05-23,2251.05,
1636,Pinecrest Bottling,sms,sms,rte_chg_notice,cta_button,,2026-05-23,57.47,4789
1637,Pinecrest Bottling,tiktok,paidsocial,summer_cup_2026,zero_story_b,,2026-05-23,397.02,
1638,Sunvale Drinks,newsletter,email,order_confirmation,notice_body,,2026-05-23,109.57,27393
1639,Sunvale Drinks,newsletter,email,service_survey,transactional_template,,2026-05-23,74.20,18550
1640,Sunvale Drinks,google,cpc,summer_cup_blast,generic_ad,lemon lime soda,2026-05-23,414.46,
1641,Northgate Beverage,EMAIL,EMAIL,ORDER_CONFIRMATION,NOTICE_BODY,,2026-05-24,44.20,11050
1642,Redrock Beverage,email,email,order-receipt,cta_button,,2026-05-24,21.46,5366
1643,Sunvale Drinks,google,cpc,summer_cup_blast,berry_generic_ad,zero sugar soda,2026-05-24,1055.31,
1644,Harborline Distributing,Email,Email,Summer Cup 2026,Footer Link,,2026-05-25,73.50,18374
1645,Harborline Distributing,facebook,Paid Social,Summer Cup 2026,Story C,,2026-05-25,872.53,
1646,Pinecrest Bottling,email,email,sc_26,loyalty_footer_link,,2026-05-25,87.15,21788
1647,Pinecrest Bottling,ig,paidsocial,sc_26,video_15s_b,,2026-05-25,1435.13,
1648,Redrock Beverage,meta,paid-social,sc-26,reel_c,,2026-05-25,603.61,
1649,Redrock Beverage,meta,paid-social,spring-into-summer-cup,rt_lime_static_a,,2026-05-25,1135.46,
1650,Redrock Beverage,tiktok,paid-social,summer-cup-26,zero_video_15s_b,,2026-05-25,1004.71,
1651,Sunvale Drinks,sfmc,e-mail,order_confirmation,notice_body,,2026-05-25,144.06,36014
1652,Sunvale Drinks,email,e-mail,password_reset,notice_body,,2026-05-25,51.42,12855
1653,Sunvale Drinks,sfmc,email,route_change_notice,notice_body,,2026-05-25,156.67,39167
1654,Sunvale Drinks,fb,social,summer_cup_blast,static_c,,2026-05-25,622.25,
1655,Harborline Distributing,Email,Email,Delivery Reminder,Notice Body,,2026-05-26,123.95,30987
1656,Harborline Distributing,facebook,paid social,summer-cup-26,Reel B,,2026-05-26,1047.82,
1657,Harborline Distributing,Email,Email,summer_cupp_26,Footer Link,,2026-05-26,157.91,39478
1658,Northgate Beverage,IG,PAID_SOCIAL,SC26_Promo,VIDEO_6S_C,,2026-05-26,233.55,
1659,Northgate Beverage,FB,paid_social,SUMMER_CUP_PROMO,BERRY_CAROUSEL_B,,2026-05-26,996.29,
1660,Northgate Beverage,EMAIL,EMAIL,SUMMER_CUP_PROMO,FOOTER_LINK,,2026-05-26,148.49,37123
1661,Pinecrest Bottling,email,email,ord_conf,notice_body,,2026-05-26,49.57,12392
1662,Pinecrest Bottling,tt,paidsocial,summer_cup_2026,static_b,,2026-05-26,840.77,
1663,Redrock Beverage,email,email,sc-26,cta_button,,2026-05-26,91.36,22839
1664,Sunvale Drinks,email,email,receipt,cta_button,,2026-05-26,143.23,35807
1665,Sunvale Drinks,google,cpc,summer cupp 2026,rsa_1,zero sugar soda,2026-05-26,217.04,
1666,Sunvale Drinks,google,cpc,summer_cup_blast,berry_generic_ad,zero sugar soda,2026-05-26,1261.33,
1667,Sunvale Drinks,google,cpc,summer_cup_blast,generic_ad,zero sugar soda,2026-05-26,554.51,
1668,Sunvale Drinks,sfmc,e-mail,summer_cup_blast,hero_banner,,2026-05-26,101.97,25492
1669,Harborline Distributing,Email,Email,Summer Cup 2026,Loyalty Header Image,,2026-05-27,142.78,35694
1670,Harborline Distributing,facebook,Paid Social,Summer Cup 2026,Video 6S C,,2026-05-27,248.33,
1671,Harborline Distributing,Instagram,Paid Social,summer_cupp_26,Awareness Video 6S C,,2026-05-27,253.99,
1672,Northgate Beverage,IG,PAID_SOCIAL,SUMMER_CUP_PROMO,GINGER_CAROUSEL_A,,2026-05-27,399.02,
1673,Northgate Beverage,GOOGLE,CPC,SUMMER_CUP_PROMO,GINGER_RSA_1,zestify soda,2026-05-27,1838.55,
1674,Pinecrest Bottling,fb,paidsocial,summer_cup_2026,rt_static_b,,2026-05-27,1040.85,
1675,Pinecrest Bottling,fb,paidsocial,summer_cup_2026,video_15s_a,,2026-05-27,868.47,
1676,Redrock Beverage,bing,ppc,summer-cup-26,awareness_rsa_1,zestify soda,2026-05-27,1260.72,
1677,Sunvale Drinks,text,sms,summer_cup_blast,cta_button,,2026-05-27,61.50,5125
1678,Northgate Beverage,EMAIL,EMAIL,DELIVERY_REMINDER,NOTICE_BODY,,2026-05-28,159.99,39997
1679,Northgate Beverage,FB,paid_social,SC26_Launch,BERRY_STATIC_B,,2026-05-28,952.68,
1680,Pinecrest Bottling,sms,sms,rte_chg_notice,cta_button,,2026-05-28,63.79,5316
1681,Pinecrest Bottling,ig,paidsocial,sc_26,loyalty_reel_b,,2026-05-28,1180.32,
1682,Pinecrest Bottling,email,email,summer_cup_2026,coupon_cta_button,,2026-05-28,156.43,39107
1683,Redrock Beverage,email,email,sc-26,hero_banner,,2026-05-28,84.68,21170
1684,Redrock Beverage,bing,ppc,sc-26,rsa_2,sparkling lime drink,2026-05-28,843.41,
1685,Redrock Beverage,fb,paid-social,summer-cup-26,berry_static_c,,2026-05-28,319.23,
1686,Redrock Beverage,fb,paid-social,summer-cup-26,coupon_static_c,,2026-05-28,294.43,
1687,Sunvale Drinks,email,email,summer cupp 2026,coupon_cta_button,,2026-05-28,98.92,24730
1688,Sunvale Drinks,facebook,social,summer_cup_blast,awareness_story_a,,2026-05-28,1491.46,
1689,Sunvale Drinks,sfmc,e-mail,summer_cup_blast,footer_link,,2026-05-28,102.50,25625
1690,Harborline Distributing,Email,Email,Invoice Ready,Cta Button,,2026-05-29,124.84,31211
1691,Harborline Distributing,Google Ads,Paid Search,summer_cupp_26,Lime Rsa 2,sparkling lime drink,2026-05-29,931.99,
1692,Pinecrest Bottling,google,cpc,summer_cup_2026,brand_ad,zero sugar soda,2026-05-29,984.15,
1693,Pinecrest Bottling,tiktok,paidsocial,summer_cup_2026,story_c,,2026-05-29,1012.58,
1694,Pinecrest Bottling,ig,paidsocial,summer_cup_2026,video_6s_c,,2026-05-29,319.28,
1695,Sunvale Drinks,sms,sms,summer_cup_blast,cta_button,,2026-05-29,126.72,10560
1696,Harborline Distributing,Facebook,Paid Social,Summer Cup 2026,Carousel A,,2026-05-30,732.79,
1697,Northgate Beverage,ig_paid,PAID_SOCIAL,SC26_Launch,CAROUSEL_B,,2026-05-30,878.47,
1698,Pinecrest Bottling,tiktok,paidsocial,sc26_q3,recipe_lime_reel_b,,2026-05-30,751.04,
1699,Pinecrest Bottling,email,email,summer_cup_2026,cta_button,,2026-05-30,102.20,25549
1700,Pinecrest Bottling,tt,paidsocial,summer_cup_2026,zero_story_b,,2026-05-30,207.64,
1701,Redrock Beverage,fb,social,sc-26,video_15s_c,,2026-05-30,759.25,
1702,Sunvale Drinks,newsletter,e-mail,summer_cup_newsletter,cta_button,,2026-05-30,46.51,11628
1703,Northgate Beverage,GOOGLE,CPC,SC26_Promo,BRAND_AD,lemon lime soda,2026-05-31,1514.34,
1704,Redrock Beverage,email,email,order-receipt,cta_button,,2026-05-31,75.51,18877
1705,Redrock Beverage,bing,ppc,sc-26,rsa_2,zestify soda,2026-05-31,340.31,
1706,Sunvale Drinks,email,email,service_survey,transactional_template,,2026-05-31,41.72,10429
1707,Harborline Distributing,Facebook,paid social,Summer Cup 2026,Awareness Reel A,,2026-06-01,840.53,
1708,Harborline Distributing,Google Ads,paid search,Summer Cup 2026,Rsa 2,zero sugar soda,2026-06-01,576.36,
1709,Harborline Distributing,Facebook,paid social,summer-cup-26,Video 15S B,,2026-06-01,699.35,
1710,Northgate Beverage,EMAIL,EMAIL,DELIVERY_REMINDER,NOTICE_BODY,,2026-06-01,69.00,17249
1711,Northgate Beverage,GDN,DISPLAY,SC26_Launch,STATIC_A,,2026-06-01,296.26,
1712,Northgate Beverage,ig_paid,PAID_SOCIAL,SUMMER_CUP_PROMO,VIDEO_15S_A,,2026-06-01,756.75,
1713,Pinecrest Bottling,email,email,sc_26,loyalty_footer_link,,2026-06-01,23.58,5894
1714,Pinecrest Bottling,google,cpc,summer_cup_2026,brand_ad,sparkling lime drink,2026-06-01,1920.66,
1715,Pinecrest Bottling,fb,paidsocial,summer_cup_2026,video_15s_c,,2026-06-01,1326.09,
1716,Redrock Beverage,bing,ppc,sc-26,generic_ad,zestify near me,2026-06-01,1392.00,
1717,Redrock Beverage,google,ppc,summer-cup-26,awareness_rsa_1,zestify near me,2026-06-01,994.71,
1718,Sunvale Drinks,newsletter,email,password_reset,notice_body,,2026-06-01,125.12,31280
1719,Sunvale Drinks,sfmc,e-mail,summer_cup_blast,header_image,,2026-06-01,139.02,34755
1720,Harborline Distributing,Facebook,Paid Social,Summer Cup 2026,Berry Reel C,,2026-06-02,1258.77,
1721,Harborline Distributing,Email,Email,Summer Cup 2026,Footer Link,,2026-06-02,82.50,20624
1722,Harborline Distributing,Email,Email,Summer Cup 2026,Loyalty Header Image,,2026-06-02,84.16,21039
1723,Harborline Distributing,Email,Email,summer-cup-26,Coupon Header Image,,2026-06-02,36.64,9160
1724,Northgate Beverage,fb_paid,paid_social,SC26_Launch,BERRY_STATIC_B,,2026-06-02,629.04,
1725,Northgate Beverage,GOOGLE,CPC,SC26_Promo,BRAND_AD,zestify soda,2026-06-02,788.01,
1726,Northgate Beverage,fb_paid,PAID_SOCIAL,SUMMER_CUP_PROMO,BERRY_CAROUSEL_B,,2026-06-02,927.97,
1727,Northgate Beverage,GDN,DISPLAY,SUMMER_CUP_PROMO,REEL_B,,2026-06-02,428.50,
1728,Pinecrest Bottling,fb,paidsocial,summer_cup_2026,rt_zero_video_15s_c,,2026-06-02,2208.55,
1729,Pinecrest Bottling,tiktok,paidsocial,summer_cup_2026,static_b,,2026-06-02,850.34,
1730,Redrock Beverage,email,email,sc-26,cta_button,,2026-06-02,71.90,17975
1731,Redrock Beverage,google,ppc,sc-26,rsa_2,zero sugar soda,2026-06-02,957.43,
1732,Sunvale Drinks,newsletter,e-mail,summer_cup_newsletter,cta_button,,2026-06-02,66.73,16683
1733,Sunvale Drinks,google,cpc,summer_cup_newsletter,loyalty_rsa_1,zestify near me,2026-06-02,290.36,
1734,Harborline Distributing,Email,Email,Invoice Ready,Cta Button,,2026-06-03,108.42,27104
1735,Harborline Distributing,Facebook,Paid Social,Summer Cup 2026,Story C,,2026-06-03,1235.50,
1736,Harborline Distributing,Instagram,Paid Social,summer_cupp_26,Awareness Video 6S C,,2026-06-03,402.12,
1737,Northgate Beverage,EMAIL,EMAIL,ORDER_CONFIRMATION,NOTICE_BODY,,2026-06-03,67.28,16821
1738,Northgate Beverage,IG,PAID_SOCIAL,SC26_Promo,VIDEO_6S_C,,2026-06-03,299.73,
1739,Northgate Beverage,GOOGLE,CPC,SUMMER_CUP_PROMO,GINGER_RSA_1,zero sugar soda,2026-06-03,1597.33,
1740,Pinecrest Bottling,email,email,summer_cup_2026,cta_button,,2026-06-03,62.26,15566
1741,Sunvale Drinks,sfmc,email,receipt,cta_button,,2026-06-03,58.22,14554
1742,Sunvale Drinks,google,cpc,summer cupp 2026,rsa_1,sparkling lime drink,2026-06-03,871.94,
1743,Sunvale Drinks,sfmc,email,summer_cup_blast,footer_link,,2026-06-03,16.02,4006
1744,Harborline Distributing,Facebook,Paid Social,Summer Cup 2026,Carousel A,,2026-06-04,365.76,
1745,Harborline Distributing,Facebook,paid social,summer-cup-26,Reel B,,2026-06-04,1411.53,
1746,Northgate Beverage,EMAIL,EMAIL,SUMMER_CUP_PROMO,FOOTER_LINK,,2026-06-04,71.33,17832
1747,Pinecrest Bottling,tt,paidsocial,sc26_q3,recipe_lime_reel_b,,2026-06-04,326.47,
1748,Pinecrest Bottling,email,email,summer_cup_2026,coupon_cta_button,,2026-06-04,99.68,24920
1749,Pinecrest Bottling,tt,paidsocial,summer_cup_2026,video_15s_a,,2026-06-04,228.31,
1750,Pinecrest Bottling,tiktok,paidsocial,summer_cup_2026,zero_story_b,,2026-06-04,172.54,
1751,Redrock Beverage,google,ppc,sc-26,rsa_2,sparkling lime drink,2026-06-04,376.73,
1752,Sunvale Drinks,email,e-mail,order_confirmation,notice_body,,2026-06-04,152.56,38140
1753,Sunvale Drinks,sfmc,e-mail,route_change_notice,notice_body,,2026-06-04,72.65,18163
1754,Sunvale Drinks,newsletter,email,service_survey,transactional_template,,2026-06-04,107.79,26947
1755,Sunvale Drinks,google,cpc,summer cupp 2026,rsa_1,lemon lime soda,2026-06-04,149.32,
1756,Sunvale Drinks,newsletter,email,summer_cup_blast,hero_banner,,2026-06-04,109.49,27372
1757,Sunvale Drinks,facebook,social,summer_cup_blast,reel_c,,2026-06-04,602.58,
1758,Sunvale Drinks,facebook,social,summer_cup_blast,static_c,,2026-06-04,528.90,
1759,Northgate Beverage,GOOGLE,CPC,SC26_Promo,RSA_2,lemon lime soda,2026-06-05,1500.08,
1760,Northgate Beverage,IG,PAID_SOCIAL,SUMMER_CUP_PROMO,GINGER_CAROUSEL_A,,2026-06-05,194.01,
1761,Pinecrest Bottling,ig,paidsocial,sc_26,video_15s_b,,2026-06-05,1373.80,
1762,Pinecrest Bottling,tiktok,paidsocial,summer_cup_2026,story_c,,2026-06-05,1222.07,
1763,Redrock Beverage,email,email,sc-26,footer_link,,2026-06-05,100.08,25019
1764,Redrock Beverage,fb,paid-social,sc-26,reel_c,,2026-06-05,1018.67,
1765,Redrock Beverage,bing,ppc,sc-26,rsa_1,zestify soda,2026-06-05,2445.20,
1766,Sunvale Drinks,fb,social,summer_cup_blast,awareness_story_a,,2026-06-05,1169.35,
1767,Sunvale Drinks,google,cpc,summer_cup_blast,berry_generic_ad,lemon lime soda,2026-06-05,880.34,
1768,Sunvale Drinks,sms,sms,summer_cup_blast,cta_button,,2026-06-05,81.31,6776
1769,Harborline Distributing,Email,Email,Summer Cup 2026,Cta Button,,2026-06-06,55.60,13901
1770,Harborline Distributing,Facebook,Paid Social,Summer Cup 2026,Video 6S C,,2026-06-06,197.17,
1771,Harborline Distributing,google,Paid Search,summer_cupp_26,Lime Rsa 2,zestify near me,2026-06-06,1076.34,
1772,Northgate Beverage,IG,PAID_SOCIAL,SC26_Launch,CAROUSEL_B,,2026-06-06,574.93,
1773,Northgate Beverage,FACEBOOK,paid_social,SUMMER_CUP_PROMO,CAROUSEL_A,,2026-06-06,1515.24,
1774,Pinecrest Bottling,fb,paidsocial,sc_26,reel_c,,2026-06-06,1233.86,
1775,Pinecrest Bottling,fb,paidsocial,summer_cup_2026,video_15s_a,,2026-06-06,918.23,
1776,Redrock Beverage,facebook,social,sc-26,berry_story_c,,2026-06-06,390.87,
1777,Redrock Beverage,email,email,sc-26,hero_banner,,2026-06-06,120.86,30216
1778,Redrock Beverage,meta,paid-social,summer-cup-26,coupon_static_c,,2026-06-06,292.41,
1779,Sunvale Drinks,newsletter,e-mail,summer cupp 2026,coupon_cta_button,,2026-06-06,61.99,15497
1780,Sunvale Drinks,text,sms,summer_cup_blast,cta_button,,2026-06-06,71.16,5930
1781,Sunvale Drinks,sfmc,email,summer_cup_blast,footer_link,,2026-06-06,88.15,22038
1782,Sunvale Drinks,google,cpc,summer_cup_blast,generic_ad,zero sugar soda,2026-06-06,325.37,
1783,Harborline Distributing,Email,Email,summer_cupp_26,Footer Link,,2026-06-07,110.39,27597
1784,Pinecrest Bottling,sms,sms,rte_chg_notice,cta_button,,2026-06-07,72.44,6037
1785,Pinecrest Bottling,ig,paidsocial,sc_26,loyalty_reel_b,,2026-06-07,1811.34,
1786,Pinecrest Bottling,fb,paidsocial,summer_cup_2026,rt_static_b,,2026-06-07,1658.71,
1787,Pinecrest Bottling,ig,paidsocial,summer_cup_2026,video_6s_c,,2026-06-07,297.21,
1788,Redrock Beverage,fb,social,sc-26,video_15s_c,,2026-06-07,817.84,
1789,Redrock Beverage,meta,social,spring-into-summer-cup,rt_lime_static_a,,2026-06-07,1486.58,
1790,Redrock Beverage,meta,paid-social,summer-cup-26,berry_static_c,,2026-06-07,380.26,
1791,Redrock Beverage,tiktok,paid-social,summer-cup-26,zero_video_15s_b,,2026-06-07,865.73,
1792,Harborline Distributing,facebook,paid social,Summer Cup 2026,Awareness Reel A,,2026-06-08,723.27,
1793,Harborline Distributing,Facebook,paid social,Summer Cup 2026,Berry Reel C,,2026-06-08,1247.14,
1794,Harborline Distributing,facebook,paid social,Summer Cup 2026,Story C,,2026-06-08,685.16,
1795,Northgate Beverage,GOOGLE,CPC,SC26_Promo,RSA_2,zestify near me,2026-06-08,882.62,
1796,Pinecrest Bottling,sms,sms,rte_chg_notice,cta_button,,2026-06-08,101.20,8433
1797,Pinecrest Bottling,email,email,sc_26,loyalty_footer_link,,2026-06-08,151.14,37785
1798,Pinecrest Bottling,ig,paidsocial,sc_26,loyalty_reel_b,,2026-06-08,1281.13,
1799,Pinecrest Bottling,ig,paidsocial,summer_cup_2026,video_6s_c,,2026-06-08,278.55,
1800,Redrock Beverage,google,ppc,summer-cup-26,awareness_rsa_1,sparkling lime drink,2026-06-08,844.39,
1801,Sunvale Drinks,sfmc,email,order_confirmation,notice_body,,2026-06-08,16.61,4152
1802,Sunvale Drinks,google,cpc,summer cupp 2026,rsa_1,zestify near me,2026-06-08,197.76,
1803,Sunvale Drinks,fb,social,summer_cup_blast,static_c,,2026-06-08,576.86,
1804,Harborline Distributing,Email,Email,Summer Cup 2026,Footer Link,,2026-06-09,146.03,36507
1805,Harborline Distributing,facebook,Paid Social,summer-cup-26,Video 15S B,,2026-06-09,745.43,
1806,Harborline Distributing,Facebook,paid social,summer_cupp_26,Recipe Carousel C,,2026-06-09,130.10,
1807,Northgate Beverage,GDN,DISPLAY,SC26_Launch,STATIC_A,,2026-06-09,482.92,
1808,Northgate Beverage,FB,paid_social,SUMMER_CUP_PROMO,BERRY_CAROUSEL_B,,2026-06-09,1476.10,
1809,Northgate Beverage,FB,paid_social,SUMMER_CUP_PROMO,CAROUSEL_A,,2026-06-09,741.59,
1810,Northgate Beverage,fb_paid,paid_social,SUMMER_CUP_PROMO,LOYALTY_CAROUSEL_C,,2026-06-09,588.71,
1811,Pinecrest Bottling,email,email,ord_conf,notice_body,,2026-06-09,137.36,34339
1812,Pinecrest Bottling,tt,paidsocial,sc26_q3,recipe_lime_reel_b,,2026-06-09,397.04,
1813,Pinecrest Bottling,ig,paidsocial,sc_26,video_15s_b,,2026-06-09,1390.48,
1814,Pinecrest Bottling,email,email,summer_cup_2026,coupon_cta_button,,2026-06-09,148.58,37146
1815,Pinecrest Bottling,email,email,summer_cup_2026,cta_button,,2026-06-09,129.74,32435
1816,Pinecrest Bottling,fb,paidsocial,summer_cup_2026,video_15s_c,,2026-06-09,941.43,
1817,Redrock Beverage,google,ppc,sc-26,generic_ad,zestify soda,2026-06-09,1427.19,
1818,Sunvale Drinks,sms,sms,summer_cup_blast,cta_button,,2026-06-09,44.87,3739
1819,Sunvale Drinks,text,sms,summer_cup_blast,cta_button,,2026-06-09,142.88,11907
1820,Sunvale Drinks,email,email,summer_cup_blast,footer_link,,2026-06-09,101.17,25292
1821,Sunvale Drinks,email,e-mail,summer_cup_blast,footer_link,,2026-06-09,147.71,36928
1822,Sunvale Drinks,sfmc,e-mail,summer_cup_blast,footer_link,,2026-06-09,79.62,19904
1823,Sunvale Drinks,google,cpc,summer_cup_blast,generic_ad,zestify soda,2026-06-09,519.13,
1824,Sunvale Drinks,sfmc,e-mail,summer_cup_newsletter,cta_button,,2026-06-09,69.87,17468
1825,Harborline Distributing,Email,Email,Delivery Reminder,Notice Body,,2026-06-10,82.60,20650
1826,Harborline Distributing,Facebook,paid social,Summer Cup 2026,Carousel A,,2026-06-10,336.66,
1827,Harborline Distributing,google,Paid Search,Summer Cup 2026,Generic Ad,zestify near me,2026-06-10,154.49,
1828,Harborline Distributing,facebook,Paid Social,summer-cup-26,Original Video 15S B,,2026-06-10,1746.98,
1829,Harborline Distributing,Email,Email,summer_cupp_26,Footer Link,,2026-06-10,156.47,39118
1830,Harborline Distributing,google,Paid Search,summer_cupp_26,Lime Rsa 2,zestify soda,2026-06-10,1400.36,
1831,Northgate Beverage,IG,PAID_SOCIAL,SC26_Launch,CAROUSEL_B,,2026-06-10,462.87,
1832,Pinecrest Bottling,google,cpc,summer_cup_2026,brand_ad,sparkling lime drink,2026-06-10,1240.55,
1833,Pinecrest Bottling,tiktok,paidsocial,summer_cup_2026,story_c,,2026-06-10,1155.64,
1834,Harborline Distributing,Email,Email,Summer Cup 2026,Cta Button,,2026-06-11,112.13,28033
1835,Harborline Distributing,Email,Email,Summer Cup 2026,Hero Banner,,2026-06-11,21.87,5468
1836,Harborline Distributing,google,Paid Search,Summer Cup 2026,Rsa 2,zestify near me,2026-06-11,381.42,
1837,Harborline Distributing,facebook,paid social,Summer Cup 2026,Video 6S C,,2026-06-11,287.91,
1838,Northgate Beverage,EMAIL,EMAIL,ORDER_CONFIRMATION,NOTICE_BODY,,2026-06-11,49.04,12259
1839,Northgate Beverage,FACEBOOK,paid_social,SC26_Launch,BERRY_STATIC_B,,2026-06-11,923.87,
1840,Northgate Beverage,ig_paid,PAID_SOCIAL,SC26_Promo,VIDEO_6S_C,,2026-06-11,250.91,
1841,Northgate Beverage,EMAIL,EMAIL,SUMMER_CUP_PROMO,FOOTER_LINK,,2026-06-11,100.78,25194
1842,Northgate Beverage,GOOGLE,CPC,SUMMER_CUP_PROMO,GINGER_RSA_1,zestify soda,2026-06-11,2436.96,
1843,Northgate Beverage,GDN,DISPLAY,SUMMER_CUP_PROMO,REEL_B,,2026-06-11,455.45,
1844,Pinecrest Bottling,tt,paidsocial,sc26_q3,berry_carousel_c,,2026-06-11,916.52,
1845,Pinecrest Bottling,email,email,summer_cup_2026,rt_hero_banner,,2026-06-11,145.90,36475
1846,Pinecrest Bottling,fb,paidsocial,summer_cup_2026,video_15s_a,,2026-06-11,539.02,
1847,Pinecrest Bottling,tt,paidsocial,summer_cup_2026,video_15s_a,,2026-06-11,165.00,
1848,Redrock Beverage,email,email,sc-26,hero_banner,,2026-06-11,101.87,25468
1849,Redrock Beverage,facebook,social,sc-26,reel_c,,2026-06-11,544.20,
1850,Redrock Beverage,google,ppc,sc-26,rsa_2,sparkling lime drink,2026-06-11,505.51,
1851,Redrock Beverage,google,ppc,sc-26,rsa_2,zestify soda,2026-06-11,1091.44,
1852,Redrock Beverage,tiktok,paid-social,summer-cup-26,zero_video_15s_b,,2026-06-11,683.71,
1853,Sunvale Drinks,sfmc,e-mail,summer cupp 2026,coupon_cta_button,,2026-06-11,107.80,26950
1854,Sunvale Drinks,sfmc,email,summer_cup_newsletter,cta_button,,2026-06-11,23.98,5995
1855,Northgate Beverage,FACEBOOK,paid_social,SC26_Promo,ZERO_STATIC_C,,2026-06-12,1084.04,
1856,Northgate Beverage,FACEBOOK,paid_social,SUMMER_CUP_PROMO,AWARENESS_STORY_C,,2026-06-12,1549.66,
1857,Pinecrest Bottling,fb,paidsocial,sc26_q3,ginger_carousel_b,,2026-06-12,688.75,
1858,Redrock Beverage,email,email,order-receipt,cta_button,,2026-06-12,41.56,10391
1859,Redrock Beverage,google,ppc,sc-26,coupon_rsa_2,zestify soda,2026-06-12,2989.25,
1860,Redrock Beverage,email,email,sc-26,footer_link,,2026-06-12,111.64,27909
1861,Redrock Beverage,google,ppc,sc-26,rsa_1,zestify near me,2026-06-12,2106.86,
1862,Redrock Beverage,google,ppc,sc-26,rsa_2,zestify soda,2026-06-12,340.58,
1863,Redrock Beverage,fb,social,sc-26,video_15s_c,,2026-06-12,746.16,
1864,Redrock Beverage,fb,social,summer-cup-26,carousel_c,,2026-06-12,1538.03,
1865,Redrock Beverage,fb,social,summer-cup-26,coupon_static_c,,2026-06-12,268.05,
1866,Sunvale Drinks,sfmc,email,receipt,cta_button,,2026-06-12,64.42,16105
1867,Sunvale Drinks,fb,social,summer_cup_blast,awareness_story_a,,2026-06-12,893.78,
1868,Sunvale Drinks,google,cpc,summer_cup_blast,berry_generic_ad,zestify near me,2026-06-12,1154.09,
1869,Sunvale Drinks,newsletter,e-mail,summer_cup_blast,header_image,,2026-06-12,132.22,33055
1870,Sunvale Drinks,newsletter,e-mail,summer_cup_blast,hero_banner,,2026-06-12,117.45,29363
1871,Harborline Distributing,Email,Email,summer-cup-26,Coupon Header Image,,2026-06-13,55.34,13834
1872,Harborline Distributing,Facebook,paid social,summer-cup-26,Reel B,,2026-06-13,1955.07,
1873,Harborline Distributing,Instagram,Paid Social,summer_cupp_26,Awareness Video 6S C,,2026-06-13,371.26,
1874,Northgate Beverage,IG,PAID_SOCIAL,SUMMER_CUP_PROMO,GINGER_CAROUSEL_A,,2026-06-13,354.74,
1875,Northgate Beverage,ig_paid,PAID_SOCIAL,SUMMER_CUP_PROMO,VIDEO_15S_A,,2026-06-13,584.41,
1876,Pinecrest Bottling,ig,paidsocial,sc26_q3,loyalty_static_a,,2026-06-13,351.11,
1877,Pinecrest Bottling,fb,paidsocial,sc_26,reel_c,,2026-06-13,2907.79,
1878,Pinecrest Bottling,fb,paidsocial,summer_cup_2026,rt_static_b,,2026-06-13,981.32,
1879,Redrock Beverage,email,email,sc-26,cta_button,,2026-06-13,36.54,9134
1880,Redrock Beverage,fb,paid-social,sc-26,static_b,,2026-06-13,671.40,
1881,Redrock Beverage,meta,paid-social,spring-into-summer-cup,rt_lime_static_a,,2026-06-13,1541.88,
1882,Sunvale Drinks,sfmc,email,route_change_notice,notice_body,,2026-06-13,106.25,26562
1883,Sunvale Drinks,text,sms,summer cupp 2026,hero_banner,,2026-06-13,105.30,8775
1884,Sunvale Drinks,google,cpc,summer cupp 2026,rsa_1,sparkling lime drink,2026-06-13,527.50,
1885,Sunvale Drinks,sfmc,email,summer_cup_blast,footer_link,,2026-06-13,102.80,25701
1886,Sunvale Drinks,sfmc,e-mail,summer_cup_blast,header_image,,2026-06-13,115.31,28827
1887,Sunvale Drinks,fb,social,summer_cup_blast,reel_c,,2026-06-13,383.17,
1888,Sunvale Drinks,google,cpc,summer_cup_newsletter,loyalty_rsa_1,sparkling lime drink,2026-06-13,348.94,
1889,Harborline Distributing,Instagram,Paid Social,Summer Cup 2026,Berry Reel A,,2026-06-14,357.10,
1890,Harborline Distributing,Email,Email,Summer Cup 2026,Loyalty Header Image,,2026-06-14,49.99,12498
1891,Northgate Beverage,GOOGLE,CPC,SC26_Promo,BRAND_AD,zero sugar soda,2026-06-14,1481.84,
1892,Pinecrest Bottling,fb,paidsocial,summer_cup_2026,rt_zero_video_15s_c,,2026-06-14,2349.09,
1893,Pinecrest Bottling,tt,paidsocial,summer_cup_2026,static_b,,2026-06-14,751.96,
1894,Pinecrest Bottling,tiktok,paidsocial,summer_cup_2026,zero_story_b,,2026-06-14,213.10,
1895,Redrock Beverage,facebook,social,sc-26,berry_story_c,,2026-06-14,238.53,
1896,Redrock Beverage,meta,paid-social,sc-26,video_15s_c,,2026-06-14,2125.10,
1897,Redrock Beverage,meta,social,summer-cup-26,berry_static_c,,2026-06-14,348.44,
1898,Redrock Beverage,google,ppc,summer-cup-26,rsa_1,zero sugar soda,2026-06-14,663.34,
1899,Harborline Distributing,Facebook,paid social,Summer Cup 2026,Berry Carousel A,,2026-06-15,120.58,
1900,Harborline Distributing,facebook,Paid Social,Summer Cup 2026,Video 6S C,,2026-06-15,202.62,
1901,Harborline Distributing,Instagram,Paid Social,summer-cup-26,Coupon Story A,,2026-06-15,1000.10,
1902,Northgate Beverage,FACEBOOK,paid_social,SC26_Launch,BERRY_STATIC_B,,2026-06-15,952.50,
1903,Northgate Beverage,GOOGLE,CPC,SUMMER_CUP_PROMO,AWARENESS_ORIGINAL_BRAND_AD,zestify near me,2026-06-15,792.66,
1904,Northgate Beverage,FB,paid_social,SUMMER_CUP_PROMO,LOYALTY_CAROUSEL_C,,2026-06-15,1306.48,
1905,Pinecrest Bottling,tt,paidsocial,sc26_q3,berry_carousel_c,,2026-06-15,1011.85,
1906,Pinecrest Bottling,fb,paidsocial,sc26_q3,ginger_carousel_b,,2026-06-15,780.68,
1907,Pinecrest Bottling,fb,paidsocial,sc_26,reel_c,,2026-06-15,2525.37,
1908,Pinecrest Bottling,tt,paidsocial,summer_cup_2026,video_15s_a,,2026-06-15,243.64,
1909,Pinecrest Bottling,fb,paidsocial,summer_cup_2026,video_15s_c,,2026-06-15,2154.72,
1910,Pinecrest Bottling,tt,paidsocial,summer_cup_2026,zero_story_b,,2026-06-15,361.07,
1911,Redrock Beverage,meta,social,sc-26,berry_story_c,,2026-06-15,325.96,
1912,Redrock Beverage,programmatic,display,sc-26,ginger_video_6s_c,,2026-06-15,361.40,
1913,Redrock Beverage,google,ppc,sc-26,recipe_zero_generic_ad,zestify near me,2026-06-15,467.83,
1914,Redrock Beverage,google,ppc,summer-cup-26,awareness_rsa_1,sparkling lime drink,2026-06-15,1240.28,
1915,Sunvale Drinks,sfmc,e-mail,route_change_notice,notice_body,,2026-06-15,43.55,10888
1916,Sunvale Drinks,google,cpc,summer cupp 2026,rsa_1,lemon lime soda,2026-06-15,332.29,
1917,Sunvale Drinks,email,email,summer_cup_blast,footer_link,,2026-06-15,71.86,17966
1918,Sunvale Drinks,email,e-mail,summer_cup_blast,header_image,,2026-06-15,147.68,36919
1919,Sunvale Drinks,text,sms,summer_cup_blast,recipe_header_image,,2026-06-15,63.77,5314
1920,Sunvale Drinks,google,cpc,summer_cup_newsletter,loyalty_rsa_1,lemon lime soda,2026-06-15,250.57,
1921,Harborline Distributing,Email,Email,Invoice Ready,Cta Button,,2026-06-16,137.54,34386
1922,Harborline Distributing,Google Display,Display,Summer Cup 2026,Berry Reel A,,2026-06-16,453.88,
1923,Harborline Distributing,facebook,paid social,Summer Cup 2026,Carousel A,,2026-06-16,411.57,
1924,Harborline Distributing,Email,Email,Summer Cup 2026,Footer Link,,2026-06-16,17.43,4358
1925,Harborline Distributing,Facebook,Paid Social,summer-cup-26,Video 15S B,,2026-06-16,479.57,
1926,Pinecrest Bottling,ig,paidsocial,sc_26,awareness_story_b,,2026-06-16,286.92,
1927,Redrock Beverage,email,email,order-receipt,cta_button,,2026-06-16,64.56,16141
1928,Redrock Beverage,google,ppc,sc-26,coupon_rsa_2,zestify near me,2026-06-16,1213.49,
1929,Redrock Beverage,email,email,sc-26,footer_link,,2026-06-16,84.40,21100
1930,Redrock Beverage,email,email,sc-26,hero_banner,,2026-06-16,23.64,5911
1931,Redrock Beverage,bing,ppc,sc-26,loyalty_lime_rsa_1,lemon lime soda,2026-06-16,399.30,
1932,Redrock Beverage,google,ppc,sc-26,rsa_2,zestify near me,2026-06-16,679.22,
1933,Sunvale Drinks,google,cpc,summer_cup_blast,berry_generic_ad,lemon lime soda,2026-06-16,1705.14,
1934,Sunvale Drinks,sms,sms,summer_cup_blast,coupon_cta_button,,2026-06-16,135.34,11278
1935,Sunvale Drinks,sfmc,email,summer_cup_blast,footer_link,,2026-06-16,77.68,19419
1936,Sunvale Drinks,fb,social,summer_cup_blast,reel_c,,2026-06-16,439.05,
1937,Harborline Distributing,Facebook,Paid Social,Summer Cup 2026,Awareness Reel A,,2026-06-17,1246.89,
1938,Harborline Distributing,Instagram,Paid Social,Summer Cup 2026,Berry Reel A,,2026-06-17,335.07,
1939,Harborline Distributing,Google Ads,paid search,Summer Cup 2026,Rsa 2,lemon lime soda,2026-06-17,556.57,
1940,Harborline Distributing,Email,Email,summer-cup-26,Coupon Header Image,,2026-06-17,69.14,17284
1941,Harborline Distributing,Facebook,paid social,summer_cupp_26,Recipe Carousel C,,2026-06-17,219.41,
1942,Northgate Beverage,IG,PAID_SOCIAL,SC26_Launch,CAROUSEL_B,,2026-06-17,2390.58,
1943,Northgate Beverage,FB,paid_social,SUMMER_CUP_PROMO,CAROUSEL_A,,2026-06-17,893.00,
1944,Northgate Beverage,IG,PAID_SOCIAL,SUMMER_CUP_PROMO,GINGER_CAROUSEL_A,,2026-06-17,266.45,
1945,Pinecrest Bottling,email,email,sc_26,loyalty_footer_link,,2026-06-17,149.22,37306
1946,Pinecrest Bottling,tiktok,paidsocial,summer_cup_2026,static_b,,2026-06-17,572.21,
1947,Redrock Beverage,google,ppc,sc-26,rsa_2,lemon lime soda,2026-06-17,996.63,
1948,Redrock Beverage,facebook,paid-social,sc-26,video_15s_c,,2026-06-17,805.85,
1949,Sunvale Drinks,newsletter,e-mail,order_confirmation,notice_body,,2026-06-17,89.29,22322
1950,Sunvale Drinks,newsletter,email,summer cupp 2026,cta_button,,2026-06-17,21.20,5300
1951,Sunvale Drinks,google,cpc,summer cupp 2026,rsa_1,zestify near me,2026-06-17,912.25,
1952,Sunvale Drinks,facebook,social,summer_cup_blast,awareness_story_a,,2026-06-17,612.14,
1953,Sunvale Drinks,sms,sms,summer_cup_blast,cta_button,,2026-06-17,93.24,7770
1954,Sunvale Drinks,sfmc,e-mail,summer_cup_blast,header_image,,2026-06-17,45.81,11453
1955,Harborline Distributing,Email,Email,Delivery Reminder,Notice Body,,2026-06-18,146.26,36564
1956,Harborline Distributing,facebook,paid social,summer-cup-26,Reel B,,2026-06-18,965.65,
1957,Harborline Distributing,Google Ads,Paid Search,summer_cupp_26,Zero Brand Ad,zestify near me,2026-06-18,368.49,
1958,Northgate Beverage,EMAIL,EMAIL,DELIVERY_REMINDER,NOTICE_BODY,,2026-06-18,121.08,30269
1959,Northgate Beverage,ig_paid,PAID_SOCIAL,SC26_Promo,REEL_C,,2026-06-18,266.84,
1960,Northgate Beverage,fb_paid,paid_social,SUMMER_CUP_PROMO,BERRY_CAROUSEL_B,,2026-06-18,990.03,
1961,Pinecrest Bottling,ig,paidsocial,sc26_q3,loyalty_static_a,,2026-06-18,621.57,
1962,Pinecrest Bottling,ig,paidsocial,sc_26,video_15s_b,,2026-06-18,2517.47,
1963,Redrock Beverage,google,ppc,sc-26,generic_ad,zero sugar soda,2026-06-18,1390.45,
1964,Redrock Beverage,fb,social,sc-26,reel_c,,2026-06-18,1304.74,
1965,Redrock Beverage,bing,ppc,sc-26,rsa_2,lemon lime soda,2026-06-18,1070.20,
1966,Redrock Beverage,facebook,paid-social,sc-26,video_15s_c,,2026-06-18,1226.13,
1967,Redrock Beverage,fb,paid-social,summer-cup-26,carousel_c,,2026-06-18,1292.64,
1968,Redrock Beverage,tiktok,paid-social,summer-cup-26,zero_video_15s_b,,2026-06-18,584.22,
1969,Sunvale Drinks,sfmc,e-mail,summer cupp 2026,coupon_cta_button,,2026-06-18,90.18,22544
1970,Sunvale Drinks,sms,sms,summer_cup_blast,cta_button,,2026-06-18,38.50,3208
1971,Sunvale Drinks,email,email,summer_cup_newsletter,cta_button,,2026-06-18,107.26,26816
1972,Harborline Distributing,Email,Email,Summer Cup 2026,Loyalty Header Image,,2026-06-19,141.89,35473
1973,Harborline Distributing,facebook,paid social,summer-cup-26,Original Video 15S B,,2026-06-19,1891.26,
1974,Harborline Distributing,Google Ads,paid search,summer_cupp_26,Recipe Berry Generic Ad,zestify near me,2026-06-19,527.66,
1975,Northgate Beverage,IG,PAID_SOCIAL,SC26_Launch,CAROUSEL_B,,2026-06-19,866.31,
1976,Northgate Beverage,FB,PAID_SOCIAL,SUMMER_CUP_PROMO,AWARENESS_STORY_C,,2026-06-19,1365.65,
1977,Northgate Beverage,EMAIL,EMAIL,SUMMER_CUP_PROMO,FOOTER_LINK,,2026-06-19,26.35,6588
1978,Northgate Beverage,EMAIL,EMAIL,SUMMER_CUP_PROMO,HERO_BANNER,,2026-06-19,74.97,18743
1979,Pinecrest Bottling,email,email,ord_conf,notice_body,,2026-06-19,18.98,4745
1980,Pinecrest Bottling,ig,paidsocial,sc_26,loyalty_reel_b,,2026-06-19,1969.44,
1981,Pinecrest Bottling,fb,paidsocial,summer_cup_2026,rt_static_b,,2026-06-19,1309.50,
1982,Pinecrest Bottling,fb,paidsocial,summer_cup_2026,rt_zero_video_15s_c,,2026-06-19,2453.79,
1983,Pinecrest Bottling,tt,paidsocial,summer_cup_2026,story_c,,2026-06-19,568.66,
1984,Pinecrest Bottling,fb,paidsocial,summer_cup_2026,video_15s_a,,2026-06-19,399.98,
1985,Pinecrest Bottling,ig,paidsocial,summer_cup_2026,video_6s_c,,2026-06-19,330.13,
1986,Redrock Beverage,bing,ppc,sc-26,rsa_1,zestify near me,2026-06-19,1713.20,
1987,Redrock Beverage,programmatic,display,sc-26,static_a,,2026-06-19,826.16,
1988,Redrock Beverage,google,ppc,summer-cup-26,ginger_rsa_2,zestify soda,2026-06-19,491.11,
1989,Sunvale Drinks,newsletter,email,summer cupp 2026,header_image,,2026-06-19,106.01,26503
1990,Sunvale Drinks,sfmc,email,summer cupp 2026,loyalty_hero_banner,,2026-06-19,16.14,4034
1991,Sunvale Drinks,google,cpc,summer_cup_blast,generic_ad,lemon lime soda,2026-06-19,559.28,
1992,Sunvale Drinks,newsletter,email,summer_cup_blast,hero_banner,,2026-06-19,130.14,32535
1993,Sunvale Drinks,facebook,social,summer_cup_blast,static_c,,2026-06-19,532.06,
1994,Sunvale Drinks,newsletter,e-mail,summer_cup_newsletter,cta_button,,2026-06-19,49.00,12251
1995,Harborline Distributing,Facebook,Paid Social,Summer Cup 2026,Berry Reel C,,2026-06-20,1089.46,
1996,Harborline Distributing,Email,Email,Summer Cup 2026,Cta Button,,2026-06-20,89.47,22368
1997,Harborline Distributing,Google Ads,paid search,Summer Cup 2026,Generic Ad,zestify soda,2026-06-20,143.15,
1998,Harborline Distributing,Instagram,Paid Social,summer_cupp_26,Awareness Video 6S C,,2026-06-20,226.53,
1999,Northgate Beverage,GDN,DISPLAY,SC26_Launch,STATIC_A,,2026-06-20,672.79,
2000,Northgate Beverage,GOOGLE,CPC,SC26_Promo,RSA_2,lemon lime soda,2026-06-20,1136.70,
2001,Northgate Beverage,IG,PAID_SOCIAL,SC26_Promo,VIDEO_6S_C,,2026-06-20,239.09,
2002,Northgate Beverage,FACEBOOK,paid_social,SC26_Promo,ZERO_STATIC_C,,2026-06-20,697.88,
2003,Northgate Beverage,GDN,DISPLAY,SUMMER_CUP_PROMO,REEL_B,,2026-06-20,323.41,
2004,Northgate Beverage,fb_paid,paid_social,SUMMER_CUP_PROMO,VIDEO_15S_B,,2026-06-20,1039.54,
2005,Pinecrest Bottling,tiktok,paidsocial,sc26_q3,recipe_lime_reel_b,,2026-06-20,617.21,
2006,Pinecrest Bottling,email,email,summer_cup_2026,coupon_cta_button,,2026-06-20,54.86,13714
2007,Pinecrest Bottling,email,email,summer_cup_2026,cta_button,,2026-06-20,82.18,20544
2008,Pinecrest Bottling,email,email,summer_cup_2026,rt_hero_banner,,2026-06-20,130.56,32641
2009,Redrock Beverage,bing,ppc,sc-26,rsa_1,lemon lime soda,2026-06-20,853.27,
2010,Redrock Beverage,facebook,paid-social,sc-26,static_b,,2026-06-20,1403.24,
2011,Redrock Beverage,meta,social,summer-cup-26,coupon_static_c,,2026-06-20,245.36,
2012,Redrock Beverage,bing,ppc,summer-cup-26,rsa_1,sparkling lime drink,2026-06-20,395.11,
2013,Sunvale Drinks,sfmc,e-mail,receipt,cta_button,,2026-06-20,43.22,10806
2014,Sunvale Drinks,email,email,service_survey,transactional_template,,2026-06-20,77.50,19374
2015,Sunvale Drinks,newsletter,email,summer_cup_blast,footer_link,,2026-06-20,95.28,23819
2016,Sunvale Drinks,fb,social,summer_cup_newsletter,zero_reel_c,,2026-06-20,892.60,
2017,Harborline Distributing,Email,Email,Summer Cup 2026,Hero Banner,,2026-06-21,61.06,15266
2018,Harborline Distributing,facebook,Paid Social,Summer Cup 2026,Story C,,2026-06-21,1243.99,
2019,Harborline Distributing,Email,Email,summer_cupp_26,Footer Link,,2026-06-21,139.93,34983
2020,Harborline Distributing,Google Ads,paid search,summer_cupp_26,Lime Rsa 2,sparkling lime drink,2026-06-21,554.99,
2021,Northgate Beverage,EMAIL,EMAIL,ORDER_CONFIRMATION,NOTICE_BODY,,2026-06-21,71.17,17792
2022,Northgate Beverage,GOOGLE,CPC,SC26_Launch,COUPON_RSA_2,zestify soda,2026-06-21,863.56,
2023,Northgate Beverage,fb_paid,paid_social,SC26_Launch,VIDEO_15S_A,,2026-06-21,4030.59,
2024,Northgate Beverage,GOOGLE,CPC,SC26_Promo,BRAND_AD,lemon lime soda,2026-06-21,653.42,
2025,Northgate Beverage,GOOGLE,CPC,SUMMER_CUP_PROMO,GINGER_RSA_1,zestify soda,2026-06-21,2860.44,
2026,Northgate Beverage,IG,PAID_SOCIAL,SUMMER_CUP_PROMO,VIDEO_15S_A,,2026-06-21,626.15,
2027,Pinecrest Bottling,sms,sms,rte_chg_notice,cta_button,,2026-06-21,65.11,5426
2028,Pinecrest Bottling,google,cpc,summer_cup_2026,brand_ad,zero sugar soda,2026-06-21,1637.22,
2029,Redrock Beverage,email,email,sc-26,cta_button,,2026-06-21,158.33,39582
2030,Redrock Beverage,email,email,sc-26,footer_link,,2026-06-21,155.54,38885
2031,Redrock Beverage,meta,social,summer-cup-26,berry_static_c,,2026-06-21,353.38,
2032,Sunvale Drinks,text,sms,delivery_window_reminder,transactional_template,,2026-06-21,72.11,6009
2033,Sunvale Drinks,sfmc,email,summer cupp 2026,header_image,,2026-06-21,24.02,6005
2034,Sunvale Drinks,sms,sms,summer cupp 2026,hero_banner,,2026-06-21,27.95,2329
2035,Sunvale Drinks,facebook,social,summer cupp 2026,rt_original_video_15s_a,,2026-06-21,1543.93,
2036,Sunvale Drinks,newsletter,e-mail,summer_cup_blast,footer_link,,2026-06-21,54.19,13547
2037,Harborline Distributing,Email,Email,Summer Cup 2026,Footer Link,,2026-06-22,71.63,17907
2038,Harborline Distributing,Email,Email,summer-cup-26,Coupon Header Image,,2026-06-22,49.61,12403
2039,Harborline Distributing,google,paid search,summer_cupp_26,Lime Rsa 2,lemon lime soda,2026-06-22,1264.42,
2040,Northgate Beverage,EMAIL,EMAIL,ORDER_CONFIRMATION,NOTICE_BODY,,2026-06-22,38.74,9685
2041,Northgate Beverage,fb_paid,paid_social,SC26_Launch,VIDEO_15S_A,,2026-06-22,4720.47,
2042,Northgate Beverage,ig_paid,PAID_SOCIAL,SUMMER_CUP_PROMO,GINGER_CAROUSEL_A,,2026-06-22,193.03,
2043,Northgate Beverage,fb_paid,paid_social,SUMMER_CUP_PROMO,LOYALTY_CAROUSEL_C,,2026-06-22,935.77,
2044,Pinecrest Bottling,ig,paidsocial,sc26_q3,loyalty_static_a,,2026-06-22,621.12,
2045,Pinecrest Bottling,tiktok,paidsocial,sc26_q3,recipe_lime_reel_b,,2026-06-22,312.75,
2046,Pinecrest Bottling,email,email,summer_cup_2026,coupon_cta_button,,2026-06-22,28.56,7139
2047,Pinecrest Bottling,tt,paidsocial,summer_cup_2026,story_c,,2026-06-22,750.07,
2048,Redrock Beverage,programmatic,display,sc-26,ginger_video_6s_c,,2026-06-22,364.67,
2049,Redrock Beverage,bing,ppc,sc-26,recipe_zero_generic_ad,zero sugar soda,2026-06-22,397.63,
2050,Redrock Beverage,bing,ppc,sc-26,rsa_2,zestify soda,2026-06-22,1345.21,
2051,Redrock Beverage,google,ppc,sc-26,rsa_2,lemon lime soda,2026-06-22,556.90,
2052,Redrock Beverage,facebook,social,summer-cup-26,carousel_c,,2026-06-22,786.49,
2053,Redrock Beverage,facebook,paid-social,summer-cup-26,coupon_static_c,,2026-06-22,203.11,
2054,Sunvale Drinks,text,sms,delivery_window_reminder,transactional_template,,2026-06-22,135.13,11261
2055,Sunvale Drinks,newsletter,email,service_survey,transactional_template,,2026-06-22,138.24,34561
2056,Sunvale Drinks,sms,sms,summer_cup_blast,cta_button,,2026-06-22,127.08,10590
2057,Sunvale Drinks,newsletter,email,summer_cup_blast,hero_banner,,2026-06-22,45.71,11427
2058,Sunvale Drinks,newsletter,e-mail,summer_cup_newsletter,cta_button,,2026-06-22,79.67,19918
2059,Harborline Distributing,Email,Email,Holiday Hours July 4,Cta Button,,2026-06-23,114.31,28577
2060,Harborline Distributing,facebook,Paid Social,Summer Cup 2026,Berry Reel C,,2026-06-23,599.20,
2061,Harborline Distributing,Email,Email,Summer Cup 2026,Cta Button,,2026-06-23,26.81,6703
2062,Harborline Distributing,Instagram,Paid Social,Summer Cup 2026,Video 15S B,,2026-06-23,520.39,
2063,Harborline Distributing,Google Ads,Paid Search,summer_cupp_26,Zero Brand Ad,sparkling lime drink,2026-06-23,328.67,
2064,Northgate Beverage,ig_paid,PAID_SOCIAL,SC26_Launch,CAROUSEL_B,,2026-06-23,956.96,
2065,Northgate Beverage,ig_paid,PAID_SOCIAL,SC26_Promo,REEL_C,,2026-06-23,333.22,
2066,Northgate Beverage,ig_paid,PAID_SOCIAL,SC26_Promo,VIDEO_6S_C,,2026-06-23,502.16,
2067,Northgate Beverage,fb_paid,paid_social,SUMMER_CUP_PROMO,CAROUSEL_A,,2026-06-23,1385.48,
2068,Pinecrest Bottling,fb,paidsocial,sc_26,reel_c,,2026-06-23,1383.34,
2069,Pinecrest Bottling,google,cpc,summer_cup_2026,brand_ad,sparkling lime drink,2026-06-23,1152.29,
2070,Pinecrest Bottling,tiktok,paidsocial,summer_cup_2026,video_15s_a,,2026-06-23,361.63,
2071,Redrock Beverage,email,email,holiday-hours,transactional_template,,2026-06-23,114.91,28727
2072,Redrock Beverage,email,email,sc-26,cta_button,,2026-06-23,55.80,13949
2073,Redrock Beverage,email,email,sc-26,footer_link,,2026-06-23,159.12,39779
2074,Sunvale Drinks,newsletter,email,summer cupp 2026,cta_button,,2026-06-23,146.69,36673
2075,Sunvale Drinks,google,cpc,summer cupp 2026,rsa_1,zero sugar soda,2026-06-23,205.80,
2076,Sunvale Drinks,newsletter,email,summer_cup_blast,awareness_header_image,,2026-06-23,55.19,13798
2077,Sunvale Drinks,facebook,social,summer_cup_blast,reel_c,,2026-06-23,717.14,
2078,Harborline Distributing,google,paid search,Summer Cup 2026,Rsa 2,zestify near me,2026-06-24,452.79,
2079,Harborline Distributing,facebook,paid social,Summer Cup 2026,Story C,,2026-06-24,715.95,
2080,Harborline Distributing,Facebook,Paid Social,Summer Cup 2026,Video 6S C,,2026-06-24,487.80,
2081,Harborline Distributing,Facebook,paid social,summer-cup-26,Video 15S B,,2026-06-24,530.77,
2082,Harborline Distributing,Email,Email,summer_cupp_26,Footer Link,,2026-06-24,76.05,19013
2083,Harborline Distributing,facebook,Paid Social,summer_cupp_26,Recipe Carousel C,,2026-06-24,164.56,
2084,Northgate Beverage,GOOGLE,CPC,SC26_Promo,RSA_2,zero sugar soda,2026-06-24,923.84,
2085,Northgate Beverage,fb_paid,paid_social,SUMMER_CUP_PROMO,AWARENESS_STORY_C,,2026-06-24,1031.31,
2086,Northgate Beverage,EMAIL,EMAIL,SUMMER_CUP_PROMO,HERO_BANNER,,2026-06-24,106.81,26703
2087,Pinecrest Bottling,ig,paidsocial,sc_26,video_15s_b,,2026-06-24,1265.60,
2088,Pinecrest Bottling,email,email,summer_cup_2026,rt_hero_banner,,2026-06-24,132.18,33046
2089,Pinecrest Bottling,tiktok,paidsocial,summer_cup_2026,static_b,,2026-06-24,1025.50,
2090,Redrock Beverage,facebook,paid-social,sc-26,berry_story_c,,2026-06-24,357.41,
2091,Redrock Beverage,email,email,sc-26,hero_banner,,2026-06-24,149.14,37286
2092,Redrock Beverage,bing,ppc,sc-26,rsa_2,zestify soda,2026-06-24,666.70,
2093,Redrock Beverage,fb,social,sc-26,video_15s_c,,2026-06-24,1438.78,
2094,Redrock Beverage,bing,ppc,summer-cup-26,ginger_rsa_2,zestify near me,2026-06-24,462.16,
2095,Sunvale Drinks,email,e-mail,password_reset,notice_body,,2026-06-24,35.37,8843
2096,Sunvale Drinks,sfmc,e-mail,summer cupp 2026,coupon_cta_button,,2026-06-24,144.45,36112
2097,Sunvale Drinks,email,e-mail,summer cupp 2026,header_image,,2026-06-24,132.52,33131
2098,Sunvale Drinks,google,cpc,summer cupp 2026,rsa_1,zestify soda,2026-06-24,749.19,
2099,Sunvale Drinks,newsletter,e-mail,summer_cup_blast,footer_link,,2026-06-24,86.51,21628
2100,Sunvale Drinks,google,cpc,summer_cup_newsletter,loyalty_rsa_1,sparkling lime drink,2026-06-24,188.24,
2101,Harborline Distributing,Email,Email,Delivery Reminder,Notice Body,,2026-06-25,99.38,24845
2102,Harborline Distributing,Instagram,Paid Social,Summer Cup 2026,Berry Reel A,,2026-06-25,248.22,
2103,Harborline Distributing,facebook,paid social,summer-cup-26,Original Video 15S B,,2026-06-25,1745.18,
2104,Northgate Beverage,EMAIL,EMAIL,DELIVERY_REMINDER,NOTICE_BODY,,2026-06-25,152.77,38192
2105,Northgate Beverage,ig_paid,PAID_SOCIAL,SC26_Launch,CAROUSEL_B,,2026-06-25,2955.70,
2106,Northgate Beverage,FACEBOOK,PAID_SOCIAL,SC26_Promo,ZERO_STATIC_C,,2026-06-25,1064.67,
2107,Northgate Beverage,GOOGLE,CPC,SUMMER_CUP_PROMO,AWARENESS_ORIGINAL_BRAND_AD,zestify near me,2026-06-25,713.14,
2108,Northgate Beverage,IG,PAID_SOCIAL,SUMMER_CUP_PROMO,VIDEO_15S_A,,2026-06-25,729.66,
2109,Pinecrest Bottling,tt,paidsocial,sc26_q3,awareness_original_video_6s_c,,2026-06-25,554.06,
2110,Pinecrest Bottling,tt,paidsocial,sc26_q3,berry_carousel_c,,2026-06-25,571.15,
2111,Pinecrest Bottling,ig,paidsocial,sc_26,awareness_story_b,,2026-06-25,251.43,
2112,Pinecrest Bottling,fb,paidsocial,summer_cup_2026,rt_zero_video_15s_c,,2026-06-25,1976.47,
2113,Pinecrest Bottling,tt,paidsocial,summer_cup_2026,zero_story_b,,2026-06-25,345.22,
2114,Redrock Beverage,email,email,order-receipt,cta_button,,2026-06-25,105.96,26491
2115,Redrock Beverage,google,ppc,sc-26,coupon_rsa_2,zestify soda,2026-06-25,1290.11,
2116,Redrock Beverage,bing,ppc,sc-26,generic_ad,sparkling lime drink,2026-06-25,2622.24,
2117,Redrock Beverage,google,ppc,sc-26,loyalty_lime_rsa_1,sparkling lime drink,2026-06-25,853.74,
2118,Redrock Beverage,facebook,social,sc-26,reel_c,,2026-06-25,670.74,
2119,Redrock Beverage,bing,ppc,sc-26,rsa_1,zero sugar soda,2026-06-25,1684.30,
2120,Sunvale Drinks,sfmc,e-mail,holiday_hours,notice_body,,2026-06-25,119.53,29883
2121,Sunvale Drinks,newsletter,e-mail,summer cupp 2026,header_image,,2026-06-25,48.74,12186
2122,Sunvale Drinks,newsletter,email,summer_cup_blast,footer_link,,2026-06-25,103.73,25932
2123,Sunvale Drinks,sfmc,e-mail,summer_cup_blast,footer_link,,2026-06-25,72.54,18134
2124,Sunvale Drinks,email,e-mail,summer_cup_blast,header_image,,2026-06-25,25.00,6249
2125,Sunvale Drinks,newsletter,e-mail,summer_cup_blast,header_image,,2026-06-25,53.86,13465
2126,Sunvale Drinks,sms,sms,summer_cup_blast,recipe_header_image,,2026-06-25,136.99,11416
2127,Sunvale Drinks,facebook,social,summer_cup_newsletter,zero_reel_c,,2026-06-25,911.52,
2128,Harborline Distributing,Email,Email,Invoice Ready,Cta Button,,2026-06-26,92.40,23101
2129,Harborline Distributing,Google Ads,Paid Search,Summer Cup 2026,Rsa 2,zero sugar soda,2026-06-26,840.87,
2130,Harborline Distributing,Instagram,Paid Social,summer-cup-26,Coupon Story A,,2026-06-26,615.62,
2131,Northgate Beverage,GOOGLE,CPC,SC26_Promo,BRAND_AD,lemon lime soda,2026-06-26,774.16,
2132,Northgate Beverage,EMAIL,EMAIL,SUMMER_CUP_PROMO,FOOTER_LINK,,2026-06-26,19.30,4826
2133,Northgate Beverage,GOOGLE,CPC,SUMMER_CUP_PROMO,GINGER_RSA_1,zero sugar soda,2026-06-26,2618.07,
2134,Northgate Beverage,FACEBOOK,paid_social,SUMMER_CUP_PROMO,VIDEO_15S_B,,2026-06-26,869.37,
2135,Northgate Beverage,GDN,DISPLAY,SUMMER_CUP_PROMO,ZERO_VIDEO_15S_C,,2026-06-26,347.33,
2136,Pinecrest Bottling,email,email,ord_conf,notice_body,,2026-06-26,27.25,6813
2137,Pinecrest Bottling,email,email,sc_26,loyalty_footer_link,,2026-06-26,131.68,32920
2138,Pinecrest Bottling,ig,paidsocial,summer_cup_2026,video_6s_c,,2026-06-26,352.50,
2139,Redrock Beverage,programmatic,display,sc-26,static_a,,2026-06-26,558.30,
2140,Redrock Beverage,bing,ppc,summer-cup-26,rsa_1,zestify near me,2026-06-26,784.11,
2141,Sunvale Drinks,sfmc,e-mail,route_change_notice,notice_body,,2026-06-26,108.03,27007
2142,Sunvale Drinks,newsletter,email,summer cupp 2026,loyalty_hero_banner,,2026-06-26,117.62,29404
2143,Sunvale Drinks,fb,social,summer cupp 2026,rt_original_video_15s_a,,2026-06-26,611.41,
2144,Sunvale Drinks,sms,sms,summer_cup_blast,coupon_cta_button,,2026-06-26,108.80,9067
2145,Sunvale Drinks,google,cpc,summer_cup_blast,generic_ad,lemon lime soda,2026-06-26,443.54,
2146,Sunvale Drinks,fb,social,summer_cup_blast,static_c,,2026-06-26,654.08,
2147,Sunvale Drinks,email,e-mail,summer_cup_newsletter,cta_button,,2026-06-26,16.89,4223
2148,Harborline Distributing,facebook,Paid Social,Summer Cup 2026,Awareness Reel A,,2026-06-27,1179.08,
2149,Harborline Distributing,Facebook,Paid Social,Summer Cup 2026,Berry Carousel A,,2026-06-27,192.72,
2150,Harborline Distributing,Facebook,paid social,Summer Cup 2026,Carousel A,,2026-06-27,529.86,
2151,Harborline Distributing,facebook,paid social,Summer Cup 2026,Ginger Carousel B,,2026-06-27,718.05,
2152,Harborline Distributing,Email,Email,Summer Cup 2026,Hero Banner,,2026-06-27,102.01,25503
2153,Harborline Distributing,Instagram,Paid Social,summer_cupp_26,Awareness Video 6S C,,2026-06-27,225.07,
2154,Harborline Distributing,Google Ads,paid search,summer_cupp_26,Recipe Berry Generic Ad,lemon lime soda,2026-06-27,716.77,
2155,Northgate Beverage,GDN,DISPLAY,SC26_Launch,STATIC_A,,2026-06-27,600.84,
2156,Northgate Beverage,FACEBOOK,PAID_SOCIAL,SC26_Promo,REEL_C,,2026-06-27,751.68,
2157,Northgate Beverage,FACEBOOK,paid_social,SUMMER_CUP_PROMO,BERRY_CAROUSEL_B,,2026-06-27,1546.55,
2158,Pinecrest Bottling,sms,sms,rte_chg_notice,cta_button,,2026-06-27,140.82,11735
2159,Pinecrest Bottling,fb,paidsocial,sc26_q3,ginger_carousel_b,,2026-06-27,642.68,
2160,Pinecrest Bottling,ig,paidsocial,sc_26,video_6s_b,,2026-06-27,685.94,
2161,Pinecrest Bottling,fb,paidsocial,summer_cup_2026,video_15s_c,,2026-06-27,1858.16,
2162,Redrock Beverage,bing,ppc,sc-26,rsa_1,zestify soda,2026-06-27,894.47,
2163,Redrock Beverage,meta,social,sc-26,static_b,,2026-06-27,1119.35,
2164,Redrock Beverage,meta,paid-social,sc-26,video_15s_c,,2026-06-27,551.05,
2165,Redrock Beverage,facebook,social,summer-cup-26,berry_static_c,,2026-06-27,322.37,
2166,Sunvale Drinks,sfmc,e-mail,order_confirmation,notice_body,,2026-06-27,50.04,12509
2167,Sunvale Drinks,text,sms,summer_cup_blast,cta_button,,2026-06-27,90.38,7532
2168,Harborline Distributing,Google Display,Display,Summer Cup 2026,Berry Reel A,,2026-06-28,408.25,
2169,Harborline Distributing,Google Ads,paid search,Summer Cup 2026,Generic Ad,sparkling lime drink,2026-06-28,229.63,
2170,Harborline Distributing,Facebook,paid social,Summer Cup 2026,Lime Story C,,2026-06-28,1039.73,
2171,Harborline Distributing,Email,Email,Summer Cup 2026,Loyalty Header Image,,2026-06-28,123.37,30843
2172,Harborline Distributing,Facebook,Paid Social,summer-cup-26,Reel B,,2026-06-28,2241.95,
2173,Northgate Beverage,FACEBOOK,paid_social,SC26_Launch,BERRY_STATIC_B,,2026-06-28,493.60,
2174,Northgate Beverage,GOOGLE,CPC,SC26_Launch,COUPON_RSA_2,zestify soda,2026-06-28,861.91,
2175,Northgate Beverage,GDN,DISPLAY,SUMMER_CUP_PROMO,REEL_B,,2026-06-28,223.02,
2176,Pinecrest Bottling,ig,paidsocial,sc_26,loyalty_reel_b,,2026-06-28,1299.76,
2177,Pinecrest Bottling,tt,paidsocial,sc_26,zero_video_15s_c,,2026-06-28,408.61,
2178,Pinecrest Bottling,email,email,summer_cup_2026,cta_button,,2026-06-28,28.55,7137
2179,Pinecrest Bottling,fb,paidsocial,summer_cup_2026,rt_static_b,,2026-06-28,1104.89,
2180,Pinecrest Bottling,fb,paidsocial,summer_cup_2026,video_15s_a,,2026-06-28,857.48,
2181,Redrock Beverage,email,email,sc-26,footer_link,,2026-06-28,111.51,27877
2182,Redrock Beverage,fb,paid-social,sc-26,video_6s_b,,2026-06-28,705.85,
2183,Redrock Beverage,meta,paid-social,sc-26,zero_video_6s_c,,2026-06-28,1621.68,
2184,Redrock Beverage,google,ppc,summer-cup-26,awareness_rsa_1,zero sugar soda,2026-06-28,1421.23,
2185,Redrock Beverage,tiktok,paid-social,summer-cup-26,zero_video_15s_b,,2026-06-28,710.47,
2186,Sunvale Drinks,sms,sms,summer cupp 2026,hero_banner,,2026-06-28,39.73,3311
2187,Sunvale Drinks,facebook,social,summer_cup_blast,awareness_story_a,,2026-06-28,1249.70,
2188,Sunvale Drinks,google,cpc,summer_cup_blast,berry_generic_ad,zestify soda,2026-06-28,1399.89,
2189,Sunvale Drinks,sfmc,e-mail,summer_cup_blast,coupon_hero_banner,,2026-06-28,137.41,34353
2190,Sunvale Drinks,email,email,summer_cup_blast,footer_link,,2026-06-28,53.34,13334
2191,Sunvale Drinks,facebook,social,summer_cup_blast,static_c,,2026-06-28,405.35,
2192,Harborline Distributing,Email,Email,Holiday Hours July 4,Cta Button,,2026-06-29,63.86,15964
2193,Harborline Distributing,Email,Email,Invoice Ready,Cta Button,,2026-06-29,139.89,34972
2194,Harborline Distributing,Email,Email,Summer Cup 2026,Hero Banner,,2026-06-29,18.55,4637
2195,Harborline Distributing,Facebook,paid social,summer-cup-26,Reel B,,2026-06-29,1837.82,
2196,Harborline Distributing,Instagram,Paid Social,summer_cupp_26,Awareness Video 6S C,,2026-06-29,176.82,
2197,Northgate Beverage,fb_paid,PAID_SOCIAL,SC26_Launch,VIDEO_15S_A,,2026-06-29,2538.32,
2198,Northgate Beverage,fb_paid,PAID_SOCIAL,SC26_Promo,REEL_C,,2026-06-29,630.45,
2199,Northgate Beverage,GOOGLE,CPC,SUMMER_CUP_PROMO,AWARENESS_BERRY_RSA_1,sparkling lime drink,2026-06-29,525.07,
2200,Northgate Beverage,FB,paid_social,SUMMER_CUP_PROMO,BERRY_CAROUSEL_B,,2026-06-29,955.37,
2201,Pinecrest Bottling,fb,paidsocial,summer_cup_2026,rt_static_b,,2026-06-29,2337.06,
2202,Pinecrest Bottling,tt,paidsocial,summer_cup_2026,static_b,,2026-06-29,1205.45,
2203,Pinecrest Bottling,ig,paidsocial,summer_cup_2026,video_6s_c,,2026-06-29,309.91,
2204,Redrock Beverage,google,ppc,sc-26,coupon_rsa_2,sparkling lime drink,2026-06-29,1169.90,
2205,Redrock Beverage,email,email,sc-26,cta_button,,2026-06-29,151.97,37993
2206,Redrock Beverage,google,ppc,sc-26,rsa_2,lemon lime soda,2026-06-29,343.39,
2207,Redrock Beverage,meta,social,sc-26,video_15s_c,,2026-06-29,992.05,
2208,Redrock Beverage,facebook,paid-social,sc-26,zero_video_6s_c,,2026-06-29,1832.84,
2209,Sunvale Drinks,email,e-mail,receipt,cta_button,,2026-06-29,130.73,32683
2210,Sunvale Drinks,newsletter,email,summer cupp 2026,coupon_header_image,,2026-06-29,76.86,19215
2211,Sunvale Drinks,email,email,summer cupp 2026,header_image,,2026-06-29,57.62,14406
2212,Sunvale Drinks,google,cpc,summer cupp 2026,rsa_1,zestify near me,2026-06-29,231.30,
2213,Sunvale Drinks,facebook,social,summer cupp 2026,story_c,,2026-06-29,771.84,
2214,Sunvale Drinks,sfmc,email,summer_cup_blast,coupon_hero_banner,,2026-06-29,137.41,34352
2215,Sunvale Drinks,text,sms,summer_cup_blast,cta_button,,2026-06-29,37.64,3137
2216,Sunvale Drinks,email,email,summer_cup_blast,footer_link,,2026-06-29,36.50,9125
2217,Sunvale Drinks,email,e-mail,summer_cup_newsletter,cta_button,,2026-06-29,115.59,28897
2218,Sunvale Drinks,newsletter,email,summer_cup_newsletter,cta_button,,2026-06-29,49.94,12484
2219,Sunvale Drinks,facebook,social,summer_cup_newsletter,zero_reel_c,,2026-06-29,714.19,
2220,Harborline Distributing,facebook,Paid Social,Summer Cup 2026,Berry Reel C,,2026-06-30,562.88,
2221,Harborline Distributing,google,Paid Search,Summer Cup 2026,Generic Ad,zestify near me,2026-06-30,798.55,
2222,Harborline Distributing,Facebook,Paid Social,Summer Cup 2026,Lime Story C,,2026-06-30,936.62,
2223,Harborline Distributing,Instagram,Paid Social,summer-cup-26,Coupon Story A,,2026-06-30,957.01,
2224,Harborline Distributing,Google Ads,paid search,summer_cupp_26,Lime Rsa 2,zestify near me,2026-06-30,1028.92,
2225,Harborline Distributing,google,Paid Search,summer_cupp_26,Zero Brand Ad,zestify soda,2026-06-30,286.79,
2226,Northgate Beverage,FACEBOOK,PAID_SOCIAL,SC26_Promo,ZERO_STATIC_C,,2026-06-30,1127.91,
2227,Northgate Beverage,FB,PAID_SOCIAL,SUMMER_CUP_PROMO,CAROUSEL_A,,2026-06-30,1195.16,
2228,Northgate Beverage,GOOGLE,CPC,SUMMER_CUP_PROMO,GINGER_RSA_1,zestify near me,2026-06-30,2615.05,
2229,Northgate Beverage,EMAIL,EMAIL,SUMMER_CUP_PROMO,HERO_BANNER,,2026-06-30,17.53,4383
2230,Northgate Beverage,IG,PAID_SOCIAL,SUMMER_CUP_PROMO,ORIGINAL_CAROUSEL_A,,2026-06-30,1027.78,
2231,Northgate Beverage,GDN,DISPLAY,SUMMER_CUP_PROMO,REEL_B,,2026-06-30,439.22,
2232,Pinecrest Bottling,sms,sms,rte_chg_notice,cta_button,,2026-06-30,102.32,8527
2233,Pinecrest Bottling,ig,paidsocial,sc26_q3,loyalty_static_a,,2026-06-30,694.31,
2234,Pinecrest Bottling,tiktok,paidsocial,sc26_q3,recipe_lime_reel_b,,2026-06-30,338.45,
2235,Pinecrest Bottling,email,email,sc_26,loyalty_footer_link,,2026-06-30,95.48,23870
2236,Pinecrest Bottling,email,email,summer_cup_2026,cta_button,,2026-06-30,127.30,31826
2237,Pinecrest Bottling,fb,paidsocial,summer_cup_2026,video_15s_c,,2026-06-30,1188.28,
2238,Pinecrest Bottling,tiktok,paidsocial,summer_cup_2026,zero_story_b,,2026-06-30,201.58,
2239,Redrock Beverage,email,email,sc-26,footer_link,,2026-06-30,143.26,35815
2240,Redrock Beverage,google,ppc,sc-26,generic_ad,zestify soda,2026-06-30,2366.21,
2241,Redrock Beverage,facebook,paid-social,sc-26,reel_c,,2026-06-30,526.08,
2242,Redrock Beverage,bing,ppc,summer-cup-26,rsa_1,lemon lime soda,2026-06-30,780.35,
2243,Sunvale Drinks,google,cpc,summer_cup_blast,generic_ad,zestify near me,2026-06-30,430.28,
2244,Sunvale Drinks,facebook,social,summer_cup_blast,reel_c,,2026-06-30,688.61,
2245,Harborline Distributing,Email,Email,Summer Cup 2026,Cta Button,,2026-07-01,48.71,12178
2246,Harborline Distributing,Email,Email,Summer Cup 2026,Footer Link,,2026-07-01,137.45,34362
2247,Harborline Distributing,google,paid search,Summer Cup 2026,Generic Ad,zestify soda,2026-07-01,242.21,
2248,Northgate Beverage,GOOGLE,CPC,SUMMER_CUP_PROMO,AWARENESS_ORIGINAL_BRAND_AD,sparkling lime drink,2026-07-01,485.14,
2249,Pinecrest Bottling,fb,paidsocial,sc_26,reel_c,,2026-07-01,2590.14,
2250,Pinecrest Bottling,email,email,summer_cup_2026,rt_hero_banner,,2026-07-01,155.06,38765
2251,Pinecrest Bottling,tt,paidsocial,summer_cup_2026,static_b,,2026-07-01,907.67,
2252,Redrock Beverage,fb,social,sc-26,berry_story_c,,2026-07-01,323.16,
2253,Redrock Beverage,bing,ppc,sc-26,recipe_zero_generic_ad,zestify near me,2026-07-01,567.32,
2254,Redrock Beverage,meta,social,summer-cup-26,berry_static_c,,2026-07-01,305.22,
2255,Redrock Beverage,facebook,social,summer-cup-26,carousel_c,,2026-07-01,650.60,
2256,Redrock Beverage,fb,social,summer-cup-26,coupon_static_c,,2026-07-01,282.72,
2257,Sunvale Drinks,email,email,holiday_hours,notice_body,,2026-07-01,19.73,4933
2258,Sunvale Drinks,newsletter,email,service_survey,transactional_template,,2026-07-01,118.27,29568
2259,Sunvale Drinks,sfmc,email,summer cupp 2026,cta_button,,2026-07-01,41.31,10327
2260,Sunvale Drinks,sfmc,email,summer cupp 2026,header_image,,2026-07-01,125.84,31461
2261,Sunvale Drinks,sms,sms,summer cupp 2026,hero_banner,,2026-07-01,75.59,6299
2262,Sunvale Drinks,fb,social,summer cupp 2026,static_c,,2026-07-01,252.26,
2263,Sunvale Drinks,email,email,summer_cup_blast,awareness_header_image,,2026-07-01,47.68,11921
2264,Sunvale Drinks,newsletter,email,summer_cup_blast,header_image,,2026-07-01,148.66,37164
2265,Sunvale Drinks,email,email,summer_cup_blast,hero_banner,,2026-07-01,58.54,14635
2266,Harborline Distributing,facebook,paid social,Summer Cup 2026,Awareness Reel A,,2026-07-02,1226.68,
2267,Harborline Distributing,Instagram,Paid Social,Summer Cup 2026,Video 15S B,,2026-07-02,741.68,
2268,Harborline Distributing,Email,Email,summer_cupp_26,Footer Link,,2026-07-02,52.69,13172
2269,Harborline Distributing,google,paid search,summer_cupp_26,Recipe Berry Generic Ad,zestify soda,2026-07-02,513.61,
2270,Harborline Distributing,Facebook,Paid Social,summer_cupp_26,Recipe Carousel C,,2026-07-02,258.62,
2271,Northgate Beverage,GOOGLE,CPC,SC26_Promo,RSA_2,zestify soda,2026-07-02,875.60,
2272,Northgate Beverage,FACEBOOK,PAID_SOCIAL,SUMMER_CUP_PROMO,AWARENESS_STORY_C,,2026-07-02,640.99,
2273,Northgate Beverage,FACEBOOK,PAID_SOCIAL,SUMMER_CUP_PROMO,VIDEO_15S_B,,2026-07-02,856.76,
2274,Pinecrest Bottling,ig,paidsocial,sc26_q3,story_c,,2026-07-02,1222.38,
2275,Pinecrest Bottling,ig,paidsocial,sc_26,awareness_story_b,,2026-07-02,496.75,
2276,Pinecrest Bottling,ig,paidsocial,sc_26,loyalty_reel_b,,2026-07-02,875.39,
2277,Pinecrest Bottling,ig,paidsocial,sc_26,video_15s_b,,2026-07-02,2299.06,
2278,Pinecrest Bottling,google,cpc,summer_cup_2026,brand_ad,lemon lime soda,2026-07-02,1053.45,
2279,Pinecrest Bottling,tt,paidsocial,summer_cup_2026,video_15s_a,,2026-07-02,325.06,
2280,Redrock Beverage,email,email,sc-26,footer_link,,2026-07-02,151.72,37930
2281,Redrock Beverage,programmatic,display,sc-26,original_reel_b,,2026-07-02,601.32,
2282,Redrock Beverage,bing,ppc,sc-26,rsa_1,lemon lime soda,2026-07-02,1153.74,
2283,Redrock Beverage,meta,paid-social,sc-26,rt_video_6s_c,,2026-07-02,6443.26,
2284,Redrock Beverage,tiktok,paid-social,sc-26,story_a,,2026-07-02,151.21,
2285,Redrock Beverage,facebook,paid-social,sc-26,video_6s_b,,2026-07-02,613.76,
2286,Redrock Beverage,google,ppc,summer-cup-26,awareness_rsa_1,zestify soda,2026-07-02,959.02,
2287,Sunvale Drinks,email,email,summer cupp 2026,coupon_cta_button,,2026-07-02,40.44,10111
2288,Sunvale Drinks,newsletter,email,summer cupp 2026,header_image,,2026-07-02,103.46,25866
2289,Sunvale Drinks,google,cpc,summer cupp 2026,rsa_1,zero sugar soda,2026-07-02,1245.73,
2290,Sunvale Drinks,fb,social,summer cupp 2026,rt_original_video_15s_a,,2026-07-02,1437.95,
2291,Sunvale Drinks,text,sms,summer_cup_blast,cta_button,,2026-07-02,91.85,7654
2292,Sunvale Drinks,sfmc,email,summer_cup_blast,header_image,,2026-07-02,79.66,19915
2293,Sunvale Drinks,fb,social,summer_cup_blast,static_c,,2026-07-02,452.87,
2294,Sunvale Drinks,google,cpc,summer_cup_newsletter,loyalty_rsa_1,zestify near me,2026-07-02,186.25,
2295,Harborline Distributing,Facebook,Paid Social,Summer Cup 2026,Berry Carousel A,,2026-07-03,177.58,
2296,Harborline Distributing,Instagram,Paid Social,Summer Cup 2026,Berry Reel A,,2026-07-03,184.03,
2297,Harborline Distributing,facebook,paid social,Summer Cup 2026,Ginger Carousel B,,2026-07-03,716.00,
2298,Harborline Distributing,Google Ads,paid search,Summer Cup 2026,Rsa 2,zero sugar soda,2026-07-03,643.62,
2299,Harborline Distributing,Email,Email,summer-cup-26,Coupon Header Image,,2026-07-03,155.43,38858
2300,Harborline Distributing,facebook,Paid Social,summer-cup-26,Original Video 15S B,,2026-07-03,1967.38,
2301,Harborline Distributing,Facebook,paid social,summer_cupp_26,Static A,,2026-07-03,417.91,
2302,Northgate Beverage,GDN,DISPLAY,SC26_Launch,STATIC_A,,2026-07-03,403.90,
2303,Northgate Beverage,ig_paid,PAID_SOCIAL,SUMMER_CUP_PROMO,VIDEO_15S_A,,2026-07-03,787.23,
2304,Northgate Beverage,GDN,DISPLAY,SUMMER_CUP_PROMO,ZERO_VIDEO_15S_C,,2026-07-03,843.85,
2305,Pinecrest Bottling,tiktok,paidsocial,sc26_q3,berry_carousel_c,,2026-07-03,1057.72,
2306,Pinecrest Bottling,fb,paidsocial,sc26_q3,ginger_carousel_b,,2026-07-03,1146.78,
2307,Pinecrest Bottling,fb,paidsocial,summer_cup_2026,video_15s_a,,2026-07-03,848.99,
2308,Pinecrest Bottling,tt,paidsocial,summer_cup_2026,zero_story_a,,2026-07-03,761.09,
2309,Redrock Beverage,fb,social,sc-26,static_b,,2026-07-03,1380.63,
2310,Redrock Beverage,facebook,paid-social,sc-26,video_15s_c,,2026-07-03,553.20,
2311,Redrock Beverage,facebook,social,sc-26,video_6s_c,,2026-07-03,492.58,
2312,Redrock Beverage,tiktok,paid-social,summer-cup-26,zero_video_15s_b,,2026-07-03,1049.13,
2313,Sunvale Drinks,newsletter,email,summer_cup_blast,footer_link,,2026-07-03,50.04,12511
2314,Sunvale Drinks,text,sms,summer_cup_blast,recipe_header_image,,2026-07-03,59.32,4943
2315,Sunvale Drinks,fb,social,summer_cup_blast,static_b,,2026-07-03,156.51,
2316,Sunvale Drinks,sfmc,email,summer_cup_newsletter,loyalty_cta_button,,2026-07-03,145.21,36302
2317,Harborline Distributing,Email,Email,Delivery Reminder,Notice Body,,2026-07-04,146.47,36617
2318,Harborline Distributing,Google Display,Display,Summer Cup 2026,Berry Reel A,,2026-07-04,334.36,
2319,Harborline Distributing,facebook,paid social,Summer Cup 2026,Carousel A,,2026-07-04,850.89,
2320,Harborline Distributing,google,Paid Search,Summer Cup 2026,Rsa 2,sparkling lime drink,2026-07-04,460.10,
2321,Harborline Distributing,facebook,paid social,Summer Cup 2026,Story C,,2026-07-04,1086.36,
2322,Harborline Distributing,Facebook,Paid Social,Summer Cup 2026,Video 6S C,,2026-07-04,244.86,
2323,Northgate Beverage,EMAIL,EMAIL,DELIVERY_REMINDER,NOTICE_BODY,,2026-07-04,75.34,18836
2324,Northgate Beverage,IG,PAID_SOCIAL,SC26_Launch,CAROUSEL_B,,2026-07-04,2301.74,
2325,Northgate Beverage,IG,PAID_SOCIAL,SC26_Promo,VIDEO_6S_C,,2026-07-04,283.61,
2326,Northgate Beverage,EMAIL,EMAIL,SUMMER_CUP_PROMO,FOOTER_LINK,,2026-07-04,87.28,21821
2327,Northgate Beverage,ig_paid,PAID_SOCIAL,SUMMER_CUP_PROMO,GINGER_CAROUSEL_A,,2026-07-04,194.69,
2328,Pinecrest Bottling,ig,paidsocial,sc_26,video_6s_b,,2026-07-04,1175.84,
2329,Pinecrest Bottling,tiktok,paidsocial,sc_26,zero_video_15s_c,,2026-07-04,451.34,
2330,Pinecrest Bottling,tt,paidsocial,summer_cup_2026,story_c,,2026-07-04,830.30,
2331,Redrock Beverage,programmatic,display,sc-26,ginger_video_6s_c,,2026-07-04,412.74,
2332,Redrock Beverage,email,email,sc-26,hero_banner,,2026-07-04,59.17,14793
2333,Redrock Beverage,google,ppc,sc-26,loyalty_lime_rsa_1,sparkling lime drink,2026-07-04,744.32,
2334,Redrock Beverage,bing,ppc,sc-26,rsa_2,zero sugar soda,2026-07-04,1317.11,
2335,Redrock Beverage,google,ppc,sc-26,rsa_2,sparkling lime drink,2026-07-04,418.43,
2336,Redrock Beverage,google,ppc,summer-cup-26,ginger_rsa_2,zero sugar soda,2026-07-04,692.93,
2337,Sunvale Drinks,text,sms,summer cupp 2026,cta_button,,2026-07-04,73.39,6116
2338,Sunvale Drinks,newsletter,e-mail,summer cupp 2026,loyalty_hero_banner,,2026-07-04,149.26,37315
2339,Sunvale Drinks,sfmc,email,summer_cup_blast,footer_link,,2026-07-04,30.40,7601
2340,Sunvale Drinks,newsletter,email,summer_cup_blast,loyalty_header_image,,2026-07-04,106.90,26725
2341,Sunvale Drinks,fb,social,summer_cup_blast,static_c,,2026-07-04,489.62,
2342,Harborline Distributing,Email,Email,Summer Cup 2026,Loyalty Header Image,,2026-07-05,124.13,31033
2343,Harborline Distributing,facebook,paid social,summer-cup-26,Video 15S B,,2026-07-05,488.57,
2344,Harborline Distributing,Facebook,paid social,summer_cupp_26,Zero Story A,,2026-07-05,1432.83,
2345,Northgate Beverage,IG,PAID_SOCIAL,SC26_Launch,CAROUSEL_B,,2026-07-05,636.63,
2346,Northgate Beverage,GOOGLE,CPC,SC26_Launch,COUPON_RSA_2,zero sugar soda,2026-07-05,692.89,
2347,Northgate Beverage,GOOGLE,CPC,SC26_Promo,BRAND_AD,zero sugar soda,2026-07-05,826.24,
2348,Northgate Beverage,IG,PAID_SOCIAL,SC26_Promo,REEL_C,,2026-07-05,455.36,
2349,Northgate Beverage,fb_paid,paid_social,SUMMER_CUP_PROMO,LOYALTY_CAROUSEL_C,,2026-07-05,1022.39,
2350,Pinecrest Bottling,tiktok,paidsocial,sc26_q3,awareness_original_video_6s_c,,2026-07-05,781.40,
2351,Pinecrest Bottling,fb,paidsocial,sc_26,story_c,,2026-07-05,400.58,
2352,Pinecrest Bottling,email,email,summer_cup_2026,coupon_cta_button,,2026-07-05,66.69,16672
2353,Pinecrest Bottling,fb,paidsocial,summer_cup_2026,rt_zero_video_15s_c,,2026-07-05,2895.71,
2354,Redrock Beverage,email,email,holiday-hours,transactional_template,,2026-07-05,150.18,37545
2355,Redrock Beverage,google,ppc,sc-26,rsa_1,sparkling lime drink,2026-07-05,1216.63,
2356,Redrock Beverage,programmatic,display,sc-26,static_a,,2026-07-05,527.50,
2357,Sunvale Drinks,email,email,password_reset,notice_body,,2026-07-05,141.66,35416
2358,Sunvale Drinks,facebook,social,summer_cup_blast,awareness_story_a,,2026-07-05,876.39,
2359,Sunvale Drinks,google,cpc,summer_cup_blast,berry_generic_ad,sparkling lime drink,2026-07-05,1091.68,
2360,Sunvale Drinks,sms,sms,summer_cup_blast,coupon_cta_button,,2026-07-05,86.94,7245
2361,Sunvale Drinks,email,email,summer_cup_blast,footer_link,,2026-07-05,45.37,11342
2362,Harborline Distributing,google,Paid Search,Harbor%20Days,Loyalty Original Rsa 1,zestify soda,2026-07-06,474.46,
2363,Harborline Distributing,facebook,Paid Social,Harbor%20Days,Video 15S A,,2026-07-06,767.79,
2364,Harborline Distributing,google,Paid Search,harbor-days-26,Generic Ad,zestify soda,2026-07-06,178.05,
2365,Harborline Distributing,Google Display,Display,harrbor-days 2026,Ginger Reel C,,2026-07-06,396.29,
2366,Northgate Beverage,GOOGLE,CPC,SUMMER_CUP_PROMO,AWARENESS_BERRY_RSA_1,zero sugar soda,2026-07-06,1129.16,
2367,Northgate Beverage,GOOGLE,CPC,SUMMER_CUP_PROMO,BRAND_AD,sparkling lime drink,2026-07-06,1555.08,
2368,Northgate Beverage,GDN,DISPLAY,SUMMER_CUP_PROMO,REEL_B,,2026-07-06,185.48,
2369,Northgate Beverage,ig_paid,PAID_SOCIAL,SUMMER_CUP_PROMO,VIDEO_15S_A,,2026-07-06,652.61,
2370,Pinecrest Bottling,email,email,ord_conf,notice_body,,2026-07-06,141.26,35316
2371,Pinecrest Bottling,sms,sms,rte_chg_notice,cta_button,,2026-07-06,129.12,10760
2372,Pinecrest Bottling,tiktok,paidsocial,sc26_q3,awareness_original_video_6s_c,,2026-07-06,469.91,
2373,Pinecrest Bottling,ig,paidsocial,sc26_q3,loyalty_static_a,,2026-07-06,542.93,
2374,Pinecrest Bottling,ig,paidsocial,sc_26,awareness_story_b,,2026-07-06,576.30,
2375,Pinecrest Bottling,fb,paidsocial,sc_26,coupon_reel_c,,2026-07-06,1758.56,
2376,Pinecrest Bottling,ig,paidsocial,sc_26,loyalty_reel_b,,2026-07-06,1028.93,
2377,Pinecrest Bottling,fb,paidsocial,summer_cup_2026,video_15s_c,,2026-07-06,1770.98,
2378,Pinecrest Bottling,tt,paidsocial,summer_cup_2026,zero_story_a,,2026-07-06,634.79,
2379,Redrock Beverage,google,ppc,sc-26,rsa_2,zero sugar soda,2026-07-06,922.35,
2380,Sunvale Drinks,google,cpc,summer cupp 2026,rsa_1,zero sugar soda,2026-07-06,648.48,
2381,Sunvale Drinks,google,cpc,summer cupp 2026,rsa_1,zestify near me,2026-07-06,225.22,
2382,Sunvale Drinks,fb,social,summer cupp 2026,static_c,,2026-07-06,387.66,
2383,Sunvale Drinks,fb,social,summer cupp 2026,story_c,,2026-07-06,801.37,
2384,Sunvale Drinks,newsletter,email,summer_cup_blast,footer_link,,2026-07-06,159.56,39889
2385,Sunvale Drinks,google,cpc,summer_cup_blast,generic_ad,lemon lime soda,2026-07-06,385.44,
2386,Sunvale Drinks,sms,sms,summer_cup_blast,loyalty_hero_banner,,2026-07-06,29.92,2493
2387,Sunvale Drinks,facebook,social,summer_cup_blast,original_video_15s_c,,2026-07-06,528.92,
2388,Sunvale Drinks,newsletter,e-mail,summer_cup_newsletter,cta_button,,2026-07-06,88.53,22132
2389,Harborline Distributing,Facebook,Paid Social,Summer Cup 2026,Awareness Reel A,,2026-07-07,1037.44,
2390,Harborline Distributing,Google Ads,Paid Search,Summer Cup 2026,Brand Ad,zestify soda,2026-07-07,273.11,
2391,Harborline Distributing,Email,Email,Summer Cup 2026,Cta Button,,2026-07-07,23.94,5985
2392,Harborline Distributing,Facebook,Paid Social,Summer Cup 2026,Ginger Carousel B,,2026-07-07,355.85,
2393,Harborline Distributing,Instagram,Paid Social,Summer Cup 2026,Video 15S B,,2026-07-07,677.97,
2394,Harborline Distributing,Facebook,paid social,Summer Cup 2026,Video 6S C,,2026-07-07,410.47,
2395,Harborline Distributing,google,paid search,summer_cupp_26,Lime Rsa 2,zestify soda,2026-07-07,1118.27,
2396,Harborline Distributing,facebook,Paid Social,summer_cupp_26,Static A,,2026-07-07,746.55,
2397,Harborline Distributing,Google Ads,paid search,summer_cupp_26,Zero Brand Ad,lemon lime soda,2026-07-07,239.46,
2398,Northgate Beverage,EMAIL,EMAIL,ORDER_CONFIRMATION,NOTICE_BODY,,2026-07-07,73.89,18472
2399,Northgate Beverage,GOOGLE,CPC,SUMMER_CUP_PROMO,AWARENESS_ORIGINAL_BRAND_AD,zero sugar soda,2026-07-07,771.95,
2400,Northgate Beverage,GDN,DISPLAY,SUMMER_CUP_PROMO,AWARENESS_ORIGINAL_VIDEO_15S_A,,2026-07-07,406.87,
2401,Northgate Beverage,fb_paid,PAID_SOCIAL,SUMMER_CUP_PROMO,LOYALTY_CAROUSEL_C,,2026-07-07,954.44,
2402,Northgate Beverage,fb_paid,paid_social,SUMMER_CUP_PROMO,STATIC_A,,2026-07-07,1231.77,
2403,Northgate Beverage,fb_paid,paid_social,SUMMER_CUP_PROMO,VIDEO_15S_B,,2026-07-07,1116.71,
2404,Pinecrest Bottling,tiktok,paidsocial,summer_cup_2026,zero_story_b,,2026-07-07,173.54,
2405,Redrock Beverage,email,email,sc-26,footer_link,,2026-07-07,86.03,21508
2406,Redrock Beverage,bing,ppc,sc-26,recipe_zero_generic_ad,zestify near me,2026-07-07,599.34,
2407,Redrock Beverage,google,ppc,sc-26,rsa_1,sparkling lime drink,2026-07-07,1533.78,
2408,Redrock Beverage,fb,social,sc-26,rt_video_6s_c,,2026-07-07,3193.97,
2409,Redrock Beverage,facebook,social,sc-26,video_6s_c,,2026-07-07,387.08,
2410,Redrock Beverage,tiktok,paid-social,summer-cup-26,zero_video_15s_b,,2026-07-07,643.69,
2411,Sunvale Drinks,sfmc,email,holiday_hours,notice_body,,2026-07-07,34.83,8708
2412,Sunvale Drinks,newsletter,email,summer cupp 2026,header_image,,2026-07-07,17.70,4425
2413,Sunvale Drinks,sfmc,email,summer_cup_blast,awareness_header_image,,2026-07-07,53.98,13494
2414,Sunvale Drinks,google,cpc,summer_cup_blast,berry_generic_ad,zestify soda,2026-07-07,1203.81,
2415,Sunvale Drinks,sms,sms,summer_cup_blast,cta_button,,2026-07-07,41.90,3492
2416,Sunvale Drinks,sfmc,email,summer_cup_blast,header_image,,2026-07-07,109.71,27427
2417,Sunvale Drinks,sms,sms,summer_cup_blast,recipe_header_image,,2026-07-07,84.83,7069
2418,Sunvale Drinks,sfmc,email,summer_cup_newsletter,loyalty_cta_button,,2026-07-07,25.91,6477
2419,Harborline Distributing,google,Paid Search,Summer Cup 2026,Generic Ad,zestify near me,2026-07-08,998.41,
2420,Harborline Distributing,Email,Email,Summer Cup 2026,Loyalty Header Image,,2026-07-08,129.75,32437
2421,Harborline Distributing,google,Paid Search,Summer Cup 2026,Original Rsa 2,zero sugar soda,2026-07-08,279.17,
2422,Harborline Distributing,Google Ads,paid search,Summer Cup 2026,Rsa 2,zero sugar soda,2026-07-08,651.16,
2423,Harborline Distributing,google,Paid Search,Summer Cup 2026,Rsa 2,zestify soda,2026-07-08,539.55,
2424,Harborline Distributing,Instagram,Paid Social,summer_cupp_26,Awareness Video 6S C,,2026-07-08,414.52,
2425,Northgate Beverage,GDN,DISPLAY,SC26_Launch,VIDEO_6S_B,,2026-07-08,609.06,
2426,Northgate Beverage,GOOGLE,CPC,SC26_Promo,GENERIC_AD,zestify near me,2026-07-08,669.40,
2427,Northgate Beverage,GOOGLE,CPC,SUMMER_CUP_PROMO,RSA_2,zestify near me,2026-07-08,260.73,
2428,Northgate Beverage,GDN,DISPLAY,SUMMER_CUP_PROMO,ZERO_VIDEO_15S_C,,2026-07-08,577.23,
2429,Pinecrest Bottling,tt,paidsocial,sc26_q3,carousel_c,,2026-07-08,517.16,
2430,Pinecrest Bottling,tt,paidsocial,sc_26,zero_video_15s_c,,2026-07-08,429.40,
2431,Pinecrest Bottling,tiktok,paidsocial,summer_cup_2026,static_b,,2026-07-08,1386.90,
2432,Pinecrest Bottling,ig,paidsocial,summer_cup_2026,video_6s_c,,2026-07-08,213.80,
2433,Redrock Beverage,google,ppc,sc-26,awareness_zero_rsa_2,zestify soda,2026-07-08,642.78,
2434,Redrock Beverage,programmatic,display,sc-26,ginger_video_6s_c,,2026-07-08,296.66,
2435,Redrock Beverage,tiktok,paid-social,sc-26,story_a,,2026-07-08,169.80,
2436,Redrock Beverage,fb,social,summer-cup-26,carousel_c,,2026-07-08,683.25,
2437,Sunvale Drinks,sms,sms,delivery_window_reminder,transactional_template,,2026-07-08,49.74,4145
2438,Sunvale Drinks,sfmc,e-mail,summer cupp 2026,header_image,,2026-07-08,138.58,34644
2439,Sunvale Drinks,facebook,social,summer cupp 2026,story_c,,2026-07-08,1497.48,
2440,Sunvale Drinks,sfmc,email,summer_cup_blast,footer_link,,2026-07-08,113.31,28328
2441,Sunvale Drinks,fb,social,summer_cup_blast,reel_c,,2026-07-08,432.92,
2442,Sunvale Drinks,google,cpc,summer_cup_newsletter,loyalty_rsa_1,zero sugar soda,2026-07-08,351.74,
2443,Sunvale Drinks,newsletter,e-mail,summer_cup_newsletter,rt_header_image,,2026-07-08,108.64,27161
2444,Harborline Distributing,Email,Email,Delivery Reminder,Notice Body,,2026-07-09,66.77,16692
2445,Harborline Distributing,facebook,Paid Social,Summer Cup 2026,Carousel A,,2026-07-09,708.67,
2446,Harborline Distributing,Google Ads,Paid Search,harbor-days-26,Rsa 2,sparkling lime drink,2026-07-09,1662.60,
2447,Harborline Distributing,Instagram,Paid Social,harrbor-days 2026,Story A,,2026-07-09,353.94,
2448,Northgate Beverage,ig_paid,PAID_SOCIAL,SC26_Promo,REEL_C,,2026-07-09,335.06,
2449,Northgate Beverage,GOOGLE,CPC,SC26_Promo,RSA_2,zestify soda,2026-07-09,1400.20,
2450,Northgate Beverage,FB,PAID_SOCIAL,SC26_Promo,ZERO_STATIC_C,,2026-07-09,1108.31,
2451,Pinecrest Bottling,tiktok,paidsocial,sc26_q3,berry_carousel_c,,2026-07-09,1049.96,
2452,Pinecrest Bottling,fb,paidsocial,sc26_q3,ginger_carousel_b,,2026-07-09,1258.49,
2453,Pinecrest Bottling,fb,paidsocial,sc_26,story_c,,2026-07-09,723.66,
2454,Pinecrest Bottling,ig,paidsocial,sc_26,video_15s_b,,2026-07-09,1332.98,
2455,Redrock Beverage,email,email,sc-26,cta_button,,2026-07-09,81.70,20426
2456,Redrock Beverage,bing,ppc,sc-26,generic_ad,zero sugar soda,2026-07-09,1556.26,
2457,Redrock Beverage,google,ppc,sc-26,loyalty_lime_rsa_1,lemon lime soda,2026-07-09,723.25,
2458,Redrock Beverage,google,ppc,sc-26,rsa_2,zestify near me,2026-07-09,744.77,
2459,Redrock Beverage,meta,social,sc-26,zero_video_6s_c,,2026-07-09,1637.73,
2460,Redrock Beverage,fb,paid-social,summer-cup-26,coupon_static_c,,2026-07-09,258.27,
2461,Sunvale Drinks,newsletter,e-mail,password_reset,notice_body,,2026-07-09,44.41,11103
2462,Sunvale Drinks,newsletter,email,receipt,cta_button,,2026-07-09,79.12,19779
2463,Sunvale Drinks,newsletter,e-mail,route_change_notice,notice_body,,2026-07-09,157.14,39285
2464,Sunvale Drinks,newsletter,email,summer_cup_blast,coupon_hero_banner,,2026-07-09,93.52,23379
2465,Sunvale Drinks,email,email,summer_cup_blast,footer_link,,2026-07-09,147.75,36937
2466,Sunvale Drinks,newsletter,email,summer_cup_blast,header_image,,2026-07-09,71.72,17931
2467,Sunvale Drinks,email,email,summer_cup_blast,loyalty_header_image,,2026-07-09,144.87,36218
2468,Sunvale Drinks,fb,social,summer_cup_blast,static_b,,2026-07-09,133.39,
2469,Sunvale Drinks,fb,social,summer_cup_blast,static_c,,2026-07-09,516.78,
2470,Harborline Distributing,Google Ads,paid search,Harbor%20Days,Rsa 1,zestify near me,2026-07-10,653.18,
2471,Harborline Distributing,Instagram,Paid Social,Harbor%20Days,Rt Carousel C,,2026-07-10,1687.63,
2472,Harborline Distributing,Instagram,Paid Social,Summer Cup 2026,Berry Reel A,,2026-07-10,164.17,
2473,Harborline Distributing,Email,Email,Summer Cup 2026,Footer Link,,2026-07-10,59.40,14849
2474,Harborline Distributing,Email,Email,Summer Cup 2026,Hero Banner,,2026-07-10,90.51,22628
2475,Harborline Distributing,Facebook,Paid Social,Summer Cup 2026,Zero Static A,,2026-07-10,391.17,
2476,Harborline Distributing,Instagram,Paid Social,harrbor-days 2026,Awareness Video 6S B,,2026-07-10,248.02,
2477,Harborline Distributing,Email,Email,summer-cup-26,Coupon Header Image,,2026-07-10,148.39,37098
2478,Harborline Distributing,Instagram,Paid Social,summer-cup-26,Coupon Story A,,2026-07-10,817.77,
2479,Harborline Distributing,facebook,Paid Social,summer-cup-26,Original Video 15S B,,2026-07-10,1310.01,
2480,Harborline Distributing,facebook,Paid Social,summer-cup-26,Reel B,,2026-07-10,2123.04,
2481,Harborline Distributing,Facebook,Paid Social,summer-cup-26,Video 15S B,,2026-07-10,945.08,
2482,Harborline Distributing,facebook,paid social,summer_cupp_26,Recipe Carousel C,,2026-07-10,220.74,
2483,Northgate Beverage,GOOGLE,CPC,SC26_Promo,RSA_2,lemon lime soda,2026-07-10,766.18,
2484,Northgate Beverage,FACEBOOK,PAID_SOCIAL,SUMMER_CUP_PROMO,BERRY_CAROUSEL_B,,2026-07-10,1515.68,
2485,Northgate Beverage,FACEBOOK,PAID_SOCIAL,SUMMER_CUP_PROMO,CAROUSEL_A,,2026-07-10,1494.99,
2486,Northgate Beverage,IG,PAID_SOCIAL,SUMMER_CUP_PROMO,VIDEO_6S_B,,2026-07-10,544.04,
2487,Pinecrest Bottling,google,cpc,sc26_q3,zero_generic_ad,zestify near me,2026-07-10,2254.08,
2488,Pinecrest Bottling,google,cpc,summer_cup_2026,brand_ad,zestify near me,2026-07-10,1818.32,
2489,Pinecrest Bottling,google,cpc,summer_cup_2026,rt_rsa_2,zestify near me,2026-07-10,403.57,
2490,Pinecrest Bottling,fb,paidsocial,summer_cup_2026,rt_static_b,,2026-07-10,1737.61,
2491,Pinecrest Bottling,fb,paidsocial,summer_cup_2026,rt_zero_video_15s_c,,2026-07-10,2560.59,
2492,Pinecrest Bottling,tiktok,paidsocial,summer_cup_2026,video_15s_a,,2026-07-10,191.19,
2493,Redrock Beverage,google,ppc,sc-26,rsa_2,zestify near me,2026-07-10,681.63,
2494,Redrock Beverage,meta,social,sc-26,video_15s_c,,2026-07-10,1810.54,
2495,Redrock Beverage,fb,social,summer-cup-26,berry_static_c,,2026-07-10,427.38,
2496,Redrock Beverage,google,ppc,summer-cup-26,ginger_rsa_2,zestify soda,2026-07-10,355.37,
2497,Redrock Beverage,meta,paid-social,summer-cup-26,lime_video_6s_b,,2026-07-10,1120.92,
2498,Sunvale Drinks,newsletter,e-mail,order_confirmation,notice_body,,2026-07-10,45.38,11345
2499,Sunvale Drinks,newsletter,email,summer cupp 2026,coupon_cta_button,,2026-07-10,60.97,15243
2500,Sunvale Drinks,email,e-mail,summer cupp 2026,header_image,,2026-07-10,68.67,17167
2501,Sunvale Drinks,text,sms,summer cupp 2026,hero_banner,,2026-07-10,101.94,8495
2502,Sunvale Drinks,email,e-mail,summer cupp 2026,loyalty_hero_banner,,2026-07-10,80.33,20083
2503,Sunvale Drinks,text,sms,summer_cup_blast,coupon_cta_button,,2026-07-10,136.97,11414
2504,Sunvale Drinks,facebook,social,summer_cup_blast,lime_video_6s_b,,2026-07-10,330.28,
2505,Harborline Distributing,Google Display,Display,Harbor%20Days,Carousel A,,2026-07-11,359.63,
2506,Harborline Distributing,Google Ads,paid search,Harbor%20Days,Coupon Rsa 1,zestify soda,2026-07-11,1324.73,
2507,Harborline Distributing,Google Ads,Paid Search,Summer Cup 2026,Generic Ad,lemon lime soda,2026-07-11,263.18,
2508,Harborline Distributing,facebook,Paid Social,Summer Cup 2026,Story C,,2026-07-11,1224.84,
2509,Harborline Distributing,Google Display,Display,harbor-days-26,Reel C,,2026-07-11,168.72,
2510,Harborline Distributing,Email,Email,summer_cupp_26,Footer Link,,2026-07-11,42.94,10735
2511,Harborline Distributing,google,Paid Search,summer_cupp_26,Recipe Berry Generic Ad,zestify soda,2026-07-11,1055.00,
2512,Harborline Distributing,google,Paid Search,summer_cupp_26,Recipe Berry Generic Ad,zestify soda,2026-07-11,1055.00,
2513,Harborline Distributing,facebook,paid social,summer_cupp_26,Zero Story A,,2026-07-11,724.71,
2514,Northgate Beverage,ig_paid,PAID_SOCIAL,SC26_Launch,CAROUSEL_B,,2026-07-11,665.78,
2515,Northgate Beverage,FB,PAID_SOCIAL,SC26_Launch,VIDEO_15S_A,,2026-07-11,4226.14,
2516,Northgate Beverage,fb_paid,PAID_SOCIAL,SC26_Promo,REEL_C,,2026-07-11,646.77,
2517,Northgate Beverage,IG,PAID_SOCIAL,SUMMER_CUP_PROMO,GINGER_CAROUSEL_A,,2026-07-11,329.77,
2518,Pinecrest Bottling,tt,paidsocial,sc26_q3,recipe_lime_reel_b,,2026-07-11,404.22,
2519,Pinecrest Bottling,email,email,summer_cup_2026,coupon_cta_button,,2026-07-11,52.10,13025
2520,Pinecrest Bottling,tt,paidsocial,summer_cup_2026,static_b,,2026-07-11,999.85,
2521,Pinecrest Bottling,fb,paidsocial,summer_cup_2026,video_15s_a,,2026-07-11,974.27,
2522,Redrock Beverage,email,email,holiday-hours,transactional_template,,2026-07-11,81.29,20322
2523,Redrock Beverage,bing,ppc,sc-26,coupon_rsa_2,zero sugar soda,2026-07-11,1409.10,
2524,Redrock Beverage,bing,ppc,sc-26,original_rsa_1,zestify near me,2026-07-11,921.09,
2525,Redrock Beverage,meta,paid-social,sc-26,reel_c,,2026-07-11,1302.83,
2526,Redrock Beverage,programmatic,display,sc-26,static_a,,2026-07-11,339.73,
2527,Redrock Beverage,fb,paid-social,sc-26,static_b,,2026-07-11,1077.33,
2528,Redrock Beverage,facebook,paid-social,sc-26,video_15s_c,,2026-07-11,584.08,
2529,Redrock Beverage,facebook,paid-social,sc-26,video_6s_b,,2026-07-11,545.67,
2530,Redrock Beverage,bing,ppc,summer-cup-26,rsa_1,sparkling lime drink,2026-07-11,772.69,
2531,Sunvale Drinks,newsletter,email,summer cupp 2026,coupon_header_image,,2026-07-11,32.30,8076
2532,Sunvale Drinks,sfmc,email,summer cupp 2026,cta_button,,2026-07-11,134.53,33633
2533,Sunvale Drinks,text,sms,summer cupp 2026,cta_button,,2026-07-11,98.84,8237
2534,Sunvale Drinks,fb,social,summer cupp 2026,rt_original_video_15s_a,,2026-07-11,1098.82,
2535,Sunvale Drinks,facebook,social,summer_cup_blast,awareness_story_a,,2026-07-11,1077.35,
2536,Sunvale Drinks,sms,sms,summer_cup_blast,cta_button,,2026-07-11,142.03,11836
2537,Sunvale Drinks,sfmc,e-mail,summer_cup_blast,footer_link,,2026-07-11,137.58,34396
2538,Sunvale Drinks,fb,social,summer_cup_newsletter,recipe_carousel_a,,2026-07-11,410.93,
2539,Sunvale Drinks,facebook,social,summer_cup_newsletter,zero_reel_c,,2026-07-11,403.95,
2540,Harborline Distributing,Email,Email,Holiday Hours July 4,Cta Button,,2026-07-12,79.62,19905
2541,Harborline Distributing,Email,Email,Invoice Ready,Cta Button,,2026-07-12,101.59,25397
2542,Harborline Distributing,facebook,Paid Social,Summer Cup 2026,Berry Carousel A,,2026-07-12,141.46,
2543,Harborline Distributing,Google Display,Display,Summer Cup 2026,Berry Reel A,,2026-07-12,450.19,
2544,Harborline Distributing,Facebook,paid social,Summer Cup 2026,Berry Reel C,,2026-07-12,759.75,
2545,Harborline Distributing,Facebook,Paid Social,Summer Cup 2026,Lime Story C,,2026-07-12,1184.10,
2546,Harborline Distributing,Facebook,Paid Social,harrbor-days 2026,Loyalty Static C,,2026-07-12,776.60,
2547,Harborline Distributing,google,paid search,summer_cupp_26,Zero Generic Ad,sparkling lime drink,2026-07-12,201.60,
2548,Northgate Beverage,EMAIL,EMAIL,DELIVERY_REMINDER,NOTICE_BODY,,2026-07-12,57.44,14361
2549,Northgate Beverage,ig_paid,PAID_SOCIAL,SC26_Launch,CAROUSEL_B,,2026-07-12,2451.25,
2550,Northgate Beverage,GOOGLE,CPC,SC26_Launch,COUPON_RSA_2,zestify near me,2026-07-12,549.35,
2551,Northgate Beverage,GDN,DISPLAY,SC26_Launch,STATIC_A,,2026-07-12,634.19,
2552,Northgate Beverage,GOOGLE,CPC,SC26_Promo,BRAND_AD,sparkling lime drink,2026-07-12,821.29,
2553,Northgate Beverage,ig_paid,PAID_SOCIAL,SC26_Promo,VIDEO_6S_C,,2026-07-12,278.65,
2554,Northgate Beverage,FB,PAID_SOCIAL,SUMMER_CUP_PROMO,AWARENESS_STORY_C,,2026-07-12,1541.96,
2555,Northgate Beverage,EMAIL,EMAIL,SUMMER_CUP_PROMO,FOOTER_LINK,,2026-07-12,159.08,39769
2556,Northgate Beverage,GOOGLE,CPC,SUMMER_CUP_PROMO,GENERIC_AD,zero sugar soda,2026-07-12,620.84,
2557,Northgate Beverage,EMAIL,EMAIL,SUMMER_CUP_PROMO,HERO_BANNER,,2026-07-12,67.24,16810
2558,Northgate Beverage,ig_paid,PAID_SOCIAL,SUMMER_CUP_PROMO,ORIGINAL_CAROUSEL_A,,2026-07-12,741.19,
2559,Pinecrest Bottling,ig,paidsocial,sc26_q3,story_c,,2026-07-12,673.76,
2560,Pinecrest Bottling,fb,paidsocial,sc_26,reel_c,,2026-07-12,2576.54,
2561,Pinecrest Bottling,ig,paidsocial,sc_26,video_6s_b,,2026-07-12,1018.83,
2562,Pinecrest Bottling,email,email,summer_cup_2026,rt_hero_banner,,2026-07-12,153.40,38349
2563,Pinecrest Bottling,tiktok,paidsocial,summer_cup_2026,story_c,,2026-07-12,982.34,
2564,Redrock Beverage,email,email,order-receipt,cta_button,,2026-07-12,107.96,26990
2565,Redrock Beverage,facebook,paid-social,sc-26,berry_story_c,,2026-07-12,444.33,
2566,Redrock Beverage,email,email,sc-26,footer_link,,2026-07-12,61.42,15355
2567,Redrock Beverage,email,email,sc-26,hero_banner,,2026-07-12,75.97,18993
2568,Redrock Beverage,programmatic,display,sc-26,original_reel_b,,2026-07-12,661.17,
2569,Redrock Beverage,google,ppc,sc-26,rsa_1,zestify near me,2026-07-12,1732.00,
2570,Redrock Beverage,google,ppc,sc-26,zero_rsa_1,lemon lime soda,2026-07-12,214.22,
2571,Redrock Beverage,google,ppc,summer-cup-26,awareness_rsa_1,sparkling lime drink,2026-07-12,1241.82,
2572,Sunvale Drinks,sfmc,e-mail,service_survey,transactional_template,,2026-07-12,43.40,10850
2573,Sunvale Drinks,sfmc,email,summer_cup_blast,footer_link,,2026-07-12,129.80,32450
2574,Sunvale Drinks,email,e-mail,summer_cup_blast,hero_banner,,2026-07-12,107.21,26803
2575,Sunvale Drinks,newsletter,email,summer_cup_newsletter,cta_button,,2026-07-12,77.86,19466
2576,Harborline Distributing,Google Ads,paid search,Harbor%20Days,Rsa 1,zestify soda,2026-07-13,394.52,
2577,Harborline Distributing,google,paid search,Summer Cup 2026,Generic Ad,zestify near me,2026-07-13,232.44,
2578,Harborline Distributing,facebook,Paid Social,Summer Cup 2026,Lime Story C,,2026-07-13,477.03,
2579,Harborline Distributing,Facebook,Paid Social,Summer Cup 2026,Recipe Lime Video 6S A,,2026-07-13,1173.52,
2580,Harborline Distributing,Google Display,Display,harbor-days-26,Reel C,,2026-07-13,620.04,
2581,Harborline Distributing,facebook,Paid Social,harbor-days-26,Static A,,2026-07-13,5682.16,
2582,Harborline Distributing,Instagram,Paid Social,harrbor-days 2026,Awareness Video 6S B,,2026-07-13,389.99,
2583,Harborline Distributing,Instagram,Paid Social,harrbor-days 2026,Lime Story B,,2026-07-13,199.96,
2584,Harborline Distributing,Email,Email,summer-cup-26,Coupon Header Image,,2026-07-13,84.78,21194
2585,Harborline Distributing,Google Ads,paid search,summer_cupp_26,Lime Rsa 2,zestify near me,2026-07-13,682.33,
2586,Northgate Beverage,GOOGLE,CPC,SC26_Promo,RSA_2,zestify soda,2026-07-13,1476.71,
2587,Northgate Beverage,FACEBOOK,paid_social,SC26_Promo,ZERO_STATIC_C,,2026-07-13,966.65,
2588,Northgate Beverage,GDN,DISPLAY,SUMMER_CUP_PROMO,AWARENESS_ORIGINAL_VIDEO_15S_A,,2026-07-13,385.24,
2589,Northgate Beverage,FB,PAID_SOCIAL,SUMMER_CUP_PROMO,AWARENESS_STATIC_C,,2026-07-13,774.75,
2590,Northgate Beverage,FB,PAID_SOCIAL,SUMMER_CUP_PROMO,AWARENESS_STORY_C,,2026-07-13,849.57,
2591,Northgate Beverage,GOOGLE,CPC,SUMMER_CUP_PROMO,GENERIC_AD,sparkling lime drink,2026-07-13,447.50,
2592,Northgate Beverage,GDN,DISPLAY,SUMMER_CUP_PROMO,ZERO_VIDEO_15S_C,,2026-07-13,843.64,
2593,Pinecrest Bottling,tt,paidsocial,sc26_q3,carousel_c,,2026-07-13,929.55,
2594,Pinecrest Bottling,google,cpc,summer_cup_2026,brand_ad,zestify soda,2026-07-13,1565.58,
2595,Pinecrest Bottling,tt,paidsocial,summer_cup_2026,static_b,,2026-07-13,831.35,
2596,Pinecrest Bottling,fb,paidsocial,summer_cup_2026,video_15s_c,,2026-07-13,1269.15,
2597,Pinecrest Bottling,tiktok,paidsocial,summer_cup_2026,zero_story_b,,2026-07-13,238.57,
2598,Redrock Beverage,programmatic,display,sc-26,ginger_video_6s_c,,2026-07-13,430.92,
2599,Redrock Beverage,bing,ppc,sc-26,loyalty_lime_rsa_1,zestify soda,2026-07-13,977.33,
2600,Redrock Beverage,google,ppc,sc-26,rsa_2,sparkling lime drink,2026-07-13,903.96,
2601,Redrock Beverage,facebook,social,summer-cup-26,carousel_c,,2026-07-13,797.36,
2602,Sunvale Drinks,email,email,order_confirmation,notice_body,,2026-07-13,43.78,10946
2603,Sunvale Drinks,newsletter,email,route_change_notice,notice_body,,2026-07-13,109.27,27318
2604,Sunvale Drinks,newsletter,e-mail,service_survey,transactional_template,,2026-07-13,42.22,10554
2605,Sunvale Drinks,facebook,social,summer cupp 2026,berry_story_b,,2026-07-13,924.91,
2606,Sunvale Drinks,newsletter,e-mail,summer cupp 2026,coupon_cta_button,,2026-07-13,54.72,13681
2607,Sunvale Drinks,fb,social,summer_cup_blast,carousel_b,,2026-07-13,334.80,
2608,Sunvale Drinks,newsletter,email,summer_cup_blast,footer_link,,2026-07-13,82.46,20615
2609,Sunvale Drinks,google,cpc,summer_cup_blast,generic_ad,sparkling lime drink,2026-07-13,370.85,
2610,Sunvale Drinks,newsletter,email,summer_cup_blast,hero_banner,,2026-07-13,128.35,32087
2611,Sunvale Drinks,fb,social,summer_cup_blast,lime_video_6s_b,,2026-07-13,365.27,
2612,Sunvale Drinks,sfmc,e-mail,summer_cup_newsletter,cta_button,,2026-07-13,85.35,21337
2613,Harborline Distributing,Email,Email,Invoice Ready,Cta Button,,2026-07-14,96.92,24230
2614,Harborline Distributing,Facebook,paid social,Summer Cup 2026,Berry Reel C,,2026-07-14,568.20,
2615,Harborline Distributing,google,paid search,Summer Cup 2026,Brand Ad,zero sugar soda,2026-07-14,321.17,
2616,Harborline Distributing,Email,Email,Summer Cup 2026,Loyalty Header Image,,2026-07-14,25.38,6346
2617,Harborline Distributing,Instagram,Paid Social,Summer Cup 2026,Video 15S B,,2026-07-14,691.75,
2618,Harborline Distributing,facebook,Paid Social,harbor-days-26,Awareness Video 6S B,,2026-07-14,468.45,
2619,Harborline Distributing,Google Ads,Paid Search,harrbor-days 2026,Berry Generic Ad,zestify near me,2026-07-14,373.44,
2620,Harborline Distributing,facebook,Paid Social,harrbor-days 2026,Carousel C,,2026-07-14,482.77,
2621,Harborline Distributing,google,Paid Search,harrbor-days 2026,Generic Ad,sparkling lime drink,2026-07-14,616.06,
2622,Harborline Distributing,Facebook,Paid Social,summer-cup-26,Original Video 15S B,,2026-07-14,1999.75,
2623,Harborline Distributing,facebook,Paid Social,summer_cupp_26,Static A,,2026-07-14,464.47,
2624,Northgate Beverage,EMAIL,EMAIL,DELIVERY_REMINDER,NOTICE_BODY,,2026-07-14,23.77,5943
2625,Northgate Beverage,ig_paid,PAID_SOCIAL,SC26_Launch,CAROUSEL_B,,2026-07-14,468.88,
2626,Northgate Beverage,FB,PAID_SOCIAL,SC26_Launch,VIDEO_15S_A,,2026-07-14,3095.23,
2627,Northgate Beverage,GDN,DISPLAY,SUMMER_CUP_PROMO,REEL_B,,2026-07-14,451.59,
2628,Northgate Beverage,ig_paid,PAID_SOCIAL,SUMMER_CUP_PROMO,VIDEO_15S_A,,2026-07-14,862.26,
2629,Northgate Beverage,ig_paid,PAID_SOCIAL,SUMMER_CUP_PROMO,VIDEO_6S_B,,2026-07-14,482.32,
2630,Pinecrest Bottling,ig,paidsocial,sc26_q3,story_c,,2026-07-14,1451.64,
2631,Pinecrest Bottling,tiktok,paidsocial,sc_26,zero_video_15s_c,,2026-07-14,302.65,
2632,Pinecrest Bottling,tt,paidsocial,summer_cup_2026,static_b,,2026-07-14,705.78,
2633,Pinecrest Bottling,tt,paidsocial,summer_cup_2026,zero_story_a,,2026-07-14,992.36,
2634,Redrock Beverage,email,email,sc-26,footer_link,,2026-07-14,83.69,20923
2635,Redrock Beverage,fb,social,sc-26,reel_c,,2026-07-14,864.62,
2636,Redrock Beverage,bing,ppc,sc-26,rsa_2,zestify near me,2026-07-14,745.17,
2637,Redrock Beverage,tiktok,paid-social,sc-26,story_c,,2026-07-14,169.80,
2638,Redrock Beverage,bing,ppc,sc-26,zero_rsa_1,lemon lime soda,2026-07-14,216.52,
2639,Redrock Beverage,meta,paid-social,summer-cup-26,lime_video_6s_b,,2026-07-14,1719.64,
2640,Sunvale Drinks,newsletter,e-mail,summer cupp 2026,loyalty_hero_banner,,2026-07-14,82.76,20689
2641,Sunvale Drinks,facebook,social,summer_cup_blast,carousel_b,,2026-07-14,347.20,
2642,Sunvale Drinks,fb,social,summer_cup_blast,original_video_15s_c,,2026-07-14,338.10,
2643,Sunvale Drinks,newsletter,e-mail,summer_cup_blast,rt_header_image,,2026-07-14,130.93,32732
2644,Sunvale Drinks,facebook,social,summer_cup_blast,static_b,,2026-07-14,145.83,
2645,Harborline Distributing,Facebook,Paid Social,Summer Cup 2026,Carousel A,,2026-07-15,443.44,
2646,Harborline Distributing,Google Ads,Paid Search,Summer Cup 2026,Rsa 2,zestify soda,2026-07-15,380.24,
2647,Harborline Distributing,Facebook,paid social,Summer Cup 2026,Story C,,2026-07-15,904.42,
2648,Harborline Distributing,google,Paid Search,Summer Cup Harbor Days,Rsa 1,zestify near me,2026-07-15,648.92,
2649,Harborline Distributing,Google Ads,paid search,harbor-days-26,Lime Rsa 1,zestify near me,2026-07-15,715.89,
2650,Harborline Distributing,facebook,paid social,harbor-days-26,Video 6S A,,2026-07-15,415.97,
2651,Harborline Distributing,Google Ads,paid search,summer-cup-26,Rsa 1,zestify soda,2026-07-15,526.11,
2652,Harborline Distributing,Instagram,Paid Social,summer_cupp_26,Awareness Video 6S C,,2026-07-15,255.38,
2653,Harborline Distributing,Google Ads,paid search,summer_cupp_26,Zero Generic Ad,zero sugar soda,2026-07-15,130.09,
2654,Northgate Beverage,EMAIL,EMAIL,ORDER_CONFIRMATION,NOTICE_BODY,,2026-07-15,108.93,27232
2655,Northgate Beverage,GOOGLE,CPC,SC26_Promo,GINGER_RSA_2,sparkling lime drink,2026-07-15,713.49,
2656,Northgate Beverage,GOOGLE,CPC,SUMMER_CUP_PROMO,AWARENESS_ORIGINAL_BRAND_AD,zero sugar soda,2026-07-15,345.88,
2657,Northgate Beverage,fb_paid,PAID_SOCIAL,SUMMER_CUP_PROMO,BERRY_VIDEO_6S_B,,2026-07-15,1018.39,
2658,Northgate Beverage,EMAIL,EMAIL,SUMMER_CUP_PROMO,FOOTER_LINK,,2026-07-15,80.24,20060
2659,Northgate Beverage,EMAIL,EMAIL,SUMMER_CUP_PROMO,HERO_BANNER,,2026-07-15,51.67,12917
2660,Pinecrest Bottling,email,email,ord_conf,notice_body,,2026-07-15,157.37,39343
2661,Pinecrest Bottling,sms,sms,rte_chg_notice,cta_button,,2026-07-15,24.04,2003
2662,Pinecrest Bottling,tt,paidsocial,sc26_q3,awareness_original_video_6s_c,,2026-07-15,568.65,
2663,Pinecrest Bottling,google,cpc,sc26_q3,brand_ad,zestify near me,2026-07-15,858.14,
2664,Pinecrest Bottling,ig,paidsocial,sc_26,awareness_story_b,,2026-07-15,398.54,
2665,Redrock Beverage,facebook,paid-social,sc-26,berry_story_c,,2026-07-15,558.34,
2666,Redrock Beverage,fb,paid-social,sc-26,reel_a,,2026-07-15,2111.05,
2667,Redrock Beverage,facebook,paid-social,sc-26,rt_video_6s_c,,2026-07-15,3312.62,
2668,Redrock Beverage,programmatic,display,sc-26,static_a,,2026-07-15,616.47,
2669,Redrock Beverage,tiktok,paid-social,sc-26,story_a,,2026-07-15,257.13,
2670,Redrock Beverage,facebook,social,sc-26,video_15s_c,,2026-07-15,982.82,
2671,Redrock Beverage,meta,paid-social,sc-26,video_6s_b,,2026-07-15,393.57,
2672,Redrock Beverage,meta,paid-social,sc-26,zero_video_6s_c,,2026-07-15,2144.66,
2673,Redrock Beverage,google,ppc,summer-cup-26,awareness_rsa_1,zestify near me,2026-07-15,925.89,
2674,Redrock Beverage,tiktok,paid-social,summer-cup-26,zero_video_15s_b,,2026-07-15,998.25,
2675,Sunvale Drinks,sms,sms,delivery_window_reminder,transactional_template,,2026-07-15,115.40,9617
2676,Sunvale Drinks,sfmc,e-mail,receipt,cta_button,,2026-07-15,155.32,38829
2677,Sunvale Drinks,newsletter,e-mail,summer cupp 2026,header_image,,2026-07-15,75.90,18976
2678,Sunvale Drinks,facebook,social,summer cupp 2026,rt_original_video_15s_a,,2026-07-15,652.66,
2679,Sunvale Drinks,fb,social,summer cupp 2026,story_c,,2026-07-15,1658.07,
2680,Sunvale Drinks,email,email,summer_cup_blast,coupon_cta_button,,2026-07-15,69.60,17400
2681,Sunvale Drinks,text,sms,summer_cup_blast,cta_button,,2026-07-15,95.95,7996
2682,Sunvale Drinks,email,email,summer_cup_blast,footer_link,,2026-07-15,52.61,13152
2683,Sunvale Drinks,email,e-mail,summer_cup_blast,header_image,,2026-07-15,59.90,14976
2684,Sunvale Drinks,sms,sms,summer_cup_blast,loyalty_hero_banner,,2026-07-15,136.85,11404
2685,Sunvale Drinks,facebook,social,summer_cup_blast,static_c,,2026-07-15,536.00,
2686,Sunvale Drinks,google,cpc,summer_cup_newsletter,loyalty_rsa_1,zestify soda,2026-07-15,231.91,
2687,Sunvale Drinks,fb,social,summer_cup_newsletter,zero_reel_c,,2026-07-15,686.40,
2688,Harborline Distributing,Email,Email,Delivery Reminder,Notice Body,,2026-07-16,69.66,17415
2689,Harborline Distributing,Google Display,Display,Summer Cup 2026,Berry Reel A,,2026-07-16,487.11,
2690,Harborline Distributing,Instagram,Paid Social,Summer Cup 2026,Berry Reel A,,2026-07-16,227.15,
2691,Harborline Distributing,Email,Email,Summer Cup 2026,Cta Button,,2026-07-16,147.34,36834
2692,Harborline Distributing,Email,Email,Summer Cup 2026,Footer Link,,2026-07-16,158.87,39718
2693,Harborline Distributing,Google Ads,Paid Search,Summer Cup 2026,Generic Ad,zero sugar soda,2026-07-16,688.06,
2694,Harborline Distributing,Facebook,Paid Social,Summer Cup 2026,Ginger Carousel B,,2026-07-16,512.70,
2695,Harborline Distributing,Google Ads,paid search,harbor-days-26,Generic Ad,zestify soda,2026-07-16,148.43,
2696,Harborline Distributing,google,Paid Search,harrbor-days 2026,Zero Generic Ad,lemon lime soda,2026-07-16,335.09,
2697,Harborline Distributing,google,paid search,summer_cupp_26,Zero Brand Ad,zestify near me,2026-07-16,290.78,
2698,Northgate Beverage,GOOGLE,CPC,SUMMER_CUP_PROMO,BRAND_AD,zero sugar soda,2026-07-16,1093.31,
2699,Northgate Beverage,GOOGLE,CPC,SUMMER_CUP_PROMO,GENERIC_AD,zero sugar soda,2026-07-16,544.75,
2700,Northgate Beverage,IG,PAID_SOCIAL,SUMMER_CUP_PROMO,ORIGINAL_CAROUSEL_A,,2026-07-16,674.75,
2701,Northgate Beverage,GOOGLE,CPC,SUMMER_CUP_PROMO,RSA_2,sparkling lime drink,2026-07-16,329.82,
2702,Northgate Beverage,FB,PAID_SOCIAL,SUMMER_CUP_PROMO,VIDEO_15S_B,,2026-07-16,1040.71,
2703,Pinecrest Bottling,tt,paidsocial,sc_26,rt_ginger_carousel_c,,2026-07-16,488.06,
2704,Pinecrest Bottling,ig,paidsocial,sc_26,video_6s_b,,2026-07-16,530.79,
2705,Pinecrest Bottling,email,email,summer_cup_2026,rt_hero_banner,,2026-07-16,42.70,10674
2706,Redrock Beverage,email,email,sc-26,cta_button,,2026-07-16,159.00,39751
2707,Redrock Beverage,email,email,sc-26,footer_link,,2026-07-16,26.69,6672
2708,Redrock Beverage,email,email,sc-26,header_image,,2026-07-16,96.71,24177
2709,Redrock Beverage,programmatic,display,sc-26,original_reel_b,,2026-07-16,569.07,
2710,Redrock Beverage,bing,ppc,sc-26,recipe_zero_generic_ad,zestify near me,2026-07-16,344.94,
2711,Redrock Beverage,google,ppc,sc-26,rsa_1,sparkling lime drink,2026-07-16,2406.63,
2712,Redrock Beverage,fb,paid-social,sc-26,static_b,,2026-07-16,818.85,
2713,Redrock Beverage,fb,social,sc-26,video_15s_c,,2026-07-16,582.46,
2714,Redrock Beverage,google,ppc,summer-cup-26,ginger_rsa_2,lemon lime soda,2026-07-16,713.15,
2715,Sunvale Drinks,facebook,social,summer cupp 2026,story_c,,2026-07-16,841.54,
2716,Sunvale Drinks,sfmc,e-mail,summer_cup_blast,awareness_header_image,,2026-07-16,153.82,38456
2717,Sunvale Drinks,newsletter,e-mail,summer_cup_blast,loyalty_header_image,,2026-07-16,58.78,14694
2718,Sunvale Drinks,text,sms,summer_cup_blast,recipe_header_image,,2026-07-16,103.97,8664
2719,Sunvale Drinks,email,email,summer_cup_newsletter,cta_button,,2026-07-16,158.86,39715
2720,Sunvale Drinks,newsletter,email,summer_cup_newsletter,cta_button,,2026-07-16,19.02,4755
2721,Sunvale Drinks,email,email,summer_cup_newsletter,rt_header_image,,2026-07-16,101.00,25250
2722,Harborline Distributing,Email,Email,Harbor%20Days,Cta Button,,2026-07-17,88.81,22203
2723,Harborline Distributing,google,Paid Search,Harbor%20Days,Rsa 1,sparkling lime drink,2026-07-17,2609.41,
2724,Harborline Distributing,Google Display,Display,Harbor%20Days,Rt Carousel A,,2026-07-17,379.04,
2725,Harborline Distributing,Instagram,Paid Social,Summer Cup 2026,Carousel A,,2026-07-17,157.50,
2726,Harborline Distributing,google,Paid Search,Summer Cup 2026,Original Rsa 2,zestify soda,2026-07-17,261.64,
2727,Harborline Distributing,Facebook,paid social,Summer Cup 2026,Zero Static A,,2026-07-17,400.28,
2728,Harborline Distributing,google,paid search,harrbor-days 2026,Rsa 1,zero sugar soda,2026-07-17,933.33,
2729,Harborline Distributing,Instagram,Paid Social,harrbor-days 2026,Story A,,2026-07-17,249.81,
2730,Harborline Distributing,Google Ads,Paid Search,summer_cupp_26,Recipe Berry Generic Ad,sparkling lime drink,2026-07-17,945.54,
2731,Harborline Distributing,facebook,Paid Social,summer_cupp_26,Zero Story A,,2026-07-17,761.70,
2732,Northgate Beverage,GOOGLE,CPC,SC26_Launch,COUPON_RSA_2,zero sugar soda,2026-07-17,798.18,
2733,Northgate Beverage,GOOGLE,CPC,SC26_Promo,GENERIC_AD,lemon lime soda,2026-07-17,1405.88,
2734,Northgate Beverage,IG,PAID_SOCIAL,SC26_Promo,VIDEO_6S_C,,2026-07-17,229.38,
2735,Northgate Beverage,ig_paid,PAID_SOCIAL,SUMMER_CUP_PROMO,ORIGINAL_STATIC_B,,2026-07-17,703.91,
2736,Northgate Beverage,fb_paid,PAID_SOCIAL,SUMMER_CUP_PROMO,REEL_C,,2026-07-17,1727.66,
2737,Northgate Beverage,GOOGLE,CPC,SUMMER_CUP_PROMO,RSA_1,sparkling lime drink,2026-07-17,2150.42,
2738,Pinecrest Bottling,tiktok,paidsocial,sc26_q3,berry_carousel_c,,2026-07-17,710.45,
2739,Pinecrest Bottling,fb,paidsocial,sc26_q3,ginger_carousel_b,,2026-07-17,871.33,
2740,Pinecrest Bottling,fb,paidsocial,sc_26,coupon_reel_c,,2026-07-17,1686.07,
2741,Pinecrest Bottling,google,cpc,summer_cup_2026,rt_rsa_2,zestify near me,2026-07-17,371.69,
2742,Redrock Beverage,bing,ppc,sc-26,coupon_rsa_2,zestify soda,2026-07-17,2640.52,
2743,Redrock Beverage,google,ppc,sc-26,generic_ad,zestify soda,2026-07-17,1669.45,
2744,Redrock Beverage,bing,ppc,sc-26,original_rsa_1,zestify soda,2026-07-17,1033.70,
2745,Redrock Beverage,google,ppc,sc-26,rsa_1,zestify soda,2026-07-17,947.12,
2746,Sunvale Drinks,sfmc,e-mail,summer cupp 2026,coupon_header_image,,2026-07-17,72.07,18017
2747,Sunvale Drinks,sms,sms,summer cupp 2026,hero_banner,,2026-07-17,142.81,11901
2748,Sunvale Drinks,fb,social,summer cupp 2026,static_c,,2026-07-17,195.19,
2749,Sunvale Drinks,text,sms,summer_cup_blast,cta_button,,2026-07-17,92.27,7689
2750,Sunvale Drinks,newsletter,e-mail,summer_cup_blast,footer_link,,2026-07-17,48.63,12157
2751,Sunvale Drinks,facebook,social,summer_cup_blast,reel_c,,2026-07-17,568.55,
2752,Harborline Distributing,Facebook,paid social,Summer Cup 2026,Awareness Reel A,,2026-07-18,768.89,
2753,Harborline Distributing,Email,Email,Summer Cup 2026,Hero Banner,,2026-07-18,107.04,26760
2754,Harborline Distributing,Google Ads,paid search,Summer Cup 2026,Rsa 2,zestify soda,2026-07-18,899.39,
2755,Harborline Distributing,facebook,paid social,summer-cup-26,Video 15S B,,2026-07-18,896.65,
2756,Harborline Distributing,Email,Email,summer_cupp_26,Footer Link,,2026-07-18,131.54,32886
2757,Northgate Beverage,FACEBOOK,PAID_SOCIAL,SC26_Promo,REEL_C,,2026-07-18,712.47,
2758,Northgate Beverage,GOOGLE,CPC,SUMMER_CUP_PROMO,AWARENESS_BERRY_RSA_1,lemon lime soda,2026-07-18,490.51,
2759,Northgate Beverage,fb_paid,PAID_SOCIAL,SUMMER_CUP_PROMO,LOYALTY_CAROUSEL_C,,2026-07-18,1316.19,
2760,Northgate Beverage,fb_paid,paid_social,SUMMER_CUP_PROMO,STORY_B,,2026-07-18,291.88,
2761,Pinecrest Bottling,google,cpc,sc26_q3,zero_generic_ad,zestify soda,2026-07-18,1491.20,
2762,Pinecrest Bottling,ig,paidsocial,sc_26,video_15s_b,,2026-07-18,1525.95,
2763,Pinecrest Bottling,fb,paidsocial,summer_cup_2026,lime_carousel_c,,2026-07-18,853.85,
2764,Pinecrest Bottling,fb,paidsocial,summer_cup_2026,video_15s_a,,2026-07-18,923.43,
2765,Redrock Beverage,email,email,order-receipt,cta_button,,2026-07-18,79.18,19796
2766,Redrock Beverage,google,ppc,summer-cup-26,rsa_1,lemon lime soda,2026-07-18,616.10,
2767,Sunvale Drinks,sfmc,email,password_reset,notice_body,,2026-07-18,29.22,7305
2768,Sunvale Drinks,sfmc,email,summer cupp 2026,cta_button,,2026-07-18,131.31,32827
2769,Sunvale Drinks,sms,sms,summer cupp 2026,cta_button,,2026-07-18,23.77,1981
2770,Sunvale Drinks,email,e-mail,summer cupp 2026,header_image,,2026-07-18,152.14,38034
2771,Sunvale Drinks,sfmc,e-mail,summer cupp 2026,header_image,,2026-07-18,109.05,27262
2772,Sunvale Drinks,google,cpc,summer cupp 2026,rsa_1,zestify soda,2026-07-18,292.03,
2773,Sunvale Drinks,facebook,social,summer_cup_blast,awareness_story_a,,2026-07-18,1193.02,
2774,Sunvale Drinks,text,sms,summer_cup_blast,coupon_cta_button,,2026-07-18,123.86,10322
2775,Sunvale Drinks,sms,sms,summer_cup_newsletter,header_image,,2026-07-18,58.06,4838
2776,Sunvale Drinks,sfmc,email,summer_cup_newsletter,loyalty_cta_button,,2026-07-18,115.07,28768
2777,Sunvale Drinks,facebook,social,summer_cup_newsletter,recipe_carousel_a,,2026-07-18,291.50,
2778,Sunvale Drinks,facebook,social,summer_cup_newsletter,recipe_carousel_a,,2026-07-18,291.50,
2779,Harborline Distributing,Facebook,Paid Social,Summer Cup 2026,Berry Carousel A,,2026-07-19,215.48,
2780,Harborline Distributing,Facebook,Paid Social,Summer Cup 2026,Coupon Video 6S A,,2026-07-19,473.61,
2781,Harborline Distributing,Facebook,Paid Social,Summer Cup 2026,Video 6S C,,2026-07-19,221.66,
2782,Harborline Distributing,google,Paid Search,summer-cup-26,Awareness Generic Ad,zestify near me,2026-07-19,526.68,
2783,Harborline Distributing,Instagram,Paid Social,summer-cup-26,Coupon Story A,,2026-07-19,700.28,
2784,Harborline Distributing,google,paid search,summer_cupp_26,Coupon Zero Generic Ad,lemon lime soda,2026-07-19,1335.12,
2785,Harborline Distributing,Facebook,Paid Social,summer_cupp_26,Recipe Carousel C,,2026-07-19,308.98,
2786,Northgate Beverage,ig_paid,PAID_SOCIAL,SC26_Launch,CAROUSEL_B,,2026-07-19,2920.56,
2787,Northgate Beverage,GDN,DISPLAY,SC26_Launch,VIDEO_6S_B,,2026-07-19,694.69,
2788,Northgate Beverage,IG,PAID_SOCIAL,SC26_Promo,REEL_C,,2026-07-19,440.83,
2789,Northgate Beverage,GOOGLE,CPC,SC26_Promo,RSA_2,zestify near me,2026-07-19,678.65,
2790,Northgate Beverage,FACEBOOK,paid_social,SUMMER_CUP_PROMO,STATIC_A,,2026-07-19,1162.89,
2791,Pinecrest Bottling,ig,paidsocial,sc26_q3,loyalty_static_a,,2026-07-19,690.61,
2792,Pinecrest Bottling,tt,paidsocial,sc26_q3,recipe_lime_reel_b,,2026-07-19,439.52,
2793,Pinecrest Bottling,ig,paidsocial,sc_26,loyalty_reel_b,,2026-07-19,1841.28,
2794,Pinecrest Bottling,fb,paidsocial,sc_26,reel_c,,2026-07-19,1382.06,
2795,Pinecrest Bottling,fb,paidsocial,sc_26,story_c,,2026-07-19,657.30,
2796,Pinecrest Bottling,tt,paidsocial,summer_cup_2026,video_15s_a,,2026-07-19,152.92,
2797,Pinecrest Bottling,ig,paidsocial,summer_cup_2026,video_6s_c,,2026-07-19,245.22,
2798,Redrock Beverage,google,ppc,sc-26,awareness_zero_rsa_2,lemon lime soda,2026-07-19,405.06,
2799,Redrock Beverage,email,email,sc-26,header_image,,2026-07-19,115.78,28946
2800,Redrock Beverage,bing,ppc,sc-26,rsa_2,zestify near me,2026-07-19,309.22,
2801,Redrock Beverage,google,ppc,sc-26,rsa_2,zestify soda,2026-07-19,556.76,
2802,Redrock Beverage,facebook,social,sc-26,video_6s_c,,2026-07-19,323.75,
2803,Sunvale Drinks,google,cpc,summer cupp 2026,rsa_1,zestify near me,2026-07-19,1144.06,
2804,Sunvale Drinks,google,cpc,summer_cup_blast,berry_generic_ad,sparkling lime drink,2026-07-19,1596.58,
2805,Sunvale Drinks,email,e-mail,summer_cup_blast,coupon_hero_banner,,2026-07-19,138.85,34713
2806,Sunvale Drinks,email,email,summer_cup_blast,footer_link,,2026-07-19,60.41,15103
2807,Sunvale Drinks,email,e-mail,summer_cup_blast,footer_link,,2026-07-19,22.04,5511
2808,Sunvale Drinks,newsletter,email,summer_cup_blast,header_image,,2026-07-19,127.20,31800
2809,Harborline Distributing,Instagram,Paid Social,Summer Cup 2026,Berry Reel A,,2026-07-20,197.70,
2810,Harborline Distributing,google,Paid Search,Summer Cup 2026,Brand Ad,zestify near me,2026-07-20,357.55,
2811,Harborline Distributing,Facebook,Paid Social,Summer Cup 2026,Lime Story C,,2026-07-20,755.66,
2812,Harborline Distributing,Instagram,Paid Social,summer_cupp_26,Carousel B,,2026-07-20,624.46,
2813,Northgate Beverage,IG,PAID_SOCIAL,SC26_Launch,CAROUSEL_B,,2026-07-20,676.33,
2814,Northgate Beverage,GDN,DISPLAY,SC26_Launch,VIDEO_6S_B,,2026-07-20,560.22,
2815,Northgate Beverage,fb_paid,paid_social,SUMMER_CUP_PROMO,BERRY_VIDEO_6S_B,,2026-07-20,1316.70,
2816,Northgate Beverage,GOOGLE,CPC,SUMMER_CUP_PROMO,BRAND_AD,zero sugar soda,2026-07-20,1428.84,
2817,Northgate Beverage,FB,PAID_SOCIAL,SUMMER_CUP_PROMO,LOYALTY_CAROUSEL_C,,2026-07-20,1541.44,
2818,Northgate Beverage,GDN,DISPLAY,SUMMER_CUP_PROMO,VIDEO_15S_B,,2026-07-20,941.46,
2819,Pinecrest Bottling,tt,paidsocial,sc26_q3,awareness_original_video_6s_c,,2026-07-20,623.94,
2820,Pinecrest Bottling,fb,paidsocial,sc26_q3,ginger_carousel_b,,2026-07-20,751.48,
2821,Pinecrest Bottling,google,cpc,sc26_q3,zero_generic_ad,zestify soda,2026-07-20,1945.05,
2822,Pinecrest Bottling,email,email,summer_cup_2026,rt_hero_banner,,2026-07-20,87.42,21854
2823,Pinecrest Bottling,tt,paidsocial,summer_cup_2026,video_15s_a,,2026-07-20,355.00,
2824,Pinecrest Bottling,fb,paidsocial,summer_cup_2026,video_15s_c,,2026-07-20,2030.46,
2825,Redrock Beverage,bing,ppc,sc-26,coupon_rsa_2,zestify soda,2026-07-20,1902.68,
2826,Redrock Beverage,email,email,sc-26,footer_link,,2026-07-20,36.73,9183
2827,Redrock Beverage,meta,social,sc-26,zero_video_6s_c,,2026-07-20,1483.98,
2828,Redrock Beverage,facebook,social,summer-cup-26,lime_video_6s_b,,2026-07-20,1482.28,
2829,Redrock Beverage,tiktok,paid-social,summer-cup-26,zero_video_15s_b,,2026-07-20,1197.72,
2830,Sunvale Drinks,text,sms,summer cupp 2026,cta_button,,2026-07-20,72.84,6070
2831,Sunvale Drinks,sfmc,e-mail,summer_cup_blast,coupon_cta_button,,2026-07-20,63.58,15896
2832,Sunvale Drinks,sms,sms,summer_cup_blast,cta_button,,2026-07-20,93.70,7808
2833,Sunvale Drinks,email,e-mail,summer_cup_blast,loyalty_header_image,,2026-07-20,48.42,12104
2834,Sunvale Drinks,sms,sms,summer_cup_blast,loyalty_hero_banner,,2026-07-20,80.78,6732
2835,Sunvale Drinks,text,sms,summer_cup_newsletter,header_image,,2026-07-20,88.87,7406
2836,Sunvale Drinks,google,cpc,summer_cup_newsletter,loyalty_rsa_1,zestify near me,2026-07-20,307.16,
2837,Harborline Distributing,facebook,Paid Social,Summer Cup 2026,Awareness Reel A,,2026-07-21,1180.58,
2838,Harborline Distributing,Google Display,Display,Summer Cup 2026,Berry Reel A,,2026-07-21,300.13,
2839,Harborline Distributing,google,Paid Search,Summer Cup 2026,Generic Ad,zestify near me,2026-07-21,970.58,
2840,Harborline Distributing,Facebook,paid social,Summer Cup 2026,Story C,,2026-07-21,871.72,
2841,Harborline Distributing,Google Ads,paid search,summer_cupp_26,Recipe Berry Generic Ad,zero sugar soda,2026-07-21,522.59,
2842,Northgate Beverage,EMAIL,EMAIL,DELIVERY_REMINDER,NOTICE_BODY,,2026-07-21,56.93,14233
2843,Northgate Beverage,GOOGLE,CPC,SC26_Launch,COUPON_RSA_2,lemon lime soda,2026-07-21,703.36,
2844,Northgate Beverage,FACEBOOK,PAID_SOCIAL,SUMMER_CUP_PROMO,AWARENESS_STATIC_C,,2026-07-21,712.89,
2845,Northgate Beverage,EMAIL,EMAIL,SUMMER_CUP_PROMO,HERO_BANNER,,2026-07-21,74.77,18692
2846,Northgate Beverage,IG,PAID_SOCIAL,SUMMER_CUP_PROMO,ORIGINAL_CAROUSEL_A,,2026-07-21,1054.93,
2847,Northgate Beverage,FACEBOOK,paid_social,SUMMER_CUP_PROMO,REEL_C,,2026-07-21,1881.48,
2848,Northgate Beverage,GOOGLE,CPC,SUMMER_CUP_PROMO,RSA_1,lemon lime soda,2026-07-21,2502.99,
2849,Northgate Beverage,FB,paid_social,SUMMER_CUP_PROMO,STATIC_A,,2026-07-21,925.92,
2850,Northgate Beverage,FACEBOOK,paid_social,SUMMER_CUP_PROMO,STORY_B,,2026-07-21,404.49,
2851,Pinecrest Bottling,ig,paidsocial,sc_26,loyalty_reel_b,,2026-07-21,786.56,
2852,Pinecrest Bottling,google,cpc,sc_26,loyalty_zero_rsa_2,zestify near me,2026-07-21,807.79,
2853,Pinecrest Bottling,fb,paidsocial,summer_cup_2026,video_15s_a,,2026-07-21,880.74,
2854,Redrock Beverage,email,email,sc-26,cta_button,,2026-07-21,41.27,10317
2855,Redrock Beverage,email,email,sc-26,header_image,,2026-07-21,26.96,6739
2856,Redrock Beverage,bing,ppc,sc-26,original_rsa_1,zestify near me,2026-07-21,930.69,
2857,Redrock Beverage,fb,paid-social,sc-26,reel_a,,2026-07-21,1377.91,
2858,Redrock Beverage,google,ppc,summer-cup-26,awareness_rsa_1,zestify near me,2026-07-21,972.50,
2859,Sunvale Drinks,newsletter,e-mail,receipt,cta_button,,2026-07-21,60.91,15228
2860,Sunvale Drinks,fb,social,summer cupp 2026,berry_story_b,,2026-07-21,599.55,
2861,Sunvale Drinks,sfmc,e-mail,summer cupp 2026,cta_button,,2026-07-21,76.12,19029
2862,Sunvale Drinks,facebook,social,summer cupp 2026,story_c,,2026-07-21,1310.39,
2863,Sunvale Drinks,facebook,social,summer_cup_blast,awareness_story_a,,2026-07-21,753.33,
2864,Sunvale Drinks,fb,social,summer_cup_blast,carousel_b,,2026-07-21,324.96,
2865,Sunvale Drinks,facebook,social,summer_cup_blast,reel_c,,2026-07-21,376.19,
2866,Sunvale Drinks,email,email,summer_cup_blast,rt_header_image,,2026-07-21,156.34,39086
2867,Sunvale Drinks,facebook,social,summer_cup_blast,static_c,,2026-07-21,331.03,
2868,Harborline Distributing,Instagram,Paid Social,Summer Cup 2026,Carousel A,,2026-07-22,385.11,
2869,Harborline Distributing,Email,Email,Summer Cup 2026,Footer Link,,2026-07-22,38.81,9702
2870,Harborline Distributing,google,Paid Search,Summer Cup 2026,Original Rsa 2,lemon lime soda,2026-07-22,385.53,
2871,Harborline Distributing,facebook,Paid Social,Summer Cup 2026,Zero Static A,,2026-07-22,441.30,
2872,Harborline Distributing,Google Ads,paid search,summer-cup-26,Awareness Generic Ad,zestify near me,2026-07-22,926.20,
2873,Harborline Distributing,google,paid search,summer-cup-26,Rsa 1,zestify soda,2026-07-22,513.51,
2874,Harborline Distributing,google,Paid Search,summer_cupp_26,Coupon Zero Generic Ad,zestify soda,2026-07-22,759.73,
2875,Harborline Distributing,Facebook,paid social,summer_cupp_26,Zero Story A,,2026-07-22,1260.10,
2876,Northgate Beverage,ig_paid,PAID_SOCIAL,SC26_Launch,CAROUSEL_B,,2026-07-22,1296.48,
2877,Northgate Beverage,EMAIL,EMAIL,SC26_Promo,HERO_BANNER,,2026-07-22,72.58,18146
2878,Northgate Beverage,GOOGLE,CPC,SC26_Promo,RSA_2,zestify near me,2026-07-22,2226.02,
2879,Northgate Beverage,FACEBOOK,PAID_SOCIAL,SUMMER_CUP_PROMO,AWARENESS_STORY_C,,2026-07-22,740.90,
2880,Pinecrest Bottling,email,email,ord_conf,notice_body,,2026-07-22,76.65,19163
2881,Pinecrest Bottling,tiktok,paidsocial,sc26_q3,carousel_c,,2026-07-22,581.80,
2882,Pinecrest Bottling,fb,paidsocial,sc_26,loyalty_reel_c,,2026-07-22,4527.83,
2883,Pinecrest Bottling,fb,paidsocial,sc_26,reel_c,,2026-07-22,1178.71,
2884,Pinecrest Bottling,google,cpc,summer_cup_2026,rt_rsa_2,zestify soda,2026-07-22,212.38,
2885,Redrock Beverage,email,email,order-receipt,cta_button,,2026-07-22,128.75,32187
2886,Redrock Beverage,bing,ppc,sc-26,awareness_zero_rsa_2,zero sugar soda,2026-07-22,775.67,
2887,Redrock Beverage,tiktok,paid-social,sc-26,berry_reel_c,,2026-07-22,729.73,
2888,Redrock Beverage,bing,ppc,sc-26,rsa_1,zestify near me,2026-07-22,1958.67,
2889,Redrock Beverage,bing,ppc,sc-26,rsa_2,zestify soda,2026-07-22,948.95,
2890,Redrock Beverage,fb,social,sc-26,static_b,,2026-07-22,1087.12,
2891,Redrock Beverage,tiktok,paid-social,sc-26,story_a,,2026-07-22,179.19,
2892,Redrock Beverage,facebook,paid-social,sc-26,video_6s_c,,2026-07-22,556.76,
2893,Sunvale Drinks,sfmc,e-mail,summer cupp 2026,header_image,,2026-07-22,113.93,28482
2894,Sunvale Drinks,fb,social,summer cupp 2026,rt_original_video_15s_a,,2026-07-22,848.58,
2895,Sunvale Drinks,fb,social,summer_cup_blast,carousel_b,,2026-07-22,214.05,
2896,Sunvale Drinks,sfmc,e-mail,summer_cup_blast,coupon_hero_banner,,2026-07-22,109.36,27339
2897,Sunvale Drinks,email,email,summer_cup_blast,footer_link,,2026-07-22,73.78,18445
2898,Sunvale Drinks,facebook,social,summer_cup_blast,lime_video_6s_b,,2026-07-22,516.67,
2899,Sunvale Drinks,facebook,social,summer_cup_blast,lime_video_6s_b,,2026-07-22,516.67,
2900,Sunvale Drinks,text,sms,summer_cup_blast,recipe_header_image,,2026-07-22,21.24,1770
2901,Sunvale Drinks,newsletter,e-mail,summer_cup_newsletter,cta_button,,2026-07-22,52.82,13205
2902,Sunvale Drinks,google,cpc,summer_cup_newsletter,generic_ad,sparkling lime drink,2026-07-22,613.37,
2903,Harborline Distributing,facebook,Paid Social,Summer Cup 2026,Berry Carousel A,,2026-07-23,229.46,
2904,Harborline Distributing,Facebook,paid social,Summer Cup 2026,Berry Reel C,,2026-07-23,996.30,
2905,Harborline Distributing,google,Paid Search,Summer Cup 2026,Generic Ad,sparkling lime drink,2026-07-23,210.15,
2906,Harborline Distributing,Email,Email,Summer Cup 2026,Hero Banner,,2026-07-23,122.31,30577
2907,Harborline Distributing,facebook,Paid Social,Summer Cup 2026,Recipe Lime Video 6S A,,2026-07-23,610.65,
2908,Harborline Distributing,Instagram,Paid Social,summer-cup-26,Coupon Story A,,2026-07-23,880.28,
2909,Harborline Distributing,facebook,paid social,summer-cup-26,Original Video 15S B,,2026-07-23,1614.40,
2910,Harborline Distributing,Facebook,Paid Social,summer_cupp_26,Static A,,2026-07-23,472.73,
2911,Northgate Beverage,GOOGLE,CPC,SC26_Promo,GINGER_RSA_2,sparkling lime drink,2026-07-23,561.27,
2912,Northgate Beverage,ig_paid,PAID_SOCIAL,SC26_Promo,REEL_C,,2026-07-23,518.31,
2913,Northgate Beverage,fb_paid,paid_social,SC26_Promo,ZERO_STATIC_C,,2026-07-23,560.79,
2914,Northgate Beverage,GOOGLE,CPC,SUMMER_CUP_PROMO,AWARENESS_ORIGINAL_BRAND_AD,zestify soda,2026-07-23,623.33,
2915,Northgate Beverage,GOOGLE,CPC,SUMMER_CUP_PROMO,GENERIC_AD,sparkling lime drink,2026-07-23,1232.98,
2916,Northgate Beverage,IG,PAID_SOCIAL,SUMMER_CUP_PROMO,VIDEO_6S_B,,2026-07-23,895.18,
2917,Pinecrest Bottling,fb,paidsocial,sc_26,coupon_reel_c,,2026-07-23,1225.84,
2918,Pinecrest Bottling,tiktok,paidsocial,summer_cup_2026,static_b,,2026-07-23,717.55,
2919,Redrock Beverage,programmatic,display,sc-26,ginger_video_6s_c,,2026-07-23,182.83,
2920,Redrock Beverage,email,email,sc-26,header_image,,2026-07-23,104.02,26004
2921,Redrock Beverage,programmatic,display,sc-26,static_a,,2026-07-23,375.87,
2922,Redrock Beverage,bing,ppc,summer-cup-26,rsa_1,lemon lime soda,2026-07-23,953.97,
2923,Sunvale Drinks,sfmc,e-mail,service_survey,transactional_template,,2026-07-23,143.34,35835
2924,Sunvale Drinks,google,cpc,summer cupp 2026,rsa_1,zestify soda,2026-07-23,263.85,
2925,Sunvale Drinks,newsletter,e-mail,summer_cup_blast,footer_link,,2026-07-23,47.18,11796
2926,Sunvale Drinks,google,cpc,summer_cup_blast,rsa_2,zestify near me,2026-07-23,235.73,
2927,Sunvale Drinks,facebook,social,summer_cup_blast,static_b,,2026-07-23,107.04,
2928,Sunvale Drinks,newsletter,email,summer_cup_newsletter,cta_button,,2026-07-23,58.41,14602
2929,Sunvale Drinks,email,e-mail,summer_cup_newsletter,loyalty_cta_button,,2026-07-23,113.36,28340
2930,Sunvale Drinks,facebook,social,summer_cup_newsletter,recipe_carousel_a,,2026-07-23,396.95,
2931,Sunvale Drinks,sfmc,e-mail,summer_cup_newsletter,rt_header_image,,2026-07-23,147.68,36919
2932,Harborline Distributing,Email,Email,Invoice Ready,Cta Button,,2026-07-24,139.86,34966
2933,Harborline Distributing,Facebook,paid social,Summer Cup 2026,Ginger Carousel B,,2026-07-24,630.38,
2934,Harborline Distributing,google,Paid Search,Summer Cup 2026,Rsa 2,zestify soda,2026-07-24,690.46,
2935,Harborline Distributing,google,Paid Search,Summer Cup 2026,Rsa 2,lemon lime soda,2026-07-24,483.68,
2936,Harborline Distributing,Instagram,Paid Social,Summer Cup 2026,Video 15S B,,2026-07-24,814.30,
2937,Harborline Distributing,Google Ads,paid search,Summer Cup Harbor Days,Rsa 1,sparkling lime drink,2026-07-24,554.32,
2938,Harborline Distributing,Email,Email,summer-cup-26,Coupon Header Image,,2026-07-24,30.84,7709
2939,Harborline Distributing,facebook,Paid Social,summer-cup-26,Story C,,2026-07-24,1356.74,
2940,Harborline Distributing,Facebook,Paid Social,summer-cup-26,Video 15S B,,2026-07-24,879.73,
2941,Harborline Distributing,Instagram,Paid Social,summer_cupp_26,Awareness Video 6S C,,2026-07-24,337.53,
2942,Northgate Beverage,EMAIL,EMAIL,ORDER_CONFIRMATION,NOTICE_BODY,,2026-07-24,105.71,26428
2943,Northgate Beverage,GOOGLE,CPC,SUMMER_CUP_PROMO,AWARENESS_BERRY_RSA_1,sparkling lime drink,2026-07-24,767.71,
2944,Northgate Beverage,fb_paid,paid_social,SUMMER_CUP_PROMO,AWARENESS_STORY_A,,2026-07-24,1460.00,
2945,Northgate Beverage,GOOGLE,CPC,SUMMER_CUP_PROMO,GENERIC_AD,zestify soda,2026-07-24,1060.33,
2946,Northgate Beverage,GDN,DISPLAY,SUMMER_CUP_PROMO,ZERO_VIDEO_15S_C,,2026-07-24,438.42,
2947,Pinecrest Bottling,sms,sms,rte_chg_notice,cta_button,,2026-07-24,38.68,3223
2948,Pinecrest Bottling,google,cpc,sc26_q3,brand_ad,zestify soda,2026-07-24,396.20,
2949,Pinecrest Bottling,ig,paidsocial,sc26_q3,story_c,,2026-07-24,1436.28,
2950,Pinecrest Bottling,google,cpc,sc_26,awareness_brand_ad,zestify soda,2026-07-24,341.83,
2951,Pinecrest Bottling,ig,paidsocial,sc_26,awareness_story_b,,2026-07-24,263.98,
2952,Pinecrest Bottling,tt,paidsocial,sc_26,rt_ginger_carousel_c,,2026-07-24,565.16,
2953,Pinecrest Bottling,ig,paidsocial,sc_26,video_15s_b,,2026-07-24,1448.26,
2954,Pinecrest Bottling,google,cpc,summer_cup_2026,brand_ad,sparkling lime drink,2026-07-24,1588.48,
2955,Pinecrest Bottling,fb,paidsocial,summer_cup_2026,lime_carousel_c,,2026-07-24,1487.74,
2956,Pinecrest Bottling,ig,paidsocial,summer_cup_2026,video_6s_c,,2026-07-24,180.18,
2957,Redrock Beverage,google,ppc,sc-26,brand_ad,zestify near me,2026-07-24,331.26,
2958,Redrock Beverage,google,ppc,sc-26,brand_ad,zestify near me,2026-07-24,331.26,
2959,Redrock Beverage,email,email,sc-26,footer_link,,2026-07-24,51.93,12983
2960,Redrock Beverage,programmatic,display,sc-26,original_reel_b,,2026-07-24,572.67,
2961,Redrock Beverage,fb,social,sc-26,reel_c,,2026-07-24,958.00,
2962,Redrock Beverage,meta,social,sc-26,video_6s_b,,2026-07-24,821.42,
2963,Redrock Beverage,programmatic,display,sc-26,zero_video_6s_a,,2026-07-24,393.54,
2964,Redrock Beverage,facebook,paid-social,summer-cup-26,carousel_c,,2026-07-24,609.34,
2965,Sunvale Drinks,email,e-mail,password_reset,notice_body,,2026-07-24,85.83,21457
2966,Sunvale Drinks,sfmc,email,summer cupp 2026,coupon_cta_button,,2026-07-24,72.79,18197
2967,Sunvale Drinks,email,e-mail,summer cupp 2026,footer_link,,2026-07-24,120.38,30095
2968,Sunvale Drinks,email,e-mail,summer cupp 2026,header_image,,2026-07-24,25.04,6261
2969,Sunvale Drinks,email,e-mail,summer cupp 2026,header_image,,2026-07-24,151.95,37987
2970,Sunvale Drinks,text,sms,summer cupp 2026,hero_banner,,2026-07-24,35.81,2984
2971,Sunvale Drinks,text,sms,summer_cup_blast,cta_button,,2026-07-24,117.19,9766
2972,Sunvale Drinks,email,e-mail,summer_cup_blast,header_image,,2026-07-24,40.35,10087
2973,Sunvale Drinks,fb,social,summer_cup_blast,original_video_15s_c,,2026-07-24,316.69,
2974,Sunvale Drinks,fb,social,summer_cup_newsletter,zero_reel_c,,2026-07-24,762.05,
2975,Harborline Distributing,Facebook,Paid Social,Summer Cup 2026,Coupon Video 6S A,,2026-07-25,294.85,
2976,Harborline Distributing,Email,Email,Summer Cup 2026,Cta Button,,2026-07-25,19.16,4791
2977,Harborline Distributing,Google Ads,paid search,summer_cupp_26,Zero Generic Ad,zero sugar soda,2026-07-25,129.30,
2978,Northgate Beverage,FACEBOOK,paid_social,SC26_Launch,VIDEO_15S_A,,2026-07-25,3623.89,
2979,Northgate Beverage,GDN,DISPLAY,SUMMER_CUP_PROMO,AWARENESS_ORIGINAL_VIDEO_15S_A,,2026-07-25,421.08,
2980,Northgate Beverage,fb_paid,PAID_SOCIAL,SUMMER_CUP_PROMO,LIME_REEL_B,,2026-07-25,525.57,
2981,Northgate Beverage,IG,PAID_SOCIAL,SUMMER_CUP_PROMO,ORIGINAL_STATIC_B,,2026-07-25,1079.61,
2982,Northgate Beverage,GDN,DISPLAY,SUMMER_CUP_PROMO,REEL_B,,2026-07-25,451.76,
2983,Pinecrest Bottling,ig,paidsocial,sc26_q3,loyalty_static_a,,2026-07-25,679.31,
2984,Pinecrest Bottling,tt,paidsocial,sc26_q3,recipe_lime_reel_b,,2026-07-25,670.28,
2985,Pinecrest Bottling,ig,paidsocial,sc_26,video_6s_b,,2026-07-25,723.21,
2986,Pinecrest Bottling,google,cpc,summer_cup_2026,awareness_rsa_1,zestify near me,2026-07-25,997.40,
2987,Pinecrest Bottling,tt,paidsocial,summer_cup_2026,zero_story_a,,2026-07-25,738.08,
2988,Redrock Beverage,bing,ppc,sc-26,loyalty_lime_rsa_1,zestify soda,2026-07-25,403.28,
2989,Redrock Beverage,bing,ppc,sc-26,recipe_zero_generic_ad,zestify near me,2026-07-25,341.30,
2990,Redrock Beverage,bing,ppc,sc-26,rsa_1,lemon lime soda,2026-07-25,1887.24,
2991,Redrock Beverage,google,ppc,sc-26,rsa_2,zestify near me,2026-07-25,378.60,
2992,Redrock Beverage,fb,paid-social,sc-26,video_15s_c,,2026-07-25,2054.34,
2993,Redrock Beverage,bing,ppc,sc-26,zero_rsa_1,lemon lime soda,2026-07-25,424.63,
2994,Redrock Beverage,google,ppc,summer-cup-26,rsa_1,zestify soda,2026-07-25,2348.13,
2995,Sunvale Drinks,email,email,summer cupp 2026,coupon_header_image,,2026-07-25,114.33,28582
2996,Sunvale Drinks,google,cpc,summer cupp 2026,rsa_1,sparkling lime drink,2026-07-25,751.41,
2997,Sunvale Drinks,fb,social,summer cupp 2026,static_c,,2026-07-25,230.02,
2998,Sunvale Drinks,google,cpc,summer_cup_blast,berry_generic_ad,sparkling lime drink,2026-07-25,931.87,
2999,Sunvale Drinks,email,email,summer_cup_blast,footer_link,,2026-07-25,63.06,15765
3000,Sunvale Drinks,email,e-mail,summer_cup_blast,footer_link,,2026-07-25,48.26,12064
3001,Sunvale Drinks,email,email,summer_cup_blast,header_image,,2026-07-25,124.04,31011
3002,Harborline Distributing,Facebook,Paid Social,Summer Cup 2026,Carousel A,,2026-07-26,341.15,
3003,Harborline Distributing,Facebook,Paid Social,Summer Cup 2026,Video 6S C,,2026-07-26,288.75,
3004,Harborline Distributing,Google Ads,paid search,summer-cup-26,Rsa 2,lemon lime soda,2026-07-26,147.05,
3005,Harborline Distributing,Email,Email,summer_cupp_26,Footer Link,,2026-07-26,62.49,15623
3006,Harborline Distributing,Facebook,paid social,summer_cupp_26,Recipe Carousel C,,2026-07-26,132.30,
3007,Harborline Distributing,Google Ads,Paid Search,summer_cupp_26,Zero Brand Ad,sparkling lime drink,2026-07-26,214.14,
3008,Northgate Beverage,GOOGLE,CPC,SC26_Promo,GENERIC_AD,zero sugar soda,2026-07-26,1131.34,
3009,Northgate Beverage,fb_paid,paid_social,SC26_Promo,REEL_C,,2026-07-26,714.71,
3010,Northgate Beverage,GOOGLE,CPC,SC26_Promo,RSA_2,zestify near me,2026-07-26,1637.60,
3011,Northgate Beverage,IG,PAID_SOCIAL,SC26_Promo,VIDEO_6S_C,,2026-07-26,295.80,
3012,Northgate Beverage,IG,PAID_SOCIAL,SC26_Promo,VIDEO_6S_C,,2026-07-26,295.80,
3013,Northgate Beverage,GOOGLE,CPC,SUMMER_CUP_PROMO,RSA_2,zestify near me,2026-07-26,472.05,
3014,Northgate Beverage,IG,PAID_SOCIAL,SUMMER_CUP_PROMO,VIDEO_15S_A,,2026-07-26,390.55,
3015,Northgate Beverage,FB,paid_social,SUMMER_CUP_PROMO,VIDEO_15S_B,,2026-07-26,797.72,
3016,Northgate Beverage,IG,PAID_SOCIAL,SUMMER_CUP_PROMO,VIDEO_6S_C,,2026-07-26,203.06,
3017,Pinecrest Bottling,fb,paidsocial,sc_26,story_c,,2026-07-26,513.38,
3018,Pinecrest Bottling,tt,paidsocial,sc_26,zero_video_15s_c,,2026-07-26,540.03,
3019,Pinecrest Bottling,tiktok,paidsocial,summer_cup_2026,reel_a,,2026-07-26,273.57,
3020,Pinecrest Bottling,tt,paidsocial,summer_cup_2026,static_b,,2026-07-26,664.81,
3021,Redrock Beverage,bing,ppc,sc-26,generic_ad,sparkling lime drink,2026-07-26,2731.14,
3022,Redrock Beverage,google,ppc,sc-26,rsa_2,zestify near me,2026-07-26,838.50,
3023,Redrock Beverage,fb,social,sc-26,rt_video_6s_c,,2026-07-26,3089.50,
3024,Redrock Beverage,tiktok,paid-social,sc-26,story_c,,2026-07-26,211.33,
3025,Redrock Beverage,google,ppc,summer-cup-26,ginger_rsa_2,zestify near me,2026-07-26,405.12,
3026,Redrock Beverage,meta,paid-social,summer-cup-26,recipe_static_a,,2026-07-26,648.07,
3027,Sunvale Drinks,text,sms,delivery_window_reminder,transactional_template,,2026-07-26,52.75,4396
3028,Sunvale Drinks,email,email,summer cupp 2026,loyalty_hero_banner,,2026-07-26,142.15,35538
3029,Sunvale Drinks,fb,social,summer cupp 2026,story_c,,2026-07-26,1130.60,
3030,Sunvale Drinks,newsletter,email,summer_cup_blast,awareness_header_image,,2026-07-26,96.58,24146
3031,Sunvale Drinks,sms,sms,summer_cup_blast,coupon_cta_button,,2026-07-26,99.80,8317
3032,Harborline Distributing,Google Display,Display,Summer Cup 2026,Berry Reel A,,2026-07-27,390.90,
3033,Harborline Distributing,facebook,Paid Social,Summer Cup 2026,Carousel A,,2026-07-27,788.33,
3034,Harborline Distributing,Email,Email,Summer Cup 2026,Hero Banner,,2026-07-27,102.29,25572
3035,Harborline Distributing,facebook,Paid Social,Summer Cup 2026,Lime Story C,,2026-07-27,1153.76,
3036,Harborline Distributing,google,paid search,summer-cup-26,Awareness Generic Ad,zestify near me,2026-07-27,817.82,
3037,Harborline Distributing,google,Paid Search,summer_cupp_26,Coupon Zero Generic Ad,sparkling lime drink,2026-07-27,1133.72,
3038,Harborline Distributing,facebook,Paid Social,summer_cupp_26,Static A,,2026-07-27,611.46,
3039,Harborline Distributing,Google Ads,Paid Search,summer_cupp_26,Zero Brand Ad,lemon lime soda,2026-07-27,370.46,
3040,Harborline Distributing,Google Ads,paid search,summer_cupp_26,Zero Generic Ad,lemon lime soda,2026-07-27,259.78,
3041,Northgate Beverage,GDN,DISPLAY,SC26_Promo,COUPON_GINGER_CAROUSEL_B,,2026-07-27,286.23,
3042,Northgate Beverage,fb_paid,PAID_SOCIAL,SC26_Promo,REEL_C,,2026-07-27,837.29,
3043,Northgate Beverage,IG,PAID_SOCIAL,SC26_Promo,VIDEO_6S_C,,2026-07-27,431.55,
3044,Northgate Beverage,fb_paid,paid_social,SUMMER_CUP_PROMO,BERRY_VIDEO_6S_B,,2026-07-27,1624.92,
3045,Northgate Beverage,fb_paid,paid_social,SUMMER_CUP_PROMO,BERRY_VIDEO_6S_B,,2026-07-27,1624.92,
3046,Northgate Beverage,GOOGLE,CPC,SUMMER_CUP_PROMO,RSA_2,lemon lime soda,2026-07-27,552.97,
3047,Pinecrest Bottling,google,cpc,sc26_q3,brand_ad,sparkling lime drink,2026-07-27,897.01,
3048,Pinecrest Bottling,fb,paidsocial,summer_cup_2026,rt_ginger_video_15s_c,,2026-07-27,762.90,
3049,Pinecrest Bottling,google,cpc,summer_cup_2026,rt_rsa_2,lemon lime soda,2026-07-27,258.45,
3050,Pinecrest Bottling,tt,paidsocial,summer_cup_2026,static_b,,2026-07-27,844.03,
3051,Pinecrest Bottling,ig,paidsocial,summer_cup_2026,video_6s_c,,2026-07-27,149.84,
3052,Redrock Beverage,email,email,sc-26,cta_button,,2026-07-27,109.88,27471
3053,Redrock Beverage,meta,social,sc-26,reel_a,,2026-07-27,1307.34,
3054,Redrock Beverage,programmatic,display,sc-26,static_a,,2026-07-27,568.45,
3055,Redrock Beverage,facebook,social,sc-26,video_15s_c,,2026-07-27,1301.00,
3056,Redrock Beverage,facebook,social,sc-26,video_6s_b,,2026-07-27,531.84,
3057,Redrock Beverage,meta,paid-social,sc-26,video_6s_c,,2026-07-27,429.34,
3058,Redrock Beverage,fb,social,sc-26,zero_video_6s_c,,2026-07-27,1850.11,
3059,Redrock Beverage,google,ppc,summer-cup-26,rsa_1,zero sugar soda,2026-07-27,989.06,
3060,Sunvale Drinks,newsletter,email,receipt,cta_button,,2026-07-27,139.60,34899
3061,Sunvale Drinks,fb,social,summer cupp 2026,berry_story_b,,2026-07-27,580.75,
3062,Sunvale Drinks,email,e-mail,summer cupp 2026,coupon_cta_button,,2026-07-27,54.18,13546
3063,Sunvale Drinks,newsletter,email,summer cupp 2026,cta_button,,2026-07-27,133.36,33340
3064,Sunvale Drinks,text,sms,summer cupp 2026,hero_banner,,2026-07-27,115.73,9644
3065,Sunvale Drinks,email,email,summer cupp 2026,loyalty_hero_banner,,2026-07-27,79.33,19832
3066,Sunvale Drinks,facebook,social,summer cupp 2026,story_c,,2026-07-27,1139.56,
3067,Sunvale Drinks,facebook,social,summer_cup_blast,carousel_b,,2026-07-27,219.22,
3068,Sunvale Drinks,fb,social,summer_cup_newsletter,recipe_carousel_a,,2026-07-27,399.00,
3069,Harborline Distributing,facebook,Paid Social,Summer Cup 2026,Awareness Reel A,,2026-07-28,677.91,
3070,Harborline Distributing,Instagram,Paid Social,Summer Cup 2026,Carousel A,,2026-07-28,309.18,
3071,Harborline Distributing,facebook,Paid Social,Summer Cup 2026,Static C,,2026-07-28,751.21,
3072,Harborline Distributing,facebook,Paid Social,summer-cup-26,Video 15S B,,2026-07-28,396.28,
3073,Harborline Distributing,Facebook,Paid Social,summer_cupp_26,Video 6S B,,2026-07-28,540.23,
3074,Northgate Beverage,GOOGLE,CPC,SC26_Promo,GINGER_RSA_2,zero sugar soda,2026-07-28,606.55,
3075,Northgate Beverage,GOOGLE,CPC,SC26_Promo,RSA_2,sparkling lime drink,2026-07-28,1630.09,
3076,Northgate Beverage,fb_paid,PAID_SOCIAL,SUMMER_CUP_PROMO,AWARENESS_STATIC_C,,2026-07-28,1179.30,
3077,Northgate Beverage,FB,paid_social,SUMMER_CUP_PROMO,AWARENESS_STORY_A,,2026-07-28,653.22,
3078,Northgate Beverage,IG,PAID_SOCIAL,SUMMER_CUP_PROMO,REEL_B,,2026-07-28,570.94,
3079,Pinecrest Bottling,tiktok,paidsocial,sc26_q3,carousel_c,,2026-07-28,1107.48,
3080,Pinecrest Bottling,google,cpc,sc_26,awareness_brand_ad,zero sugar soda,2026-07-28,471.31,
3081,Pinecrest Bottling,tt,paidsocial,sc_26,zero_video_15s_c,,2026-07-28,452.82,
3082,Pinecrest Bottling,google,cpc,summer_cup_2026,awareness_rsa_1,zestify soda,2026-07-28,1295.67,
3083,Pinecrest Bottling,fb,paidsocial,summer_cup_2026,lime_carousel_c,,2026-07-28,874.60,
3084,Redrock Beverage,email,email,order-receipt,cta_button,,2026-07-28,82.82,20705
3085,Redrock Beverage,bing,ppc,sc-26,awareness_zero_rsa_2,zero sugar soda,2026-07-28,848.15,
3086,Redrock Beverage,google,ppc,sc-26,generic_ad,sparkling lime drink,2026-07-28,2460.44,
3087,Redrock Beverage,email,email,sc-26,header_image,,2026-07-28,101.74,25434
3088,Redrock Beverage,google,ppc,sc-26,rsa_1,sparkling lime drink,2026-07-28,1507.10,
3089,Redrock Beverage,bing,ppc,sc-26,rsa_2,zestify soda,2026-07-28,355.70,
3090,Redrock Beverage,google,ppc,sc-26,rsa_2,zero sugar soda,2026-07-28,1272.19,
3091,Redrock Beverage,tiktok,paid-social,sc-26,story_a,,2026-07-28,145.42,
3092,Redrock Beverage,bing,ppc,sc-26,zero_rsa_1,sparkling lime drink,2026-07-28,425.11,
3093,Redrock Beverage,meta,paid-social,summer-cup-26,lime_video_6s_b,,2026-07-28,1598.78,
3094,Sunvale Drinks,email,email,service_survey,transactional_template,,2026-07-28,39.80,9949
3095,Sunvale Drinks,newsletter,e-mail,summer cupp 2026,footer_link,,2026-07-28,96.07,24018
3096,Sunvale Drinks,google,cpc,summer cupp 2026,rsa_1,zestify soda,2026-07-28,568.23,
3097,Sunvale Drinks,fb,social,summer cupp 2026,story_c,,2026-07-28,1367.10,
3098,Sunvale Drinks,sfmc,email,summer_cup_blast,awareness_header_image,,2026-07-28,57.64,14410
3099,Sunvale Drinks,facebook,social,summer_cup_blast,awareness_story_a,,2026-07-28,1151.31,
3100,Sunvale Drinks,email,email,summer_cup_blast,footer_link,,2026-07-28,52.41,13102
3101,Sunvale Drinks,facebook,social,summer_cup_newsletter,zero_reel_c,,2026-07-28,943.81,
3102,Harborline Distributing,Email,Email,Summer Cup 2026,Footer Link,,2026-07-29,132.56,33139
3103,Harborline Distributing,Google Ads,Paid Search,Summer Cup 2026,Generic Ad,sparkling lime drink,2026-07-29,198.16,
3104,Harborline Distributing,Google Ads,paid search,Summer Cup 2026,Generic Ad,zero sugar soda,2026-07-29,519.65,
3105,Harborline Distributing,google,paid search,Summer Cup 2026,Original Rsa 2,zestify near me,2026-07-29,338.34,
3106,Harborline Distributing,Google Ads,paid search,Summer Cup 2026,Rsa 2,sparkling lime drink,2026-07-29,882.59,
3107,Harborline Distributing,Email,Email,summer_cupp_26,Footer Link,,2026-07-29,131.39,32847
3108,Harborline Distributing,Facebook,Paid Social,summer_cupp_26,Recipe Carousel C,,2026-07-29,296.20,
3109,Harborline Distributing,facebook,Paid Social,summer_cupp_26,Zero Story A,,2026-07-29,738.42,
3110,Northgate Beverage,EMAIL,EMAIL,SC26_Promo,HERO_BANNER,,2026-07-29,19.80,4950
3111,Northgate Beverage,IG,PAID_SOCIAL,SC26_Promo,LOYALTY_VIDEO_15S_B,,2026-07-29,226.43,
3112,Northgate Beverage,ig_paid,PAID_SOCIAL,SC26_Promo,REEL_C,,2026-07-29,516.24,
3113,Northgate Beverage,GOOGLE,CPC,SUMMER_CUP_PROMO,AWARENESS_BERRY_RSA_1,zestify soda,2026-07-29,583.48,
3114,Northgate Beverage,GOOGLE,CPC,SUMMER_CUP_PROMO,AWARENESS_ORIGINAL_BRAND_AD,zero sugar soda,2026-07-29,442.08,
3115,Northgate Beverage,GDN,DISPLAY,SUMMER_CUP_PROMO,AWARENESS_ORIGINAL_VIDEO_15S_A,,2026-07-29,454.36,
3116,Northgate Beverage,GOOGLE,CPC,SUMMER_CUP_PROMO,GENERIC_AD,zestify near me,2026-07-29,958.25,
3117,Northgate Beverage,FACEBOOK,PAID_SOCIAL,SUMMER_CUP_PROMO,LIME_REEL_B,,2026-07-29,381.95,
3118,Northgate Beverage,FB,paid_social,SUMMER_CUP_PROMO,LOYALTY_CAROUSEL_C,,2026-07-29,1507.60,
3119,Northgate Beverage,ig_paid,PAID_SOCIAL,SUMMER_CUP_PROMO,VIDEO_6S_C,,2026-07-29,130.37,
3120,Pinecrest Bottling,sms,sms,rte_chg_notice,cta_button,,2026-07-29,52.96,4413
3121,Pinecrest Bottling,fb,paidsocial,sc26_q3,ginger_carousel_b,,2026-07-29,1061.80,
3122,Pinecrest Bottling,fb,paidsocial,sc_26,loyalty_reel_c,,2026-07-29,3557.12,
3123,Pinecrest Bottling,fb,paidsocial,sc_26,reel_c,,2026-07-29,2078.16,
3124,Pinecrest Bottling,ig,paidsocial,sc_26,video_6s_b,,2026-07-29,720.39,
3125,Pinecrest Bottling,tiktok,paidsocial,summer_cup_2026,reel_a,,2026-07-29,684.48,
3126,Pinecrest Bottling,fb,paidsocial,summer_cup_2026,video_15s_a,,2026-07-29,578.42,
3127,Redrock Beverage,tiktok,paid-social,sc-26,berry_reel_c,,2026-07-29,866.97,
3128,Redrock Beverage,google,ppc,sc-26,brand_ad,zestify soda,2026-07-29,646.24,
3129,Redrock Beverage,programmatic,display,sc-26,ginger_video_6s_c,,2026-07-29,435.56,
3130,Redrock Beverage,google,ppc,sc-26,rsa_1,zestify soda,2026-07-29,1422.19,
3131,Redrock Beverage,fb,paid-social,sc-26,rt_video_6s_c,,2026-07-29,4826.89,
3132,Redrock Beverage,fb,social,sc-26,video_15s_c,,2026-07-29,660.00,
3133,Redrock Beverage,facebook,social,summer-cup-26,carousel_c,,2026-07-29,893.33,
3134,Redrock Beverage,google,ppc,summer-cup-26,ginger_rsa_2,zero sugar soda,2026-07-29,537.95,
3135,Sunvale Drinks,email,e-mail,order_confirmation,notice_body,,2026-07-29,110.77,27693
3136,Sunvale Drinks,newsletter,e-mail,route_change_notice,notice_body,,2026-07-29,129.12,32280
3137,Sunvale Drinks,email,email,summer cupp 2026,header_image,,2026-07-29,154.53,38633
3138,Sunvale Drinks,sms,sms,summer_cup_blast,cta_button,,2026-07-29,25.88,2157
3139,Sunvale Drinks,email,email,summer_cup_blast,footer_link,,2026-07-29,105.28,26320
3140,Sunvale Drinks,newsletter,e-mail,summer_cup_blast,header_image,,2026-07-29,138.27,34567
3141,Sunvale Drinks,sms,sms,summer_cup_blast,header_image,,2026-07-29,126.06,10505
3142,Sunvale Drinks,newsletter,email,summer_cup_blast,loyalty_header_image,,2026-07-29,142.74,35686
3143,Sunvale Drinks,sms,sms,summer_cup_blast,loyalty_hero_banner,,2026-07-29,36.52,3043
3144,Sunvale Drinks,fb,social,summer_cup_blast,static_c,,2026-07-29,362.42,
3145,Sunvale Drinks,newsletter,e-mail,summer_cup_newsletter,cta_button,,2026-07-29,64.43,16107
3146,Sunvale Drinks,google,cpc,summer_cup_newsletter,generic_ad,lemon lime soda,2026-07-29,522.56,
3147,Sunvale Drinks,google,cpc,summer_cup_newsletter,loyalty_rsa_1,sparkling lime drink,2026-07-29,233.41,
3148,Sunvale Drinks,email,e-mail,summer_cup_newsletter,rt_header_image,,2026-07-29,79.98,19996
3149,Harborline Distributing,google,Paid Search,Summer Cup 2026,Brand Ad,zestify soda,2026-07-30,529.11,
3150,Harborline Distributing,facebook,paid social,Summer Cup 2026,Coupon Video 6S A,,2026-07-30,405.96,
3151,Harborline Distributing,Email,Email,Summer Cup 2026,Cta Button,,2026-07-30,79.97,19992
3152,Harborline Distributing,Google Display,Display,summer-cup-26,Carousel C,,2026-07-30,276.05,
3153,Harborline Distributing,Facebook,paid social,summer_cupp_26,Story A,,2026-07-30,1666.40,
3154,Northgate Beverage,ig_paid,PAID_SOCIAL,SC26_Launch,CAROUSEL_B,,2026-07-30,3041.51,
3155,Northgate Beverage,GOOGLE,CPC,SC26_Promo,RSA_2,sparkling lime drink,2026-07-30,1329.18,
3156,Northgate Beverage,fb_paid,paid_social,SC26_Promo,ZERO_STATIC_C,,2026-07-30,760.33,
3157,Northgate Beverage,GOOGLE,CPC,SUMMER_CUP_PROMO,BRAND_AD,sparkling lime drink,2026-07-30,1454.55,
3158,Northgate Beverage,GOOGLE,CPC,SUMMER_CUP_PROMO,GENERIC_AD,lemon lime soda,2026-07-30,1243.64,
3159,Northgate Beverage,fb_paid,PAID_SOCIAL,SUMMER_CUP_PROMO,STORY_B,,2026-07-30,674.87,
3160,Northgate Beverage,GDN,DISPLAY,SUMMER_CUP_PROMO,VIDEO_15S_B,,2026-07-30,1021.21,
3161,Northgate Beverage,ig_paid,PAID_SOCIAL,SUMMER_CUP_PROMO,VIDEO_6S_B,,2026-07-30,548.46,
3162,Northgate Beverage,GDN,DISPLAY,SUMMER_CUP_PROMO,ZERO_VIDEO_15S_C,,2026-07-30,372.05,
3163,Pinecrest Bottling,google,cpc,summer_cup_2026,brand_ad,lemon lime soda,2026-07-30,1639.59,
3164,Pinecrest Bottling,email,email,summer_cup_2026,hero_banner,,2026-07-30,30.14,7536
3165,Pinecrest Bottling,tt,paidsocial,summer_cup_2026,zero_story_a,,2026-07-30,574.99,
3166,Redrock Beverage,bing,ppc,sc-26,loyalty_lime_rsa_1,sparkling lime drink,2026-07-30,537.53,
3167,Redrock Beverage,bing,ppc,sc-26,recipe_zero_generic_ad,zestify near me,2026-07-30,302.29,
3168,Redrock Beverage,tiktok,paid-social,sc-26,story_c,,2026-07-30,223.70,
3169,Redrock Beverage,programmatic,display,sc-26,zero_video_6s_a,,2026-07-30,208.47,
3170,Redrock Beverage,bing,ppc,summer-cup-26,rsa_1,zestify near me,2026-07-30,2561.17,
3171,Sunvale Drinks,sms,sms,delivery_window_reminder,transactional_template,,2026-07-30,122.21,10184
3172,Sunvale Drinks,newsletter,email,password_reset,notice_body,,2026-07-30,138.19,34547
3173,Sunvale Drinks,fb,social,summer cupp 2026,static_c,,2026-07-30,479.21,
3174,Sunvale Drinks,email,email,summer_cup_blast,coupon_cta_button,,2026-07-30,20.60,5149
3175,Sunvale Drinks,newsletter,e-mail,summer_cup_blast,coupon_hero_banner,,2026-07-30,120.63,30158
3176,Sunvale Drinks,sms,sms,summer_cup_newsletter,header_image,,2026-07-30,41.05,3421
3177,Harborline Distributing,Facebook,paid social,Summer Cup 2026,Recipe Lime Video 6S A,,2026-07-31,744.80,
3178,Harborline Distributing,google,paid search,summer-cup-26,Lime Generic Ad,lemon lime soda,2026-07-31,1168.83,
3179,Harborline Distributing,Instagram,Paid Social,summer_cupp_26,Carousel B,,2026-07-31,321.54,
3180,Northgate Beverage,EMAIL,EMAIL,DELIVERY_REMINDER,NOTICE_BODY,,2026-07-31,131.27,32818
3181,Northgate Beverage,EMAIL,EMAIL,ORDER_CONFIRMATION,NOTICE_BODY,,2026-07-31,61.21,15303
3182,Northgate Beverage,fb_paid,paid_social,SC26_Launch,VIDEO_15S_A,,2026-07-31,3281.85,
3183,Northgate Beverage,EMAIL,EMAIL,SUMMER_CUP_PROMO,HERO_BANNER,,2026-07-31,68.14,17034
3184,Northgate Beverage,GDN,DISPLAY,SUMMER_CUP_PROMO,REEL_B,,2026-07-31,212.06,
3185,Northgate Beverage,FACEBOOK,paid_social,SUMMER_CUP_PROMO,REEL_C,,2026-07-31,1017.39,
3186,Northgate Beverage,FB,PAID_SOCIAL,SUMMER_CUP_PROMO,STATIC_A,,2026-07-31,1101.15,
3187,Northgate Beverage,ig_paid,PAID_SOCIAL,SUMMER_CUP_PROMO,VIDEO_15S_A,,2026-07-31,671.67,
3188,Northgate Beverage,fb_paid,PAID_SOCIAL,SUMMER_CUP_PROMO,VIDEO_15S_B,,2026-07-31,487.50,
3189,Pinecrest Bottling,fb,paidsocial,sc_26,coupon_reel_c,,2026-07-31,2048.91,
3190,Pinecrest Bottling,ig,paidsocial,sc_26,video_15s_b,,2026-07-31,1564.11,
3191,Pinecrest Bottling,tt,paidsocial,summer_cup_2026,reel_c,,2026-07-31,551.20,
3192,Pinecrest Bottling,fb,paidsocial,summer_cup_2026,video_15s_c,,2026-07-31,1804.19,
3193,Redrock Beverage,email,email,sc-26,footer_link,,2026-07-31,134.64,33660
3194,Redrock Beverage,programmatic,display,sc-26,original_reel_b,,2026-07-31,616.02,
3195,Redrock Beverage,fb,paid-social,sc-26,static_b,,2026-07-31,1095.02,
3196,Redrock Beverage,programmatic,display,sc-26,zero_video_6s_a,,2026-07-31,144.92,
3197,Redrock Beverage,tiktok,paid-social,summer-cup-26,zero_video_15s_b,,2026-07-31,1455.77,
3198,Sunvale Drinks,google,cpc,summer cupp 2026,rsa_1,sparkling lime drink,2026-07-31,175.96,
3199,Sunvale Drinks,google,cpc,summer cupp 2026,rsa_1,sparkling lime drink,2026-07-31,175.96,
3200,Sunvale Drinks,text,sms,summer_cup_blast,coupon_cta_button,,2026-07-31,53.72,4477
3201,Sunvale Drinks,sfmc,email,summer_cup_blast,header_image,,2026-07-31,36.11,9028
3202,Sunvale Drinks,facebook,social,summer_cup_blast,lime_video_6s_b,,2026-07-31,420.23,
3203,Sunvale Drinks,facebook,social,summer_cup_blast,original_video_15s_c,,2026-07-31,553.00,
3204,Sunvale Drinks,email,email,summer_cup_blast,rt_header_image,,2026-07-31,112.66,28165
3205,Sunvale Drinks,email,email,summer_cup_newsletter,cta_button,,2026-07-31,27.64,6909
3206,Harborline Distributing,Email,Email,Delivery Reminder,Notice Body,,2026-08-01,78.41,19602
3207,Harborline Distributing,Google Ads,Paid Search,Summer Cup 2026,Rsa 2,zestify near me,2026-08-01,543.05,
3208,Harborline Distributing,Instagram,Paid Social,Summer Cup 2026,Video 15S B,,2026-08-01,421.15,
3209,Harborline Distributing,Instagram,Paid Social,summer-cup-26,Coupon Story A,,2026-08-01,1005.44,
3210,Harborline Distributing,facebook,Paid Social,summer-cup-26,Reel A,,2026-08-01,839.15,
3211,Harborline Distributing,Google Ads,paid search,summer-cup-26,Rsa 1,zestify soda,2026-08-01,634.78,
3212,Harborline Distributing,Google Ads,Paid Search,summer-cup-26,Rsa 2,lemon lime soda,2026-08-01,323.13,
3213,Harborline Distributing,Facebook,paid social,summer-cup-26,Story C,,2026-08-01,1092.88,
3214,Harborline Distributing,google,paid search,summer_cupp_26,Recipe Berry Generic Ad,zestify soda,2026-08-01,1220.01,
3215,Northgate Beverage,IG,PAID_SOCIAL,SC26_Promo,ZERO_REEL_B,,2026-08-01,625.65,
3216,Northgate Beverage,FB,PAID_SOCIAL,SUMMER_CUP_PROMO,AWARENESS_STORY_C,,2026-08-01,994.73,
3217,Northgate Beverage,IG,PAID_SOCIAL,SUMMER_CUP_PROMO,ORIGINAL_CAROUSEL_A,,2026-08-01,660.28,
3218,Northgate Beverage,GOOGLE,CPC,SUMMER_CUP_PROMO,RSA_1,zestify near me,2026-08-01,2686.92,
3219,Northgate Beverage,GOOGLE,CPC,SUMMER_CUP_PROMO,RSA_2,sparkling lime drink,2026-08-01,616.71,
3220,Pinecrest Bottling,email,email,ord_conf,notice_body,,2026-08-01,107.90,26976
3221,Pinecrest Bottling,tiktok,paidsocial,sc26_q3,awareness_original_video_6s_c,,2026-08-01,675.95,
3222,Pinecrest Bottling,ig,paidsocial,sc26_q3,story_c,,2026-08-01,973.78,
3223,Pinecrest Bottling,fb,paidsocial,sc_26,story_c,,2026-08-01,651.20,
3224,Pinecrest Bottling,email,email,summer_cup_2026,rt_hero_banner,,2026-08-01,28.09,7022
3225,Pinecrest Bottling,tiktok,paidsocial,summer_cup_2026,static_b,,2026-08-01,1321.21,
3226,Redrock Beverage,facebook,paid-social,sc-26,reel_c,,2026-08-01,900.02,
3227,Redrock Beverage,google,ppc,sc-26,rsa_2,zestify soda,2026-08-01,641.79,
3228,Redrock Beverage,bing,ppc,summer-cup-26,awareness_rsa_1,sparkling lime drink,2026-08-01,825.18,
3229,Redrock Beverage,meta,social,summer-cup-26,recipe_static_a,,2026-08-01,612.00,
3230,Sunvale Drinks,email,email,summer cupp 2026,coupon_header_image,,2026-08-01,147.37,36842
3231,Sunvale Drinks,fb,social,summer cupp 2026,ginger_story_a,,2026-08-01,447.36,
3232,Sunvale Drinks,newsletter,email,summer cupp 2026,header_image,,2026-08-01,44.90,11224
3233,Sunvale Drinks,facebook,social,summer cupp 2026,rt_original_video_15s_a,,2026-08-01,1477.32,
3234,Sunvale Drinks,fb,social,summer_cup_blast,carousel_b,,2026-08-01,399.53,
3235,Sunvale Drinks,email,email,summer_cup_blast,footer_link,,2026-08-01,36.74,9186
3236,Sunvale Drinks,text,sms,summer_cup_blast,recipe_header_image,,2026-08-01,46.20,3850
3237,Sunvale Drinks,newsletter,e-mail,summer_cup_newsletter,loyalty_cta_button,,2026-08-01,41.85,10462
3238,Harborline Distributing,facebook,Paid Social,Summer Cup 2026,Berry Carousel A,,2026-08-02,146.45,
3239,Harborline Distributing,facebook,Paid Social,Summer Cup 2026,Berry Reel C,,2026-08-02,1403.64,
3240,Harborline Distributing,Facebook,Paid Social,Summer Cup 2026,Ginger Carousel B,,2026-08-02,354.28,
3241,Harborline Distributing,facebook,paid social,Summer Cup 2026,Story C,,2026-08-02,854.17,
3242,Harborline Distributing,Facebook,paid social,Summer Cup 2026,Video 6S C,,2026-08-02,233.72,
3243,Harborline Distributing,facebook,Paid Social,Summer Cup 2026,Zero Static A,,2026-08-02,315.57,
3244,Harborline Distributing,Email,Email,summer-cup-26,Coupon Header Image,,2026-08-02,30.57,7643
3245,Harborline Distributing,facebook,paid social,summer-cup-26,Original Video 15S B,,2026-08-02,1689.70,
3246,Harborline Distributing,Instagram,Paid Social,summer_cupp_26,Awareness Video 6S C,,2026-08-02,301.90,
3247,Northgate Beverage,GOOGLE,CPC,SC26_Launch,COUPON_RSA_2,sparkling lime drink,2026-08-02,448.30,
3248,Northgate Beverage,GDN,DISPLAY,SC26_Launch,VIDEO_6S_B,,2026-08-02,334.68,
3249,Northgate Beverage,GOOGLE,CPC,SC26_Promo,GENERIC_AD,zestify near me,2026-08-02,1191.58,
3250,Northgate Beverage,ig_paid,PAID_SOCIAL,SUMMER_CUP_PROMO,BERRY_VIDEO_15S_A,,2026-08-02,1962.86,
3251,Northgate Beverage,ig_paid,PAID_SOCIAL,SUMMER_CUP_PROMO,ORIGINAL_STATIC_B,,2026-08-02,700.54,
3252,Pinecrest Bottling,ig,paidsocial,sc26_q3,loyalty_static_a,,2026-08-02,417.63,
3253,Pinecrest Bottling,tt,paidsocial,sc26_q3,recipe_lime_reel_b,,2026-08-02,746.39,
3254,Pinecrest Bottling,ig,paidsocial,sc26_q3,story_c,,2026-08-02,915.74,
3255,Pinecrest Bottling,google,cpc,sc26_q3,zero_generic_ad,lemon lime soda,2026-08-02,1314.04,
3256,Pinecrest Bottling,ig,paidsocial,sc_26,awareness_story_b,,2026-08-02,439.41,
3257,Pinecrest Bottling,ig,paidsocial,sc_26,loyalty_reel_b,,2026-08-02,2016.46,
3258,Pinecrest Bottling,google,cpc,sc_26,loyalty_zero_rsa_2,zestify soda,2026-08-02,1004.26,
3259,Pinecrest Bottling,tiktok,paidsocial,sc_26,rt_ginger_carousel_c,,2026-08-02,308.17,
3260,Pinecrest Bottling,tt,paidsocial,summer_cup_2026,video_15s_a,,2026-08-02,232.51,
3261,Redrock Beverage,bing,ppc,sc-26,coupon_rsa_2,sparkling lime drink,2026-08-02,1985.05,
3262,Redrock Beverage,email,email,sc-26,footer_link,,2026-08-02,22.34,5586
3263,Redrock Beverage,email,email,sc-26,header_image,,2026-08-02,159.51,39877
3264,Redrock Beverage,email,email,sc-26,hero_banner,,2026-08-02,44.02,11006
3265,Redrock Beverage,google,ppc,sc-26,original_rsa_1,zestify near me,2026-08-02,689.30,
3266,Sunvale Drinks,sms,sms,summer cupp 2026,cta_button,,2026-08-02,46.72,3893
3267,Sunvale Drinks,email,e-mail,summer cupp 2026,header_image,,2026-08-02,104.02,26005
3268,Sunvale Drinks,email,e-mail,summer_cup_blast,footer_link,,2026-08-02,112.51,28127
3269,Sunvale Drinks,facebook,social,summer_cup_blast,reel_c,,2026-08-02,449.53,
3270,Sunvale Drinks,google,cpc,summer_cup_blast,rsa_2,zestify soda,2026-08-02,462.15,
3271,Sunvale Drinks,facebook,social,summer_cup_blast,static_b,,2026-08-02,68.98,
3272,Harborline Distributing,Email,Email,Delivery Reminder,Notice Body,,2026-08-03,146.90,36726
3273,Harborline Distributing,Email,Email,Summer Cup 2026,Footer Link,,2026-08-03,145.38,36346
3274,Harborline Distributing,facebook,Paid Social,Summer Cup 2026,Lime Video 15S B,,2026-08-03,729.23,
3275,Harborline Distributing,google,paid search,Summer Cup 2026,Rsa 2,zestify soda,2026-08-03,472.72,
3276,Harborline Distributing,facebook,Paid Social,Summer Cup 2026,Story C,,2026-08-03,959.48,
3277,Harborline Distributing,Facebook,paid social,Summer Cup 2026,Zero Static A,,2026-08-03,596.07,
3278,Harborline Distributing,Google Ads,paid search,summer-cup-26,Lime Generic Ad,zero sugar soda,2026-08-03,1754.85,
3279,Northgate Beverage,fb_paid,paid_social,SC26_Promo,REEL_C,,2026-08-03,803.26,
3280,Northgate Beverage,ig_paid,PAID_SOCIAL,SC26_Promo,VIDEO_6S_C,,2026-08-03,377.49,
3281,Northgate Beverage,FB,PAID_SOCIAL,SUMMER_CUP_PROMO,AWARENESS_CAROUSEL_C,,2026-08-03,726.20,
3282,Northgate Beverage,GOOGLE,CPC,SUMMER_CUP_PROMO,GENERIC_AD,lemon lime soda,2026-08-03,912.58,
3283,Northgate Beverage,FB,paid_social,SUMMER_CUP_PROMO,LOYALTY_CAROUSEL_C,,2026-08-03,1312.63,
3284,Northgate Beverage,GOOGLE,CPC,SUMMER_CUP_PROMO,RSA_2,zestify near me,2026-08-03,1053.99,
3285,Northgate Beverage,ig_paid,PAID_SOCIAL,SUMMER_CUP_PROMO,VIDEO_15S_A,,2026-08-03,710.60,
3286,Northgate Beverage,FACEBOOK,PAID_SOCIAL,SUMMER_CUP_PROMO,VIDEO_15S_B,,2026-08-03,1123.98,
3287,Northgate Beverage,IG,PAID_SOCIAL,SUMMER_CUP_PROMO,VIDEO_6S_B,,2026-08-03,768.69,
3288,Pinecrest Bottling,fb,paidsocial,sc26_q3,ginger_carousel_b,,2026-08-03,947.09,
3289,Pinecrest Bottling,ig,paidsocial,sc_26,awareness_story_b,,2026-08-03,249.65,
3290,Pinecrest Bottling,ig,paidsocial,sc_26,loyalty_reel_b,,2026-08-03,1898.47,
3291,Pinecrest Bottling,google,cpc,summer_cup_2026,brand_ad,zestify near me,2026-08-03,1162.01,
3292,Redrock Beverage,bing,ppc,sc-26,brand_ad,zestify soda,2026-08-03,541.41,
3293,Redrock Beverage,email,email,sc-26,hero_banner,,2026-08-03,114.32,28580
3294,Redrock Beverage,tiktok,paid-social,sc-26,recipe_original_carousel_c,,2026-08-03,320.24,
3295,Redrock Beverage,fb,social,sc-26,reel_c,,2026-08-03,929.76,
3296,Redrock Beverage,google,ppc,sc-26,rsa_2,zestify soda,2026-08-03,698.17,
3297,Redrock Beverage,email,email,sc-26,rt_header_image,,2026-08-03,148.14,37034
3298,Redrock Beverage,programmatic,display,sc-26,static_b,,2026-08-03,242.44,
3299,Redrock Beverage,programmatic,display,sc-26,zero_video_6s_a,,2026-08-03,73.65,
3300,Sunvale Drinks,newsletter,email,password_reset,notice_body,,2026-08-03,158.64,39659
3301,Sunvale Drinks,email,email,service_survey,transactional_template,,2026-08-03,18.89,4722
3302,Sunvale Drinks,facebook,social,summer cupp 2026,berry_story_b,,2026-08-03,776.22,
3303,Sunvale Drinks,newsletter,email,summer cupp 2026,coupon_header_image,,2026-08-03,84.95,21238
3304,Sunvale Drinks,facebook,social,summer cupp 2026,ginger_story_a,,2026-08-03,356.90,
3305,Sunvale Drinks,text,sms,summer cupp 2026,hero_banner,,2026-08-03,99.11,8259
3306,Sunvale Drinks,fb,social,summer cupp 2026,rt_original_video_15s_a,,2026-08-03,619.40,
3307,Sunvale Drinks,newsletter,e-mail,summer_cup_blast,awareness_header_image,,2026-08-03,92.32,23080
3308,Sunvale Drinks,sms,sms,summer_cup_blast,coupon_cta_button,,2026-08-03,64.90,5408
3309,Sunvale Drinks,email,e-mail,summer_cup_blast,header_image,,2026-08-03,138.20,34550
3310,Sunvale Drinks,email,e-mail,summer_cup_blast,header_image,,2026-08-03,100.23,25058
3311,Sunvale Drinks,fb,social,summer_cup_blast,lime_video_6s_b,,2026-08-03,245.02,
3312,Sunvale Drinks,fb,social,summer_cup_blast,static_c,,2026-08-03,485.12,
3313,Harborline Distributing,Google Display,Display,Summer Cup 2026,Berry Reel A,,2026-08-04,462.61,
3314,Harborline Distributing,Google Display,Display,summer-cup-26,Carousel C,,2026-08-04,282.54,
3315,Harborline Distributing,Email,Email,summer-cup-26,Coupon Header Image,,2026-08-04,115.80,28951
3316,Harborline Distributing,Google Ads,Paid Search,summer_cupp_26,Coupon Zero Generic Ad,lemon lime soda,2026-08-04,1096.60,
3317,Northgate Beverage,GDN,DISPLAY,SC26_Promo,COUPON_GINGER_CAROUSEL_B,,2026-08-04,169.17,
3318,Northgate Beverage,EMAIL,EMAIL,SC26_Promo,HERO_BANNER,,2026-08-04,42.12,10529
3319,Northgate Beverage,GOOGLE,CPC,SUMMER_CUP_PROMO,AWARENESS_ORIGINAL_BRAND_AD,zero sugar soda,2026-08-04,646.25,
3320,Northgate Beverage,FACEBOOK,paid_social,SUMMER_CUP_PROMO,BERRY_VIDEO_6S_B,,2026-08-04,1631.62,
3321,Northgate Beverage,GOOGLE,CPC,SUMMER_CUP_PROMO,GENERIC_AD,zestify soda,2026-08-04,1026.10,
3322,Northgate Beverage,ig_paid,PAID_SOCIAL,SUMMER_CUP_PROMO,ORIGINAL_STATIC_B,,2026-08-04,483.50,
3323,Northgate Beverage,GDN,DISPLAY,SUMMER_CUP_PROMO,REEL_B,,2026-08-04,275.42,
3324,Northgate Beverage,FB,PAID_SOCIAL,SUMMER_CUP_PROMO,STATIC_A,,2026-08-04,964.89,
3325,Pinecrest Bottling,google,cpc,sc26_q3,zero_generic_ad,zestify soda,2026-08-04,1268.98,
3326,Pinecrest Bottling,tt,paidsocial,summer_cup_2026,static_b,,2026-08-04,599.50,
3327,Redrock Beverage,tiktok,paid-social,sc-26,berry_reel_c,,2026-08-04,1068.42,
3328,Redrock Beverage,tiktok,paid-social,sc-26,carousel_b,,2026-08-04,409.38,
3329,Redrock Beverage,bing,ppc,sc-26,original_rsa_1,zero sugar soda,2026-08-04,416.99,
3330,Redrock Beverage,bing,ppc,sc-26,recipe_brand_ad,zestify near me,2026-08-04,331.78,
3331,Redrock Beverage,bing,ppc,sc-26,rsa_2,sparkling lime drink,2026-08-04,734.24,
3332,Redrock Beverage,meta,paid-social,sc-26,video_6s_c,,2026-08-04,369.85,
3333,Redrock Beverage,bing,ppc,summer-cup-26,ginger_rsa_2,zestify soda,2026-08-04,621.77,
3334,Redrock Beverage,fb,paid-social,summer-cup-26,lime_video_6s_b,,2026-08-04,1087.56,
3335,Sunvale Drinks,email,e-mail,summer cupp 2026,header_image,,2026-08-04,38.39,9597
3336,Sunvale Drinks,sfmc,email,summer cupp 2026,header_image,,2026-08-04,113.20,28301
3337,Sunvale Drinks,google,cpc,summer cupp 2026,rsa_1,zero sugar soda,2026-08-04,237.87,
3338,Sunvale Drinks,email,email,summer_cup_blast,footer_link,,2026-08-04,126.88,31719
3339,Sunvale Drinks,text,sms,summer_cup_blast,header_image,,2026-08-04,25.57,2131
3340,Sunvale Drinks,sms,sms,summer_cup_blast,loyalty_hero_banner,,2026-08-04,70.50,5875
3341,Sunvale Drinks,facebook,social,summer_cup_blast,original_video_15s_c,,2026-08-04,479.89,
3342,Sunvale Drinks,facebook,social,summer_cup_blast,static_b,,2026-08-04,101.31,
3343,Sunvale Drinks,sfmc,email,summer_cup_newsletter,cta_button,,2026-08-04,155.03,38758
3344,Sunvale Drinks,facebook,social,summer_cup_newsletter,recipe_carousel_a,,2026-08-04,287.82,
3345,Harborline Distributing,Email,Email,Summer Cup 2026,Cta Button,,2026-08-05,100.72,25181
3346,Harborline Distributing,google,paid search,Summer Cup 2026,Generic Ad,zestify near me,2026-08-05,486.96,
3347,Harborline Distributing,Google Ads,Paid Search,Summer Cup 2026,Original Rsa 2,zero sugar soda,2026-08-05,538.07,
3348,Harborline Distributing,Instagram,Paid Social,Summer Cup 2026,Video 15S B,,2026-08-05,706.18,
3349,Harborline Distributing,facebook,Paid Social,summer-cup-26,Reel A,,2026-08-05,828.33,
3350,Harborline Distributing,Instagram,Paid Social,summer_cupp_26,Carousel B,,2026-08-05,679.53,
3351,Northgate Beverage,GOOGLE,CPC,SC26_Promo,GINGER_RSA_2,zero sugar soda,2026-08-05,854.17,
3352,Northgate Beverage,GDN,DISPLAY,SUMMER_CUP_PROMO,AWARENESS_ORIGINAL_VIDEO_15S_A,,2026-08-05,457.46,
3353,Northgate Beverage,GOOGLE,CPC,SUMMER_CUP_PROMO,BRAND_AD,zestify soda,2026-08-05,1472.17,
3354,Northgate Beverage,ig_paid,PAID_SOCIAL,SUMMER_CUP_PROMO,ORIGINAL_CAROUSEL_A,,2026-08-05,785.65,
3355,Northgate Beverage,GDN,DISPLAY,SUMMER_CUP_PROMO,ZERO_VIDEO_15S_C,,2026-08-05,732.75,
3356,Pinecrest Bottling,tiktok,paidsocial,sc26_q3,recipe_lime_reel_b,,2026-08-05,606.55,
3357,Pinecrest Bottling,google,cpc,sc_26,awareness_brand_ad,zestify soda,2026-08-05,462.19,
3358,Pinecrest Bottling,fb,paidsocial,sc_26,loyalty_reel_c,,2026-08-05,2925.66,
3359,Pinecrest Bottling,tiktok,paidsocial,sc_26,rt_ginger_carousel_c,,2026-08-05,465.38,
3360,Pinecrest Bottling,google,cpc,summer_cup_2026,awareness_rsa_1,zestify soda,2026-08-05,692.67,
3361,Pinecrest Bottling,fb,paidsocial,summer_cup_2026,rt_ginger_video_15s_c,,2026-08-05,912.50,
3362,Pinecrest Bottling,fb,paidsocial,summer_cup_2026,video_15s_c,,2026-08-05,2057.66,
3363,Pinecrest Bottling,tt,paidsocial,summer_cup_2026,zero_story_a,,2026-08-05,451.79,
3364,Redrock Beverage,email,email,order-receipt,cta_button,,2026-08-05,107.31,26828
3365,Redrock Beverage,email,email,sc-26,footer_link,,2026-08-05,37.83,9458
3366,Redrock Beverage,facebook,paid-social,sc-26,static_b,,2026-08-05,993.30,
3367,Redrock Beverage,meta,paid-social,sc-26,video_15s_c,,2026-08-05,832.07,
3368,Redrock Beverage,fb,paid-social,sc-26,video_6s_b,,2026-08-05,388.61,
3369,Redrock Beverage,google,ppc,summer-cup-26,rsa_1,zestify soda,2026-08-05,1293.63,
3370,Sunvale Drinks,sfmc,e-mail,order_confirmation,notice_body,,2026-08-05,72.29,18072
3371,Sunvale Drinks,newsletter,e-mail,summer cupp 2026,coupon_cta_button,,2026-08-05,78.38,19596
3372,Sunvale Drinks,newsletter,email,summer cupp 2026,footer_link,,2026-08-05,88.26,22066
3373,Sunvale Drinks,email,e-mail,summer cupp 2026,header_image,,2026-08-05,108.36,27090
3374,Sunvale Drinks,newsletter,e-mail,summer cupp 2026,loyalty_hero_banner,,2026-08-05,83.45,20863
3375,Sunvale Drinks,facebook,social,summer_cup_blast,carousel_b,,2026-08-05,255.16,
3376,Sunvale Drinks,email,e-mail,summer_cup_blast,coupon_cta_button,,2026-08-05,89.90,22476
3377,Sunvale Drinks,email,email,summer_cup_blast,footer_link,,2026-08-05,41.68,10419
3378,Sunvale Drinks,sfmc,e-mail,summer_cup_blast,loyalty_header_image,,2026-08-05,129.00,32251
3379,Sunvale Drinks,newsletter,email,summer_cup_newsletter,cta_button,,2026-08-05,74.98,18744
3380,Sunvale Drinks,google,cpc,summer_cup_newsletter,loyalty_rsa_1,sparkling lime drink,2026-08-05,142.84,
3381,Sunvale Drinks,sfmc,e-mail,summer_cup_newsletter,rt_header_image,,2026-08-05,81.00,20250
3382,Harborline Distributing,Facebook,paid social,Summer Cup 2026,Awareness Reel A,,2026-08-06,972.87,
3383,Harborline Distributing,Facebook,paid social,Summer Cup 2026,Berry Carousel A,,2026-08-06,234.13,
3384,Harborline Distributing,facebook,Paid Social,Summer Cup 2026,Berry Reel C,,2026-08-06,1205.47,
3385,Harborline Distributing,Google Display,Display,Summer Cup 2026,Berry Story B,,2026-08-06,497.19,
3386,Harborline Distributing,google,Paid Search,Summer Cup 2026,Generic Ad,zestify soda,2026-08-06,162.24,
3387,Harborline Distributing,facebook,Paid Social,Summer Cup 2026,Lime Story C,,2026-08-06,831.05,
3388,Harborline Distributing,facebook,paid social,Summer Cup 2026,Video 6S C,,2026-08-06,296.76,
3389,Harborline Distributing,Email,Email,summer_cupp_26,Footer Link,,2026-08-06,91.89,22973
3390,Harborline Distributing,Facebook,Paid Social,summer_cupp_26,Recipe Carousel C,,2026-08-06,225.79,
3391,Harborline Distributing,Facebook,paid social,summer_cupp_26,Static A,,2026-08-06,823.55,
3392,Harborline Distributing,Facebook,Paid Social,summer_cupp_26,Video 6S B,,2026-08-06,512.96,
3393,Harborline Distributing,facebook,paid social,summer_cupp_26,Zero Story A,,2026-08-06,861.68,
3394,Northgate Beverage,ig_paid,PAID_SOCIAL,SC26_Promo,AWARENESS_VIDEO_6S_C,,2026-08-06,1216.68,
3395,Northgate Beverage,GOOGLE,CPC,SC26_Promo,GENERIC_AD,zestify near me,2026-08-06,1096.20,
3396,Northgate Beverage,IG,PAID_SOCIAL,SC26_Promo,LOYALTY_VIDEO_15S_B,,2026-08-06,249.77,
3397,Northgate Beverage,IG,PAID_SOCIAL,SUMMER_CUP_PROMO,BERRY_VIDEO_15S_A,,2026-08-06,1630.97,
3398,Northgate Beverage,GOOGLE,CPC,SUMMER_CUP_PROMO,GINGER_BRAND_AD,lemon lime soda,2026-08-06,2188.05,
3399,Northgate Beverage,GOOGLE,CPC,SUMMER_CUP_PROMO,RSA_1,zestify soda,2026-08-06,2591.71,
3400,Northgate Beverage,GOOGLE,CPC,SUMMER_CUP_PROMO,RSA_2,sparkling lime drink,2026-08-06,249.67,
3401,Northgate Beverage,fb_paid,PAID_SOCIAL,SUMMER_CUP_PROMO,STORY_B,,2026-08-06,616.44,
3402,Northgate Beverage,IG,PAID_SOCIAL,SUMMER_CUP_PROMO,VIDEO_6S_C,,2026-08-06,172.58,
3403,Pinecrest Bottling,email,email,ord_conf,notice_body,,2026-08-06,118.05,29513
3404,Redrock Beverage,email,email,sc-26,footer_link,,2026-08-06,22.96,5739
3405,Redrock Beverage,google,ppc,sc-26,loyalty_lime_rsa_1,lemon lime soda,2026-08-06,790.41,
3406,Redrock Beverage,programmatic,display,sc-26,original_reel_b,,2026-08-06,361.64,
3407,Redrock Beverage,meta,social,sc-26,reel_a,,2026-08-06,1756.23,
3408,Redrock Beverage,programmatic,display,sc-26,reel_b,,2026-08-06,787.19,
3409,Redrock Beverage,bing,ppc,sc-26,rsa_1,sparkling lime drink,2026-08-06,1372.82,
3410,Redrock Beverage,bing,ppc,summer-cup-26,awareness_rsa_1,sparkling lime drink,2026-08-06,1183.21,
3411,Redrock Beverage,tiktok,paid-social,summer-cup-26,zero_video_15s_b,,2026-08-06,1311.32,
3412,Sunvale Drinks,email,email,summer cupp 2026,hero_banner,,2026-08-06,133.80,33450
3413,Sunvale Drinks,newsletter,email,summer_cup_blast,coupon_hero_banner,,2026-08-06,56.82,14206
3414,Sunvale Drinks,newsletter,email,summer_cup_blast,footer_link,,2026-08-06,72.21,18052
3415,Sunvale Drinks,newsletter,e-mail,summer_cup_newsletter,cta_button,,2026-08-06,87.45,21862
3416,Harborline Distributing,Instagram,Paid Social,Summer Cup 2026,Carousel A,,2026-08-07,392.52,
3417,Harborline Distributing,facebook,Paid Social,Summer Cup 2026,Carousel A,,2026-08-07,745.46,
3418,Harborline Distributing,Google Ads,paid search,summer-cup-26,Rsa 1,sparkling lime drink,2026-08-07,541.65,
3419,Harborline Distributing,google,Paid Search,summer-cup-26,Rsa 2,sparkling lime drink,2026-08-07,225.15,
3420,Harborline Distributing,facebook,Paid Social,summer-cup-26,Story C,,2026-08-07,842.38,
3421,Harborline Distributing,Facebook,paid social,summer-cup-26,Video 15S B,,2026-08-07,620.40,
3422,Harborline Distributing,Instagram,Paid Social,summer_cupp_26,Awareness Video 6S C,,2026-08-07,334.05,
3423,Harborline Distributing,Facebook,paid social,summer_cupp_26,Story A,,2026-08-07,1127.20,
3424,Harborline Distributing,Google Ads,Paid Search,summer_cupp_26,Zero Generic Ad,sparkling lime drink,2026-08-07,214.79,
3425,Northgate Beverage,EMAIL,EMAIL,DELIVERY_REMINDER,NOTICE_BODY,,2026-08-07,72.16,18039
3426,Northgate Beverage,EMAIL,EMAIL,ORDER_CONFIRMATION,NOTICE_BODY,,2026-08-07,131.30,32825
3427,Northgate Beverage,ig_paid,PAID_SOCIAL,SC26_Launch,CAROUSEL_B,,2026-08-07,1818.03,
3428,Northgate Beverage,GOOGLE,CPC,SC26_Launch,COUPON_RSA_2,lemon lime soda,2026-08-07,983.74,
3429,Northgate Beverage,FB,paid_social,SC26_Launch,VIDEO_15S_A,,2026-08-07,3870.04,
3430,Northgate Beverage,GOOGLE,CPC,SC26_Promo,RSA_2,zero sugar soda,2026-08-07,1300.65,
3431,Northgate Beverage,ig_paid,PAID_SOCIAL,SC26_Promo,ZERO_REEL_B,,2026-08-07,557.85,
3432,Northgate Beverage,FB,paid_social,SUMMER_CUP_PROMO,AWARENESS_STORY_A,,2026-08-07,686.61,
3433,Northgate Beverage,FACEBOOK,PAID_SOCIAL,SUMMER_CUP_PROMO,REEL_C,,2026-08-07,925.76,
3434,Pinecrest Bottling,tiktok,paidsocial,sc26_q3,carousel_c,,2026-08-07,578.26,
3435,Pinecrest Bottling,ig,paidsocial,sc26_q3,story_c,,2026-08-07,677.32,
3436,Pinecrest Bottling,fb,paidsocial,sc_26,story_c,,2026-08-07,647.15,
3437,Pinecrest Bottling,tt,paidsocial,sc_26,zero_video_15s_c,,2026-08-07,630.79,
3438,Pinecrest Bottling,fb,paidsocial,summer_cup_2026,lime_carousel_c,,2026-08-07,1280.49,
3439,Pinecrest Bottling,tiktok,paidsocial,summer_cup_2026,recipe_video_6s_c,,2026-08-07,518.63,
3440,Pinecrest Bottling,fb,paidsocial,summer_cup_2026,recipe_zero_reel_c,,2026-08-07,2327.24,
3441,Pinecrest Bottling,tt,paidsocial,summer_cup_2026,reel_a,,2026-08-07,289.09,
3442,Pinecrest Bottling,email,email,summer_cup_2026,rt_hero_banner,,2026-08-07,23.16,5790
3443,Pinecrest Bottling,fb,paidsocial,summer_cup_2026,zero_reel_b,,2026-08-07,269.68,
3444,Redrock Beverage,bing,ppc,sc-26,awareness_zero_rsa_2,zestify near me,2026-08-07,719.07,
3445,Redrock Beverage,email,email,sc-26,footer_link,,2026-08-07,49.07,12267
3446,Redrock Beverage,email,email,sc-26,header_image,,2026-08-07,42.02,10505
3447,Redrock Beverage,fb,social,sc-26,zero_video_6s_c,,2026-08-07,1615.78,
3448,Redrock Beverage,fb,social,summer-cup-26,carousel_c,,2026-08-07,1071.96,
3449,Redrock Beverage,bing,ppc,summer-cup-26,rsa_1,zestify near me,2026-08-07,673.12,
3450,Sunvale Drinks,email,email,receipt,cta_button,,2026-08-07,28.42,7106
3451,Sunvale Drinks,sms,sms,summer cupp 2026,cta_button,,2026-08-07,61.37,5114
3452,Sunvale Drinks,facebook,social,summer cupp 2026,static_c,,2026-08-07,210.60,
3453,Sunvale Drinks,sms,sms,summer_cup_blast,recipe_header_image,,2026-08-07,26.06,2172
3454,Sunvale Drinks,sfmc,e-mail,summer_cup_newsletter,loyalty_cta_button,,2026-08-07,95.16,23789
3455,Harborline Distributing,google,Paid Search,Summer Cup 2026,Brand Ad,zestify near me,2026-08-08,506.16,
3456,Harborline Distributing,facebook,Paid Social,Summer Cup 2026,Ginger Carousel B,,2026-08-08,429.77,
3457,Harborline Distributing,Email,Email,Summer Cup 2026,Hero Banner,,2026-08-08,152.44,38111
3458,Harborline Distributing,facebook,paid social,Summer Cup 2026,Recipe Lime Video 6S A,,2026-08-08,1121.92,
3459,Harborline Distributing,Facebook,paid social,Summer Cup 2026,Static C,,2026-08-08,482.24,
3460,Harborline Distributing,Google Ads,paid search,summer_cupp_26,Zero Brand Ad,zestify soda,2026-08-08,275.76,
3461,Northgate Beverage,GOOGLE,CPC,SC26_Promo,RSA_2,zestify near me,2026-08-08,1531.35,
3462,Northgate Beverage,FACEBOOK,paid_social,SC26_Promo,ZERO_STATIC_C,,2026-08-08,838.75,
3463,Northgate Beverage,FACEBOOK,PAID_SOCIAL,SUMMER_CUP_PROMO,AWARENESS_ORIGINAL_VIDEO_6S_B,,2026-08-08,1265.91,
3464,Northgate Beverage,fb_paid,PAID_SOCIAL,SUMMER_CUP_PROMO,LIME_REEL_B,,2026-08-08,583.34,
3465,Northgate Beverage,IG,PAID_SOCIAL,SUMMER_CUP_PROMO,ORIGINAL_STATIC_C,,2026-08-08,1106.60,
3466,Northgate Beverage,GDN,DISPLAY,SUMMER_CUP_PROMO,VIDEO_15S_B,,2026-08-08,1433.02,
3467,Pinecrest Bottling,sms,sms,rte_chg_notice,cta_button,,2026-08-08,123.43,10286
3468,Pinecrest Bottling,ig,paidsocial,sc26_q3,loyalty_static_a,,2026-08-08,446.77,
3469,Pinecrest Bottling,ig,paidsocial,sc26_q3,story_c,,2026-08-08,673.58,
3470,Pinecrest Bottling,fb,paidsocial,sc_26,coupon_reel_c,,2026-08-08,1898.07,
3471,Pinecrest Bottling,google,cpc,sc_26,loyalty_zero_rsa_2,sparkling lime drink,2026-08-08,578.08,
3472,Pinecrest Bottling,ig,paidsocial,sc_26,video_15s_b,,2026-08-08,1633.57,
3473,Pinecrest Bottling,tiktok,paidsocial,summer_cup_2026,video_15s_a,,2026-08-08,313.71,
3474,Redrock Beverage,email,email,sc-26,cta_button,,2026-08-08,22.47,5618
3475,Redrock Beverage,programmatic,display,sc-26,ginger_video_6s_c,,2026-08-08,262.93,
3476,Redrock Beverage,email,email,sc-26,header_image,,2026-08-08,110.06,27514
3477,Redrock Beverage,google,ppc,sc-26,rsa_1,sparkling lime drink,2026-08-08,2509.55,
3478,Redrock Beverage,tiktok,paid-social,sc-26,story_a,,2026-08-08,175.05,
3479,Redrock Beverage,tiktok,paid-social,sc-26,story_c,,2026-08-08,178.79,
3480,Redrock Beverage,facebook,paid-social,sc-26,video_15s_c,,2026-08-08,2383.40,
3481,Redrock Beverage,programmatic,display,sc-26,zero_video_6s_a,,2026-08-08,362.59,
3482,Redrock Beverage,programmatic,display,summer-cup-26,ginger_video_15s_b,,2026-08-08,1033.88,
3483,Sunvale Drinks,google,cpc,summer cupp 2026,rsa_1,zestify soda,2026-08-08,673.70,
3484,Sunvale Drinks,facebook,social,summer cupp 2026,story_c,,2026-08-08,890.94,
3485,Sunvale Drinks,sms,sms,summer_cup_blast,cta_button,,2026-08-08,66.74,5562
3486,Sunvale Drinks,newsletter,e-mail,summer_cup_blast,footer_link,,2026-08-08,90.58,22646
3487,Sunvale Drinks,google,cpc,summer_cup_blast,rsa_2,sparkling lime drink,2026-08-08,218.05,
3488,Sunvale Drinks,email,email,summer_cup_blast,rt_header_image,,2026-08-08,140.24,35059
3489,Sunvale Drinks,google,cpc,summer_cup_newsletter,generic_ad,zestify soda,2026-08-08,540.86,
3490,Sunvale Drinks,facebook,social,summer_cup_newsletter,zero_reel_c,,2026-08-08,1016.21,
3491,Harborline Distributing,Facebook,paid social,Summer Cup 2026,Coupon Video 6S A,,2026-08-09,769.37,
3492,Harborline Distributing,google,Paid Search,Summer Cup 2026,Rsa 2,lemon lime soda,2026-08-09,1055.65,
3493,Harborline Distributing,google,Paid Search,summer-cup-26,Awareness Generic Ad,lemon lime soda,2026-08-09,653.86,
3494,Harborline Distributing,facebook,Paid Social,summer-cup-26,Original Video 15S B,,2026-08-09,1137.19,
3495,Harborline Distributing,google,paid search,summer_cupp_26,Recipe Berry Generic Ad,lemon lime soda,2026-08-09,1208.89,
3496,Northgate Beverage,GDN,DISPLAY,SC26_Launch,VIDEO_6S_B,,2026-08-09,398.66,
3497,Northgate Beverage,GOOGLE,CPC,SUMMER_CUP_PROMO,AWARENESS_BERRY_RSA_1,zero sugar soda,2026-08-09,600.60,
3498,Northgate Beverage,FB,paid_social,SUMMER_CUP_PROMO,AWARENESS_STATIC_C,,2026-08-09,1087.22,
3499,Northgate Beverage,IG,PAID_SOCIAL,SUMMER_CUP_PROMO,REEL_B,,2026-08-09,469.92,
3500,Pinecrest Bottling,tt,paidsocial,sc26_q3,awareness_original_video_6s_c,,2026-08-09,321.10,
3501,Pinecrest Bottling,google,cpc,sc26_q3,brand_ad,sparkling lime drink,2026-08-09,531.93,
3502,Pinecrest Bottling,fb,paidsocial,sc_26,reel_c,,2026-08-09,2365.98,
3503,Pinecrest Bottling,email,email,summer_cup_2026,hero_banner,,2026-08-09,118.76,29690
3504,Pinecrest Bottling,tt,paidsocial,summer_cup_2026,reel_c,,2026-08-09,345.82,
3505,Pinecrest Bottling,google,cpc,summer_cup_2026,rt_rsa_2,zestify soda,2026-08-09,169.74,
3506,Pinecrest Bottling,ig,paidsocial,summer_cup_2026,video_6s_c,,2026-08-09,306.07,
3507,Redrock Beverage,google,ppc,sc-26,coupon_rsa_2,zero sugar soda,2026-08-09,2041.69,
3508,Redrock Beverage,google,ppc,sc-26,generic_ad,lemon lime soda,2026-08-09,2582.07,
3509,Redrock Beverage,facebook,social,sc-26,rt_video_6s_c,,2026-08-09,6106.70,
3510,Redrock Beverage,programmatic,display,sc-26,static_a,,2026-08-09,704.19,
3511,Redrock Beverage,google,ppc,sc-26,zero_rsa_1,zero sugar soda,2026-08-09,458.75,
3512,Redrock Beverage,fb,social,summer-cup-26,recipe_static_a,,2026-08-09,481.67,
3513,Redrock Beverage,programmatic,display,summer-cup-26,reel_c,,2026-08-09,424.14,
3514,Sunvale Drinks,text,sms,delivery_window_reminder,transactional_template,,2026-08-09,58.24,4853
3515,Sunvale Drinks,newsletter,email,summer cupp 2026,cta_button,,2026-08-09,37.29,9323
3516,Sunvale Drinks,facebook,social,summer cupp 2026,story_c,,2026-08-09,1277.10,
3517,Sunvale Drinks,fb,social,summer_cup_blast,awareness_story_a,,2026-08-09,1154.73,
3518,Sunvale Drinks,facebook,social,summer_cup_blast,carousel_b,,2026-08-09,265.56,
3519,Sunvale Drinks,email,e-mail,summer_cup_blast,footer_link,,2026-08-09,115.20,28799
3520,Sunvale Drinks,fb,social,summer_cup_blast,rt_reel_b,,2026-08-09,518.00,
3521,Sunvale Drinks,text,sms,summer_cup_newsletter,header_image,,2026-08-09,30.44,2537
3522,Harborline Distributing,Google Display,Display,Summer Cup 2026,Berry Reel A,,2026-08-10,257.88,
3523,Harborline Distributing,google,paid search,Summer Cup 2026,Brand Ad,zestify soda,2026-08-10,220.42,
3524,Harborline Distributing,Facebook,paid social,Summer Cup 2026,Coupon Video 6S A,,2026-08-10,486.38,
3525,Harborline Distributing,Google Ads,paid search,Summer Cup 2026,Rsa 2,zestify near me,2026-08-10,1106.44,
3526,Harborline Distributing,Email,Email,summer-cup-26,Coupon Header Image,,2026-08-10,143.13,35782
3527,Harborline Distributing,google,Paid Search,summer_cupp_26,Coupon Zero Generic Ad,zestify near me,2026-08-10,581.70,
3528,Harborline Distributing,Facebook,Paid Social,summer_cupp_26,Video 6S B,,2026-08-10,241.20,
3529,Northgate Beverage,IG,PAID_SOCIAL,SC26_Promo,AWARENESS_VIDEO_6S_C,,2026-08-10,1180.42,
3530,Northgate Beverage,IG,PAID_SOCIAL,SC26_Promo,GINGER_VIDEO_6S_B,,2026-08-10,723.28,
3531,Northgate Beverage,IG,PAID_SOCIAL,SC26_Promo,LOYALTY_VIDEO_15S_B,,2026-08-10,356.74,
3532,Northgate Beverage,GOOGLE,CPC,SUMMER_CUP_PROMO,AWARENESS_BERRY_RSA_1,sparkling lime drink,2026-08-10,777.05,
3533,Northgate Beverage,ig_paid,PAID_SOCIAL,SUMMER_CUP_PROMO,BERRY_VIDEO_15S_A,,2026-08-10,2819.04,
3534,Northgate Beverage,GOOGLE,CPC,SUMMER_CUP_PROMO,GENERIC_AD,zestify soda,2026-08-10,1247.02,
3535,Pinecrest Bottling,fb,paidsocial,sc_26,loyalty_reel_c,,2026-08-10,4451.19,
3536,Pinecrest Bottling,fb,paidsocial,sc_26,story_c,,2026-08-10,644.06,
3537,Pinecrest Bottling,tt,paidsocial,summer_cup_2026,reel_a,,2026-08-10,350.25,
3538,Pinecrest Bottling,ig,paidsocial,summer_cup_2026,video_6s_c,,2026-08-10,153.74,
3539,Redrock Beverage,google,ppc,sc-26,awareness_zero_rsa_2,zero sugar soda,2026-08-10,475.89,
3540,Redrock Beverage,programmatic,display,sc-26,ginger_video_6s_c,,2026-08-10,456.27,
3541,Redrock Beverage,programmatic,display,sc-26,original_reel_b,,2026-08-10,761.87,
3542,Redrock Beverage,bing,ppc,sc-26,original_rsa_1,zero sugar soda,2026-08-10,828.15,
3543,Redrock Beverage,programmatic,display,sc-26,static_b,,2026-08-10,226.55,
3544,Redrock Beverage,tiktok,paid-social,sc-26,story_a,,2026-08-10,148.91,
3545,Sunvale Drinks,sfmc,email,receipt,cta_button,,2026-08-10,83.67,20918
3546,Sunvale Drinks,newsletter,email,route_change_notice,notice_body,,2026-08-10,121.39,30348
3547,Sunvale Drinks,facebook,social,summer_cup_blast,awareness_story_a,,2026-08-10,1041.93,
3548,Sunvale Drinks,sms,sms,summer_cup_blast,cta_button,,2026-08-10,106.07,8839
3549,Sunvale Drinks,sms,sms,summer_cup_blast,cta_button,,2026-08-10,57.25,4771
3550,Sunvale Drinks,newsletter,email,summer_cup_blast,footer_link,,2026-08-10,83.52,20879
3551,Sunvale Drinks,email,email,summer_cup_blast,loyalty_header_image,,2026-08-10,28.50,7125
3552,Sunvale Drinks,fb,social,summer_cup_blast,original_video_15s_c,,2026-08-10,445.88,
3553,Sunvale Drinks,facebook,social,summer_cup_blast,static_b,,2026-08-10,71.10,
3554,Harborline Distributing,Facebook,paid social,Summer Cup 2026,Berry Carousel A,,2026-08-11,196.74,
3555,Harborline Distributing,Instagram,Paid Social,Summer Cup 2026,Carousel A,,2026-08-11,293.86,
3556,Harborline Distributing,Instagram,Paid Social,Summer Cup 2026,Lime Video 6S C,,2026-08-11,377.28,
3557,Harborline Distributing,Google Display,Display,Summer Cup 2026,Recipe Lime Reel C,,2026-08-11,207.16,
3558,Harborline Distributing,Facebook,paid social,Summer Cup 2026,Zero Static A,,2026-08-11,679.68,
3559,Harborline Distributing,Instagram,Paid Social,summer_cupp_26,Awareness Video 6S C,,2026-08-11,287.81,
3560,Harborline Distributing,Facebook,paid social,summer_cupp_26,Story A,,2026-08-11,1626.86,
3561,Harborline Distributing,facebook,paid social,summer_cupp_26,Zero Story A,,2026-08-11,991.68,
3562,Northgate Beverage,GOOGLE,CPC,SC26_Promo,GINGER_RSA_2,lemon lime soda,2026-08-11,779.32,
3563,Northgate Beverage,GOOGLE,CPC,SC26_Promo,RSA_2,zero sugar soda,2026-08-11,1177.83,
3564,Northgate Beverage,fb_paid,PAID_SOCIAL,SUMMER_CUP_PROMO,AWARENESS_STATIC_C,,2026-08-11,871.64,
3565,Northgate Beverage,GOOGLE,CPC,SUMMER_CUP_PROMO,GINGER_BRAND_AD,zero sugar soda,2026-08-11,1284.82,
3566,Northgate Beverage,fb_paid,paid_social,SUMMER_CUP_PROMO,LIME_REEL_B,,2026-08-11,396.64,
3567,Northgate Beverage,FACEBOOK,paid_social,SUMMER_CUP_PROMO,STORY_B,,2026-08-11,295.62,
3568,Northgate Beverage,ig_paid,PAID_SOCIAL,SUMMER_CUP_PROMO,VIDEO_15S_A,,2026-08-11,386.81,
3569,Pinecrest Bottling,email,email,ord_conf,notice_body,,2026-08-11,63.03,15758
3570,Pinecrest Bottling,sms,sms,rte_chg_notice,cta_button,,2026-08-11,104.47,8706
3571,Pinecrest Bottling,ig,paidsocial,sc26_q3,loyalty_static_a,,2026-08-11,786.16,
3572,Pinecrest Bottling,ig,paidsocial,sc26_q3,recipe_carousel_c,,2026-08-11,430.30,
3573,Pinecrest Bottling,google,cpc,sc_26,awareness_brand_ad,lemon lime soda,2026-08-11,257.98,
3574,Pinecrest Bottling,email,email,sc_26,awareness_footer_link,,2026-08-11,135.47,33868
3575,Pinecrest Bottling,ig,paidsocial,sc_26,ginger_video_6s_a,,2026-08-11,400.32,
3576,Pinecrest Bottling,google,cpc,sc_26,loyalty_zero_rsa_2,lemon lime soda,2026-08-11,665.68,
3577,Pinecrest Bottling,google,cpc,summer_cup_2026,awareness_rsa_1,zestify near me,2026-08-11,900.46,
3578,Pinecrest Bottling,email,email,summer_cup_2026,cta_button,,2026-08-11,55.87,13967
3579,Pinecrest Bottling,fb,paidsocial,summer_cup_2026,recipe_zero_reel_c,,2026-08-11,1493.91,
3580,Pinecrest Bottling,tt,paidsocial,summer_cup_2026,video_15s_a,,2026-08-11,217.97,
3581,Pinecrest Bottling,fb,paidsocial,summer_cup_2026,video_15s_c,,2026-08-11,1490.05,
3582,Redrock Beverage,bing,ppc,sc-26,brand_ad,zestify soda,2026-08-11,342.38,
3583,Redrock Beverage,bing,ppc,sc-26,coupon_rsa_2,zestify soda,2026-08-11,2912.69,
3584,Redrock Beverage,email,email,sc-26,footer_link,,2026-08-11,61.93,15483
3585,Redrock Beverage,bing,ppc,sc-26,ginger_rsa_2,zestify soda,2026-08-11,1052.60,
3586,Redrock Beverage,email,email,sc-26,header_image,,2026-08-11,60.93,15232
3587,Redrock Beverage,google,ppc,sc-26,loyalty_lime_rsa_1,zestify soda,2026-08-11,640.12,
3588,Redrock Beverage,google,ppc,sc-26,recipe_brand_ad,lemon lime soda,2026-08-11,586.31,
3589,Redrock Beverage,programmatic,display,sc-26,reel_b,,2026-08-11,741.17,
3590,Redrock Beverage,bing,ppc,sc-26,rsa_1,lemon lime soda,2026-08-11,1698.27,
3591,Redrock Beverage,fb,social,sc-26,video_6s_b,,2026-08-11,725.95,
3592,Redrock Beverage,facebook,social,sc-26,zero_video_6s_c,,2026-08-11,1371.39,
3593,Redrock Beverage,meta,social,summer-cup-26,recipe_static_a,,2026-08-11,367.61,
3594,Redrock Beverage,bing,ppc,summer-cup-26,rsa_1,lemon lime soda,2026-08-11,1226.12,
3595,Sunvale Drinks,fb,social,summer cupp 2026,berry_story_b,,2026-08-11,630.99,
3596,Sunvale Drinks,email,email,summer cupp 2026,header_image,,2026-08-11,107.56,26890
3597,Sunvale Drinks,google,cpc,summer cupp 2026,rsa_1,lemon lime soda,2026-08-11,846.57,
3598,Sunvale Drinks,email,email,summer_cup_blast,coupon_cta_button,,2026-08-11,49.81,12453
3599,Sunvale Drinks,sfmc,email,summer_cup_blast,cta_button,,2026-08-11,110.26,27564
3600,Sunvale Drinks,email,email,summer_cup_blast,footer_link,,2026-08-11,131.18,32795
3601,Sunvale Drinks,email,email,summer_cup_blast,header_image,,2026-08-11,34.65,8662
3602,Sunvale Drinks,google,cpc,summer_cup_blast,rsa_2,lemon lime soda,2026-08-11,193.60,
3603,Sunvale Drinks,fb,social,summer_cup_blast,rt_reel_b,,2026-08-11,308.72,
3604,Sunvale Drinks,text,sms,summer_cup_newsletter,header_image,,2026-08-11,22.34,1862
3605,Sunvale Drinks,fb,social,summer_cup_newsletter,recipe_carousel_a,,2026-08-11,356.50,
3606,Harborline Distributing,facebook,paid social,Summer Cup 2026,Awareness Reel A,,2026-08-12,1040.10,
3607,Harborline Distributing,Google Display,Display,Summer Cup 2026,Berry Story B,,2026-08-12,684.57,
3608,Harborline Distributing,Facebook,Paid Social,Summer Cup 2026,Static C,,2026-08-12,822.35,
3609,Harborline Distributing,Facebook,paid social,Summer Cup 2026,Story C,,2026-08-12,1075.25,
3610,Harborline Distributing,Google Ads,Paid Search,summer-cup-26,Awareness Generic Ad,zero sugar soda,2026-08-12,784.01,
3611,Harborline Distributing,Google Display,Display,summer-cup-26,Carousel C,,2026-08-12,171.63,
3612,Northgate Beverage,ig_paid,PAID_SOCIAL,SC26_Promo,AWARENESS_VIDEO_15S_C,,2026-08-12,1402.25,
3613,Northgate Beverage,fb_paid,PAID_SOCIAL,SC26_Promo,ZERO_STATIC_C,,2026-08-12,1177.51,
3614,Northgate Beverage,FB,PAID_SOCIAL,SUMMER_CUP_PROMO,LOYALTY_CAROUSEL_C,,2026-08-12,1248.36,
3615,Northgate Beverage,ig_paid,PAID_SOCIAL,SUMMER_CUP_PROMO,ORIGINAL_VIDEO_6S_B,,2026-08-12,525.51,
3616,Northgate Beverage,IG,PAID_SOCIAL,SUMMER_CUP_PROMO,REEL_B,,2026-08-12,281.40,
3617,Northgate Beverage,GOOGLE,CPC,SUMMER_CUP_PROMO,RSA_2,zestify soda,2026-08-12,466.03,
3618,Northgate Beverage,fb_paid,paid_social,SUMMER_CUP_PROMO,VIDEO_15S_B,,2026-08-12,863.77,
3619,Northgate Beverage,GDN,DISPLAY,SUMMER_CUP_PROMO,ZERO_VIDEO_15S_C,,2026-08-12,781.68,
3620,Pinecrest Bottling,fb,paidsocial,sc26_q3,ginger_reel_a,,2026-08-12,1413.27,
3621,Pinecrest Bottling,tiktok,paidsocial,sc_26,rt_ginger_carousel_c,,2026-08-12,305.75,
3622,Redrock Beverage,meta,paid-social,sc-26,reel_a,,2026-08-12,1837.91,
3623,Redrock Beverage,bing,ppc,sc-26,rsa_2,zero sugar soda,2026-08-12,578.52,
3624,Redrock Beverage,programmatic,display,sc-26,zero_video_6s_a,,2026-08-12,389.02,
3625,Redrock Beverage,facebook,paid-social,summer-cup-26,carousel_c,,2026-08-12,721.65,
3626,Sunvale Drinks,text,sms,delivery_window_reminder,transactional_template,,2026-08-12,62.76,5230
3627,Sunvale Drinks,newsletter,email,summer cupp 2026,coupon_cta_button,,2026-08-12,142.42,35606
3628,Sunvale Drinks,newsletter,e-mail,summer_cup_blast,awareness_header_image,,2026-08-12,143.56,35891
3629,Sunvale Drinks,fb,social,summer_cup_blast,carousel_b,,2026-08-12,270.09,
3630,Sunvale Drinks,fb,social,summer_cup_blast,carousel_b,,2026-08-12,270.09,
3631,Sunvale Drinks,sms,sms,summer_cup_blast,coupon_cta_button,,2026-08-12,108.13,9011
3632,Sunvale Drinks,newsletter,e-mail,summer_cup_blast,rt_header_image,,2026-08-12,127.67,31918
3633,Sunvale Drinks,newsletter,email,summer_cup_newsletter,cta_button,,2026-08-12,96.45,24112
3634,Sunvale Drinks,newsletter,e-mail,summer_cup_newsletter,cta_button,,2026-08-12,37.77,9443
3635,Harborline Distributing,Email,Email,Invoice Ready,Cta Button,,2026-08-13,120.08,30020
3636,Harborline Distributing,facebook,paid social,Summer Cup 2026,Carousel A,,2026-08-13,570.02,
3637,Harborline Distributing,google,Paid Search,Summer Cup 2026,Original Rsa 2,sparkling lime drink,2026-08-13,345.95,
3638,Harborline Distributing,Facebook,Paid Social,summer-cup-26,Awareness Video 15S B,,2026-08-13,182.32,
3639,Harborline Distributing,Facebook,Paid Social,summer-cup-26,Reel A,,2026-08-13,768.94,
3640,Harborline Distributing,Email,Email,summer_cupp_26,Footer Link,,2026-08-13,25.46,6364
3641,Harborline Distributing,facebook,paid social,summer_cupp_26,Recipe Carousel C,,2026-08-13,203.73,
3642,Harborline Distributing,facebook,paid social,summer_cupp_26,Story B,,2026-08-13,1723.83,
3643,Northgate Beverage,EMAIL,EMAIL,SC26_Promo,HERO_BANNER,,2026-08-13,130.35,32588
3644,Northgate Beverage,GOOGLE,CPC,SUMMER_CUP_PROMO,AWARENESS_ORIGINAL_BRAND_AD,sparkling lime drink,2026-08-13,786.98,
3645,Northgate Beverage,GDN,DISPLAY,SUMMER_CUP_PROMO,AWARENESS_ORIGINAL_VIDEO_15S_A,,2026-08-13,450.12,
3646,Northgate Beverage,GOOGLE,CPC,SUMMER_CUP_PROMO,RSA_1,zero sugar soda,2026-08-13,2087.22,
3647,Northgate Beverage,fb_paid,paid_social,SUMMER_CUP_PROMO,STATIC_A,,2026-08-13,1112.28,
3648,Northgate Beverage,GDN,DISPLAY,SUMMER_CUP_PROMO,VIDEO_15S_B,,2026-08-13,772.46,
3649,Northgate Beverage,ig_paid,PAID_SOCIAL,SUMMER_CUP_PROMO,VIDEO_6S_B,,2026-08-13,966.19,
3650,Pinecrest Bottling,tiktok,paidsocial,sc26_q3,awareness_original_video_6s_c,,2026-08-13,532.53,
3651,Pinecrest Bottling,fb,paidsocial,sc26_q3,ginger_carousel_b,,2026-08-13,965.14,
3652,Pinecrest Bottling,ig,paidsocial,sc_26,loyalty_reel_b,,2026-08-13,2008.66,
3653,Pinecrest Bottling,tt,paidsocial,summer_cup_2026,reel_c,,2026-08-13,329.25,
3654,Pinecrest Bottling,fb,paidsocial,summer_cup_2026,rt_ginger_video_15s_c,,2026-08-13,984.93,
3655,Redrock Beverage,email,email,sc-26,cta_button,,2026-08-13,102.81,25703
3656,Redrock Beverage,email,email,sc-26,header_image,,2026-08-13,121.92,30480
3657,Redrock Beverage,email,email,sc-26,hero_banner,,2026-08-13,96.56,24139
3658,Redrock Beverage,tiktok,paid-social,sc-26,recipe_original_carousel_c,,2026-08-13,675.06,
3659,Redrock Beverage,programmatic,display,sc-26,zero_video_6s_a,,2026-08-13,96.65,
3660,Sunvale Drinks,facebook,social,summer cupp 2026,ginger_story_a,,2026-08-13,484.46,
3661,Sunvale Drinks,sfmc,e-mail,summer cupp 2026,header_image,,2026-08-13,116.98,29246
3662,Sunvale Drinks,sms,sms,summer cupp 2026,hero_banner,,2026-08-13,119.77,9981
3663,Sunvale Drinks,sfmc,email,summer cupp 2026,loyalty_hero_banner,,2026-08-13,128.61,32153
3664,Sunvale Drinks,facebook,social,summer_cup_blast,carousel_b,,2026-08-13,275.76,
3665,Sunvale Drinks,sms,sms,summer_cup_blast,recipe_header_image,,2026-08-13,54.30,4525
3666,Sunvale Drinks,newsletter,e-mail,summer_cup_newsletter,footer_link,,2026-08-13,21.41,5352
3667,Sunvale Drinks,sfmc,email,summer_cup_newsletter,loyalty_cta_button,,2026-08-13,60.25,15062
3668,Sunvale Drinks,newsletter,e-mail,summer_cup_newsletter,rt_header_image,,2026-08-13,101.93,25483
3669,Harborline Distributing,facebook,paid social,Summer Cup 2026,Berry Reel C,,2026-08-14,879.54,
3670,Harborline Distributing,Email,Email,Summer Cup 2026,Hero Banner,,2026-08-14,114.84,28709
3671,Harborline Distributing,facebook,Paid Social,Summer Cup 2026,Lime Video 15S B,,2026-08-14,974.23,
3672,Harborline Distributing,Facebook,paid social,Summer Cup 2026,Video 6S C,,2026-08-14,390.38,
3673,Harborline Distributing,Instagram,Paid Social,summer_cupp_26,Carousel B,,2026-08-14,522.20,
3674,Harborline Distributing,google,Paid Search,summer_cupp_26,Recipe Berry Generic Ad,lemon lime soda,2026-08-14,927.44,
3675,Northgate Beverage,GDN,DISPLAY,SC26_Launch,VIDEO_6S_B,,2026-08-14,584.28,
3676,Northgate Beverage,GOOGLE,CPC,SC26_Promo,GENERIC_AD,sparkling lime drink,2026-08-14,1164.32,
3677,Northgate Beverage,IG,PAID_SOCIAL,SC26_Promo,ZERO_REEL_B,,2026-08-14,389.58,
3678,Northgate Beverage,GDN,DISPLAY,SUMMER_CUP_PROMO,REEL_A,,2026-08-14,291.19,
3679,Northgate Beverage,ig_paid,PAID_SOCIAL,SUMMER_CUP_PROMO,VIDEO_6S_C,,2026-08-14,292.02,
3680,Pinecrest Bottling,ig,paidsocial,sc26_q3,story_c,,2026-08-14,937.82,
3681,Pinecrest Bottling,tt,paidsocial,sc_26,zero_video_15s_c,,2026-08-14,518.37,
3682,Pinecrest Bottling,fb,paidsocial,summer_cup_2026,coupon_video_6s_a,,2026-08-14,289.37,
3683,Pinecrest Bottling,email,email,summer_cup_2026,rt_hero_banner,,2026-08-14,18.64,4659
3684,Pinecrest Bottling,google,cpc,summer_cup_2026,rt_rsa_2,lemon lime soda,2026-08-14,354.56,
3685,Pinecrest Bottling,tt,paidsocial,summer_cup_2026,static_b,,2026-08-14,771.77,
3686,Pinecrest Bottling,fb,paidsocial,summer_cup_2026,zero_reel_b,,2026-08-14,465.22,
3687,Redrock Beverage,google,ppc,sc-26,generic_ad,lemon lime soda,2026-08-14,2199.03,
3688,Redrock Beverage,google,ppc,sc-26,lime_rsa_2,lemon lime soda,2026-08-14,768.32,
3689,Redrock Beverage,fb,paid-social,sc-26,reel_c,,2026-08-14,619.08,
3690,Redrock Beverage,programmatic,display,sc-26,static_a,,2026-08-14,558.11,
3691,Redrock Beverage,meta,social,sc-26,static_b,,2026-08-14,1433.99,
3692,Redrock Beverage,google,ppc,summer-cup-26,awareness_rsa_1,lemon lime soda,2026-08-14,1397.67,
3693,Redrock Beverage,meta,social,summer-cup-26,lime_video_6s_b,,2026-08-14,1151.10,
3694,Redrock Beverage,programmatic,display,summer-cup-26,reel_c,,2026-08-14,464.10,
3695,Sunvale Drinks,sfmc,e-mail,summer cupp 2026,header_image,,2026-08-14,100.90,25226
3696,Sunvale Drinks,facebook,social,summer cupp 2026,static_c,,2026-08-14,340.85,
3697,Sunvale Drinks,fb,social,summer cupp 2026,story_c,,2026-08-14,1850.78,
3698,Sunvale Drinks,newsletter,email,summer_cup_blast,footer_link,,2026-08-14,135.79,33947
3699,Sunvale Drinks,sms,sms,summer_cup_blast,header_image,,2026-08-14,115.88,9657
3700,Sunvale Drinks,fb,social,summer_cup_blast,lime_video_6s_b,,2026-08-14,321.29,
3701,Sunvale Drinks,google,cpc,summer_cup_newsletter,generic_ad,lemon lime soda,2026-08-14,544.15,
3702,Sunvale Drinks,google,cpc,summer_cup_newsletter,loyalty_rsa_1,zestify soda,2026-08-14,229.29,
3703,Harborline Distributing,Google Ads,paid search,Summer Cup 2026,Generic Ad,zestify soda,2026-08-15,437.91,
3704,Harborline Distributing,facebook,paid social,Summer Cup 2026,Recipe Lime Video 6S A,,2026-08-15,1109.71,
3705,Harborline Distributing,Google Ads,paid search,summer-cup-26,Lime Generic Ad,zestify soda,2026-08-15,1475.04,
3706,Harborline Distributing,google,Paid Search,summer-cup-26,Rsa 1,sparkling lime drink,2026-08-15,502.01,
3707,Harborline Distributing,google,Paid Search,summer-cup-26,Rsa 2,lemon lime soda,2026-08-15,272.56,
3708,Harborline Distributing,google,paid search,summer_cupp_26,Zero Brand Ad,zestify near me,2026-08-15,253.57,
3709,Harborline Distributing,Google Ads,paid search,summer_cupp_26,Zero Generic Ad,zestify near me,2026-08-15,236.58,
3710,Northgate Beverage,FACEBOOK,paid_social,SC26_Promo,LOYALTY_ZERO_STORY_B,,2026-08-15,958.55,
3711,Northgate Beverage,FB,paid_social,SC26_Promo,REEL_C,,2026-08-15,1122.65,
3712,Northgate Beverage,FB,PAID_SOCIAL,SUMMER_CUP_PROMO,AWARENESS_CAROUSEL_C,,2026-08-15,1129.82,
3713,Northgate Beverage,FACEBOOK,PAID_SOCIAL,SUMMER_CUP_PROMO,AWARENESS_ORIGINAL_VIDEO_6S_B,,2026-08-15,633.19,
3714,Northgate Beverage,fb_paid,PAID_SOCIAL,SUMMER_CUP_PROMO,BERRY_VIDEO_6S_B,,2026-08-15,1460.80,
3715,Northgate Beverage,ig_paid,PAID_SOCIAL,SUMMER_CUP_PROMO,ORIGINAL_CAROUSEL_A,,2026-08-15,780.30,
3716,Northgate Beverage,IG,PAID_SOCIAL,SUMMER_CUP_PROMO,ORIGINAL_STATIC_C,,2026-08-15,1130.54,
3717,Northgate Beverage,FACEBOOK,PAID_SOCIAL,SUMMER_CUP_PROMO,REEL_B,,2026-08-15,574.44,
3718,Northgate Beverage,GOOGLE,CPC,SUMMER_CUP_PROMO,RSA_2,zestify soda,2026-08-15,617.02,
3719,Northgate Beverage,FACEBOOK,paid_social,SUMMER_CUP_PROMO,RT_CAROUSEL_B,,2026-08-15,1412.08,
3720,Northgate Beverage,FACEBOOK,paid_social,SUMMER_CUP_PROMO,STATIC_B,,2026-08-15,1662.42,
3721,Pinecrest Bottling,google,cpc,sc26_q3,brand_ad,lemon lime soda,2026-08-15,904.15,
3722,Pinecrest Bottling,google,cpc,sc26_q3,zero_generic_ad,zestify near me,2026-08-15,2241.65,
3723,Pinecrest Bottling,tiktok,paidsocial,sc_26,berry_static_b,,2026-08-15,531.09,
3724,Pinecrest Bottling,email,email,summer_cup_2026,hero_banner,,2026-08-15,147.04,36761
3725,Redrock Beverage,email,email,order-receipt,cta_button,,2026-08-15,101.96,25489
3726,Redrock Beverage,tiktok,paid-social,sc-26,story_c,,2026-08-15,156.14,
3727,Redrock Beverage,fb,paid-social,sc-26,video_15s_c,,2026-08-15,626.37,
3728,Redrock Beverage,google,ppc,summer-cup-26,ginger_rsa_2,zestify soda,2026-08-15,715.36,
3729,Redrock Beverage,programmatic,display,summer-cup-26,ginger_video_15s_b,,2026-08-15,592.65,
3730,Redrock Beverage,tiktok,paid-social,summer-cup-26,zero_video_15s_b,,2026-08-15,1249.64,
3731,Sunvale Drinks,newsletter,e-mail,order_confirmation,notice_body,,2026-08-15,119.14,29785
3732,Sunvale Drinks,newsletter,email,summer cupp 2026,footer_link,,2026-08-15,45.24,11311
3733,Sunvale Drinks,fb,social,summer cupp 2026,rt_original_video_15s_a,,2026-08-15,956.55,
3734,Sunvale Drinks,sfmc,e-mail,summer_cup_blast,footer_link,,2026-08-15,33.27,8317
3735,Sunvale Drinks,fb,social,summer_cup_blast,static_c,,2026-08-15,485.82,
3736,Sunvale Drinks,newsletter,e-mail,summer_cup_newsletter,cta_button,,2026-08-15,35.40,8850
3737,Harborline Distributing,Email,Email,Summer Cup 2026,Footer Link,,2026-08-16,95.68,23920
3738,Harborline Distributing,google,paid search,Summer Cup 2026,Generic Ad,zestify near me,2026-08-16,197.43,
3739,Harborline Distributing,facebook,paid social,Summer Cup 2026,Lime Story C,,2026-08-16,1080.50,
3740,Harborline Distributing,Facebook,Paid Social,summer-cup-26,Story C,,2026-08-16,1354.49,
3741,Harborline Distributing,facebook,paid social,summer_cupp_26,Static A,,2026-08-16,610.51,
3742,Northgate Beverage,GOOGLE,CPC,SC26_Launch,COUPON_RSA_2,zero sugar soda,2026-08-16,988.74,
3743,Northgate Beverage,GDN,DISPLAY,SC26_Promo,COUPON_GINGER_CAROUSEL_B,,2026-08-16,227.42,
3744,Northgate Beverage,ig_paid,PAID_SOCIAL,SC26_Promo,LOYALTY_STATIC_B,,2026-08-16,1535.00,
3745,Northgate Beverage,ig_paid,PAID_SOCIAL,SC26_Promo,VIDEO_6S_C,,2026-08-16,228.43,
3746,Northgate Beverage,FB,paid_social,SUMMER_CUP_PROMO,AWARENESS_STORY_A,,2026-08-16,755.72,
3747,Northgate Beverage,GOOGLE,CPC,SUMMER_CUP_PROMO,BRAND_AD,lemon lime soda,2026-08-16,1218.04,
3748,Northgate Beverage,GOOGLE,CPC,SUMMER_CUP_PROMO,GENERIC_AD,lemon lime soda,2026-08-16,1063.82,
3749,Northgate Beverage,ig_paid,PAID_SOCIAL,SUMMER_CUP_PROMO,ORIGINAL_STATIC_B,,2026-08-16,806.80,
3750,Northgate Beverage,FB,PAID_SOCIAL,SUMMER_CUP_PROMO,REEL_C,,2026-08-16,1316.90,
3751,Pinecrest Bottling,tiktok,paidsocial,sc26_q3,carousel_c,,2026-08-16,806.62,
3752,Pinecrest Bottling,ig,paidsocial,sc26_q3,story_c,,2026-08-16,631.81,
3753,Pinecrest Bottling,ig,paidsocial,sc_26,awareness_story_b,,2026-08-16,338.07,
3754,Pinecrest Bottling,fb,paidsocial,sc_26,coupon_reel_c,,2026-08-16,2115.80,
3755,Pinecrest Bottling,fb,paidsocial,summer_cup_2026,lime_carousel_c,,2026-08-16,1423.32,
3756,Pinecrest Bottling,tt,paidsocial,summer_cup_2026,recipe_video_6s_c,,2026-08-16,581.72,
3757,Pinecrest Bottling,tiktok,paidsocial,summer_cup_2026,zero_story_a,,2026-08-16,442.55,
3758,Redrock Beverage,tiktok,paid-social,sc-26,berry_reel_c,,2026-08-16,882.15,
3759,Redrock Beverage,tiktok,paid-social,sc-26,carousel_b,,2026-08-16,637.80,
3760,Redrock Beverage,email,email,sc-26,footer_link,,2026-08-16,30.96,7740
3761,Redrock Beverage,email,email,sc-26,footer_link,,2026-08-16,84.32,21080
3762,Redrock Beverage,bing,ppc,sc-26,rsa_1,lemon lime soda,2026-08-16,2190.78,
3763,Redrock Beverage,bing,ppc,sc-26,rsa_2,sparkling lime drink,2026-08-16,832.50,
3764,Redrock Beverage,email,email,sc-26,rt_header_image,,2026-08-16,145.06,36265
3765,Redrock Beverage,facebook,paid-social,sc-26,rt_video_6s_c,,2026-08-16,4342.13,
3766,Redrock Beverage,google,ppc,sc-26,zero_rsa_1,sparkling lime drink,2026-08-16,493.37,
3767,Sunvale Drinks,sfmc,email,password_reset,notice_body,,2026-08-16,43.22,10806
3768,Sunvale Drinks,sfmc,e-mail,summer cupp 2026,coupon_header_image,,2026-08-16,130.25,32562
3769,Sunvale Drinks,sms,sms,summer cupp 2026,cta_button,,2026-08-16,26.45,2204
3770,Sunvale Drinks,sfmc,email,summer cupp 2026,hero_banner,,2026-08-16,154.86,38715
3771,Sunvale Drinks,facebook,social,summer cupp 2026,story_c,,2026-08-16,879.31,
3772,Sunvale Drinks,newsletter,email,summer_cup_blast,footer_link,,2026-08-16,69.58,17396
3773,Sunvale Drinks,email,e-mail,summer_cup_blast,header_image,,2026-08-16,122.52,30631
3774,Sunvale Drinks,sms,sms,summer_cup_blast,loyalty_hero_banner,,2026-08-16,59.00,4917
3775,Sunvale Drinks,facebook,social,summer_cup_newsletter,zero_reel_c,,2026-08-16,639.43,
3776,Harborline Distributing,Email,Email,Delivery Reminder,Notice Body,,2026-08-17,119.56,29891
3777,Harborline Distributing,Google Display,Display,Summer Cup 2026,Berry Story B,,2026-08-17,442.93,
3778,Harborline Distributing,Instagram,Paid Social,Summer Cup 2026,Lime Video 6S C,,2026-08-17,362.47,
3779,Harborline Distributing,google,Paid Search,summer_cupp_26,Zero Brand Ad,zero sugar soda,2026-08-17,420.55,
3780,Harborline Distributing,Facebook,Paid Social,summer_cupp_26,Zero Story A,,2026-08-17,701.32,
3781,Northgate Beverage,IG,PAID_SOCIAL,SC26_Promo,GINGER_VIDEO_6S_B,,2026-08-17,626.24,
3782,Northgate Beverage,ig_paid,PAID_SOCIAL,SC26_Promo,LOYALTY_VIDEO_15S_B,,2026-08-17,296.33,
3783,Northgate Beverage,GOOGLE,CPC,SC26_Promo,RSA_2,zestify near me,2026-08-17,1162.30,
3784,Northgate Beverage,fb_paid,PAID_SOCIAL,SC26_Promo,ZERO_STATIC_C,,2026-08-17,591.13,
3785,Northgate Beverage,FB,PAID_SOCIAL,SUMMER_CUP_PROMO,BERRY_VIDEO_6S_B,,2026-08-17,1714.08,
3786,Northgate Beverage,GOOGLE,CPC,SUMMER_CUP_PROMO,GENERIC_AD,sparkling lime drink,2026-08-17,965.83,
3787,Northgate Beverage,fb_paid,PAID_SOCIAL,SUMMER_CUP_PROMO,LOYALTY_CAROUSEL_C,,2026-08-17,679.01,
3788,Northgate Beverage,ig_paid,PAID_SOCIAL,SUMMER_CUP_PROMO,VIDEO_15S_A,,2026-08-17,789.11,
3789,Northgate Beverage,GDN,DISPLAY,SUMMER_CUP_PROMO,VIDEO_15S_B,,2026-08-17,1294.04,
3790,Pinecrest Bottling,sms,sms,rte_chg_notice,cta_button,,2026-08-17,117.50,9792
3791,Pinecrest Bottling,tt,paidsocial,sc26_q3,awareness_original_video_6s_c,,2026-08-17,392.22,
3792,Pinecrest Bottling,google,cpc,sc26_q3,brand_ad,zestify near me,2026-08-17,895.50,
3793,Pinecrest Bottling,tt,paidsocial,sc26_q3,carousel_c,,2026-08-17,1043.65,
3794,Pinecrest Bottling,fb,paidsocial,sc26_q3,ginger_carousel_b,,2026-08-17,852.64,
3795,Pinecrest Bottling,ig,paidsocial,sc26_q3,story_c,,2026-08-17,1314.96,
3796,Pinecrest Bottling,fb,paidsocial,sc_26,coupon_reel_c,,2026-08-17,1310.87,
3797,Pinecrest Bottling,fb,paidsocial,sc_26,loyalty_reel_c,,2026-08-17,2560.09,
3798,Pinecrest Bottling,tt,paidsocial,summer_cup_2026,awareness_video_6s_c,,2026-08-17,540.10,
3799,Pinecrest Bottling,tiktok,paidsocial,summer_cup_2026,story_a,,2026-08-17,835.78,
3800,Redrock Beverage,email,email,order-receipt,cta_button,,2026-08-17,31.49,7872
3801,Redrock Beverage,bing,ppc,sc-26,awareness_berry_rsa_1,zero sugar soda,2026-08-17,646.29,
3802,Redrock Beverage,fb,paid-social,sc-26,reel_a,,2026-08-17,2059.44,
3803,Redrock Beverage,tiktok,paid-social,sc-26,reel_a,,2026-08-17,1022.96,
3804,Redrock Beverage,tiktok,paid-social,sc-26,story_b,,2026-08-17,670.27,
3805,Redrock Beverage,fb,social,summer-cup-26,recipe_static_a,,2026-08-17,309.92,
3806,Redrock Beverage,google,ppc,summer-cup-26,rsa_1,lemon lime soda,2026-08-17,2608.07,
3807,Sunvale Drinks,newsletter,e-mail,order_confirmation,notice_body,,2026-08-17,25.30,6325
3808,Sunvale Drinks,newsletter,e-mail,summer cupp 2026,footer_link,,2026-08-17,73.85,18463
3809,Sunvale Drinks,google,cpc,summer cupp 2026,rsa_1,sparkling lime drink,2026-08-17,679.20,
3810,Sunvale Drinks,email,e-mail,summer_cup_blast,awareness_header_image,,2026-08-17,76.72,19179
3811,Sunvale Drinks,facebook,social,summer_cup_blast,carousel_b,,2026-08-17,201.96,
3812,Sunvale Drinks,sfmc,e-mail,summer_cup_blast,cta_button,,2026-08-17,119.34,29836
3813,Sunvale Drinks,sfmc,email,summer_cup_blast,footer_link,,2026-08-17,59.66,14914
3814,Sunvale Drinks,sfmc,e-mail,summer_cup_blast,header_image,,2026-08-17,82.79,20698
3815,Sunvale Drinks,facebook,social,summer_cup_blast,lime_video_6s_b,,2026-08-17,272.47,
3816,Sunvale Drinks,google,cpc,summer_cup_newsletter,generic_ad,zestify near me,2026-08-17,687.96,
3817,Sunvale Drinks,text,sms,summer_cup_newsletter,header_image,,2026-08-17,51.67,4306
3818,Harborline Distributing,facebook,paid social,Summer Cup 2026,Zero Static A,,2026-08-18,490.76,
3819,Harborline Distributing,Facebook,Paid Social,summer_cupp_26,Story A,,2026-08-18,1388.57,
3820,Harborline Distributing,Facebook,Paid Social,summer_cupp_26,Story B,,2026-08-18,1106.28,
3821,Harborline Distributing,Google Ads,paid search,summer_cupp_26,Zero Generic Ad,zestify near me,2026-08-18,196.70,
3822,Northgate Beverage,ig_paid,PAID_SOCIAL,SC26_Promo,AWARENESS_VIDEO_6S_C,,2026-08-18,1239.63,
3823,Northgate Beverage,GOOGLE,CPC,SUMMER_CUP_PROMO,AWARENESS_BERRY_RSA_1,zestify near me,2026-08-18,851.70,
3824,Northgate Beverage,GDN,DISPLAY,SUMMER_CUP_PROMO,AWARENESS_ORIGINAL_VIDEO_15S_A,,2026-08-18,465.34,
3825,Northgate Beverage,FACEBOOK,PAID_SOCIAL,SUMMER_CUP_PROMO,AWARENESS_ORIGINAL_VIDEO_6S_B,,2026-08-18,643.31,
3826,Northgate Beverage,fb_paid,PAID_SOCIAL,SUMMER_CUP_PROMO,AWARENESS_STATIC_C,,2026-08-18,528.34,
3827,Northgate Beverage,FB,paid_social,SUMMER_CUP_PROMO,LIME_REEL_B,,2026-08-18,733.93,
3828,Northgate Beverage,IG,PAID_SOCIAL,SUMMER_CUP_PROMO,ORIGINAL_STATIC_C,,2026-08-18,1614.76,
3829,Northgate Beverage,FB,paid_social,SUMMER_CUP_PROMO,STATIC_B,,2026-08-18,1802.15,
3830,Pinecrest Bottling,ig,paidsocial,sc26_q3,recipe_carousel_c,,2026-08-18,369.46,
3831,Pinecrest Bottling,email,email,sc_26,awareness_footer_link,,2026-08-18,127.35,31838
3832,Pinecrest Bottling,ig,paidsocial,sc_26,story_a,,2026-08-18,636.04,
3833,Pinecrest Bottling,tt,paidsocial,sc_26,zero_video_15s_c,,2026-08-18,387.29,
3834,Pinecrest Bottling,fb,paidsocial,summer_cup_2026,coupon_video_6s_a,,2026-08-18,337.48,
3835,Pinecrest Bottling,fb,paidsocial,summer_cup_2026,lime_carousel_c,,2026-08-18,1482.12,
3836,Pinecrest Bottling,email,email,summer_cup_2026,rt_hero_banner,,2026-08-18,83.70,20925
3837,Pinecrest Bottling,fb,paidsocial,summer_cup_2026,video_15s_c,,2026-08-18,2012.15,
3838,Pinecrest Bottling,fb,paidsocial,summer_cup_2026,zero_reel_b,,2026-08-18,340.66,
3839,Redrock Beverage,email,email,sc-26,footer_link,,2026-08-18,116.47,29118
3840,Redrock Beverage,programmatic,display,sc-26,ginger_video_6s_c,,2026-08-18,469.19,
3841,Redrock Beverage,email,email,sc-26,hero_banner,,2026-08-18,138.80,34700
3842,Redrock Beverage,fb,social,sc-26,reel_c,,2026-08-18,584.97,
3843,Redrock Beverage,google,ppc,sc-26,rsa_2,zestify near me,2026-08-18,760.55,
3844,Redrock Beverage,tiktok,paid-social,sc-26,story_c,,2026-08-18,95.61,
3845,Redrock Beverage,fb,paid-social,sc-26,video_6s_b,,2026-08-18,552.83,
3846,Redrock Beverage,programmatic,display,sc-26,zero_video_6s_a,,2026-08-18,409.25,
3847,Redrock Beverage,bing,ppc,summer-cup-26,awareness_rsa_1,zestify near me,2026-08-18,1272.13,
3848,Redrock Beverage,programmatic,display,summer-cup-26,ginger_video_15s_b,,2026-08-18,914.80,
3849,Sunvale Drinks,sfmc,e-mail,route_change_notice,notice_body,,2026-08-18,139.45,34863
3850,Sunvale Drinks,newsletter,email,summer cupp 2026,footer_link,,2026-08-18,141.78,35444
3851,Sunvale Drinks,email,email,summer cupp 2026,hero_banner,,2026-08-18,49.63,12408
3852,Sunvale Drinks,facebook,social,summer cupp 2026,static_c,,2026-08-18,451.73,
3853,Sunvale Drinks,facebook,social,summer_cup_blast,awareness_story_a,,2026-08-18,782.72,
3854,Sunvale Drinks,fb,social,summer_cup_blast,carousel_b,,2026-08-18,214.70,
3855,Sunvale Drinks,google,cpc,summer_cup_blast,rsa_2,zero sugar soda,2026-08-18,439.10,
3856,Harborline Distributing,Facebook,paid social,Summer Cup 2026,Berry Carousel A,,2026-08-19,170.15,
3857,Harborline Distributing,Email,Email,Summer Cup 2026,Footer Link,,2026-08-19,78.65,19662
3858,Harborline Distributing,Google Display,Display,Summer Cup 2026,Recipe Lime Reel C,,2026-08-19,215.30,
3859,Harborline Distributing,Facebook,paid social,Summer Cup 2026,Recipe Lime Video 6S A,,2026-08-19,501.04,
3860,Harborline Distributing,Google Ads,Paid Search,summer-cup-26,Rsa 1,sparkling lime drink,2026-08-19,738.28,
3861,Harborline Distributing,Instagram,Paid Social,summer_cupp_26,Carousel B,,2026-08-19,771.94,
3862,Harborline Distributing,Google Ads,paid search,summer_cupp_26,Recipe Berry Generic Ad,sparkling lime drink,2026-08-19,768.02,
3863,Harborline Distributing,facebook,paid social,summer_cupp_26,Video 6S B,,2026-08-19,598.87,
3864,Northgate Beverage,EMAIL,EMAIL,ORDER_CONFIRMATION,NOTICE_BODY,,2026-08-19,109.14,27284
3865,Northgate Beverage,IG,PAID_SOCIAL,SC26_Promo,AWARENESS_VIDEO_15S_C,,2026-08-19,1112.21,
3866,Northgate Beverage,GOOGLE,CPC,SC26_Promo,BERRY_GENERIC_AD,sparkling lime drink,2026-08-19,1032.88,
3867,Northgate Beverage,EMAIL,EMAIL,SC26_Promo,HERO_BANNER,,2026-08-19,72.49,18122
3868,Northgate Beverage,ig_paid,PAID_SOCIAL,SC26_Promo,ZERO_REEL_B,,2026-08-19,313.91,
3869,Northgate Beverage,FB,paid_social,SUMMER_CUP_PROMO,AWARENESS_CAROUSEL_C,,2026-08-19,1210.22,
3870,Northgate Beverage,FB,paid_social,SUMMER_CUP_PROMO,AWARENESS_CAROUSEL_C,,2026-08-19,1210.22,
3871,Northgate Beverage,fb_paid,paid_social,SUMMER_CUP_PROMO,AWARENESS_STORY_A,,2026-08-19,771.34,
3872,Northgate Beverage,GOOGLE,CPC,SUMMER_CUP_PROMO,GINGER_BRAND_AD,zestify soda,2026-08-19,2636.14,
3873,Northgate Beverage,GDN,DISPLAY,SUMMER_CUP_PROMO,REEL_A,,2026-08-19,137.15,
3874,Northgate Beverage,GOOGLE,CPC,SUMMER_CUP_PROMO,RSA_1,sparkling lime drink,2026-08-19,3641.08,
3875,Northgate Beverage,FB,paid_social,SUMMER_CUP_PROMO,RT_CAROUSEL_B,,2026-08-19,986.59,
3876,Northgate Beverage,fb_paid,paid_social,SUMMER_CUP_PROMO,STATIC_A,,2026-08-19,1471.96,
3877,Northgate Beverage,IG,PAID_SOCIAL,SUMMER_CUP_PROMO,VIDEO_6S_C,,2026-08-19,236.64,
3878,Pinecrest Bottling,ig,paidsocial,sc26_q3,loyalty_static_a,,2026-08-19,741.94,
3879,Pinecrest Bottling,tiktok,paidsocial,sc_26,berry_static_b,,2026-08-19,255.42,
3880,Pinecrest Bottling,ig,paidsocial,summer_cup_2026,berry_reel_a,,2026-08-19,1446.71,
3881,Pinecrest Bottling,email,email,summer_cup_2026,cta_button,,2026-08-19,96.09,24022
3882,Pinecrest Bottling,tiktok,paidsocial,summer_cup_2026,recipe_video_6s_c,,2026-08-19,423.58,
3883,Redrock Beverage,email,email,sc-26,footer_link,,2026-08-19,142.55,35638
3884,Redrock Beverage,bing,ppc,sc-26,loyalty_lime_rsa_1,sparkling lime drink,2026-08-19,727.12,
3885,Redrock Beverage,bing,ppc,sc-26,rsa_2,zestify near me,2026-08-19,1222.32,
3886,Redrock Beverage,facebook,social,sc-26,rt_video_6s_c,,2026-08-19,3210.72,
3887,Redrock Beverage,tiktok,paid-social,sc-26,story_a,,2026-08-19,283.40,
3888,Redrock Beverage,fb,social,summer-cup-26,carousel_c,,2026-08-19,1431.11,
3889,Redrock Beverage,tiktok,paid-social,summer-cup-26,zero_video_15s_b,,2026-08-19,966.02,
3890,Sunvale Drinks,sfmc,email,summer cupp 2026,coupon_cta_button,,2026-08-19,73.97,18493
3891,Sunvale Drinks,sms,sms,summer cupp 2026,cta_button,,2026-08-19,26.65,2221
3892,Sunvale Drinks,sfmc,email,summer cupp 2026,header_image,,2026-08-19,105.95,26487
3893,Sunvale Drinks,sms,sms,summer cupp 2026,hero_banner,,2026-08-19,111.70,9308
3894,Sunvale Drinks,facebook,social,summer cupp 2026,story_c,,2026-08-19,1522.69,
3895,Sunvale Drinks,sms,sms,summer_cup_blast,footer_link,,2026-08-19,62.46,5205
3896,Sunvale Drinks,newsletter,e-mail,summer_cup_blast,header_image,,2026-08-19,16.16,4040
3897,Sunvale Drinks,text,sms,summer_cup_blast,recipe_header_image,,2026-08-19,22.09,1841
3898,Sunvale Drinks,sfmc,email,summer_cup_blast,rt_header_image,,2026-08-19,37.08,9271
3899,Sunvale Drinks,text,sms,summer_cup_newsletter,hero_banner,,2026-08-19,71.28,5940
3900,Harborline Distributing,Instagram,Paid Social,Summer Cup 2026,Carousel A,,2026-08-20,160.47,
3901,Harborline Distributing,facebook,Paid Social,Summer Cup 2026,Coupon Video 6S A,,2026-08-20,307.30,
3902,Harborline Distributing,Google Ads,paid search,Summer Cup 2026,Generic Ad,zestify soda,2026-08-20,176.39,
3903,Harborline Distributing,Google Ads,Paid Search,Summer Cup 2026,Original Rsa 2,sparkling lime drink,2026-08-20,357.73,
3904,Harborline Distributing,facebook,paid social,summer-cup-26,Awareness Video 15S B,,2026-08-20,257.27,
3905,Harborline Distributing,Google Ads,Paid Search,summer-cup-26,Rsa 2,lemon lime soda,2026-08-20,232.66,
3906,Harborline Distributing,Instagram,Paid Social,summer_cupp_26,Awareness Video 6S C,,2026-08-20,363.38,
3907,Northgate Beverage,GDN,DISPLAY,SC26_Promo,COUPON_GINGER_CAROUSEL_B,,2026-08-20,264.37,
3908,Northgate Beverage,IG,PAID_SOCIAL,SC26_Promo,LOYALTY_STATIC_B,,2026-08-20,632.21,
3909,Northgate Beverage,GOOGLE,CPC,SUMMER_CUP_PROMO,RSA_2,zestify soda,2026-08-20,335.11,
3910,Northgate Beverage,FB,paid_social,SUMMER_CUP_PROMO,STORY_B,,2026-08-20,352.71,
3911,Pinecrest Bottling,ig,paidsocial,sc_26,loyalty_reel_b,,2026-08-20,1215.21,
3912,Pinecrest Bottling,google,cpc,sc_26,loyalty_zero_rsa_2,zestify soda,2026-08-20,659.38,
3913,Pinecrest Bottling,ig,paidsocial,summer_cup_2026,video_6s_c,,2026-08-20,234.25,
3914,Redrock Beverage,bing,ppc,sc-26,coupon_rsa_2,zestify near me,2026-08-20,1488.84,
3915,Redrock Beverage,email,email,sc-26,footer_link,,2026-08-20,17.48,4371
3916,Redrock Beverage,email,email,sc-26,header_image,,2026-08-20,48.81,12202
3917,Redrock Beverage,programmatic,display,sc-26,original_reel_b,,2026-08-20,511.34,
3918,Redrock Beverage,google,ppc,sc-26,recipe_brand_ad,zero sugar soda,2026-08-20,627.25,
3919,Redrock Beverage,programmatic,display,sc-26,reel_b,,2026-08-20,1201.07,
3920,Redrock Beverage,bing,ppc,sc-26,rsa_1,zero sugar soda,2026-08-20,1665.25,
3921,Redrock Beverage,google,ppc,summer-cup-26,rsa_2,zestify soda,2026-08-20,310.67,
3922,Sunvale Drinks,sfmc,email,summer cupp 2026,coupon_header_image,,2026-08-20,26.75,6687
3923,Sunvale Drinks,text,sms,summer cupp 2026,cta_button,,2026-08-20,104.09,8674
3924,Sunvale Drinks,facebook,social,summer cupp 2026,ginger_story_a,,2026-08-20,393.39,
3925,Sunvale Drinks,facebook,social,summer cupp 2026,story_c,,2026-08-20,1295.32,
3926,Sunvale Drinks,email,email,summer_cup_blast,coupon_cta_button,,2026-08-20,156.08,39020
3927,Sunvale Drinks,email,email,summer_cup_blast,cta_button,,2026-08-20,66.80,16700
3928,Sunvale Drinks,text,sms,summer_cup_blast,cta_button,,2026-08-20,106.24,8853
3929,Sunvale Drinks,email,e-mail,summer_cup_blast,footer_link,,2026-08-20,90.83,22707
3930,Sunvale Drinks,newsletter,e-mail,summer_cup_blast,footer_link,,2026-08-20,76.59,19148
3931,Sunvale Drinks,newsletter,email,summer_cup_blast,header_image,,2026-08-20,85.57,21392
3932,Sunvale Drinks,newsletter,e-mail,summer_cup_blast,loyalty_header_image,,2026-08-20,47.40,11850
3933,Sunvale Drinks,fb,social,summer_cup_blast,original_video_15s_c,,2026-08-20,339.63,
3934,Sunvale Drinks,fb,social,summer_cup_blast,rt_reel_b,,2026-08-20,522.30,
3935,Sunvale Drinks,sfmc,email,summer_cup_newsletter,footer_link,,2026-08-20,52.30,13076
3936,Harborline Distributing,Google Ads,paid search,Summer Cup 2026,Generic Ad,zestify near me,2026-08-21,930.74,
3937,Harborline Distributing,Facebook,Paid Social,Summer Cup 2026,Lime Video 15S B,,2026-08-21,829.44,
3938,Harborline Distributing,Email,Email,summer-cup-26,Coupon Header Image,,2026-08-21,26.99,6747
3939,Harborline Distributing,google,paid search,summer-cup-26,Lime Generic Ad,lemon lime soda,2026-08-21,1843.70,
3940,Harborline Distributing,Facebook,Paid Social,summer-cup-26,Reel A,,2026-08-21,894.91,
3941,Harborline Distributing,Google Ads,Paid Search,summer_cupp_26,Coupon Zero Generic Ad,zestify near me,2026-08-21,1435.39,
3942,Northgate Beverage,EMAIL,EMAIL,DELIVERY_REMINDER,NOTICE_BODY,,2026-08-21,65.08,16270
3943,Northgate Beverage,GOOGLE,CPC,SC26_Launch,COUPON_RSA_2,zestify soda,2026-08-21,513.59,
3944,Northgate Beverage,GOOGLE,CPC,SC26_Promo,GENERIC_AD,zestify near me,2026-08-21,1039.37,
3945,Northgate Beverage,GOOGLE,CPC,SC26_Promo,GINGER_RSA_2,zestify near me,2026-08-21,699.23,
3946,Northgate Beverage,IG,PAID_SOCIAL,SC26_Promo,VIDEO_6S_C,,2026-08-21,551.41,
3947,Northgate Beverage,ig_paid,PAID_SOCIAL,SUMMER_CUP_PROMO,BERRY_VIDEO_15S_A,,2026-08-21,3046.82,
3948,Northgate Beverage,ig_paid,PAID_SOCIAL,SUMMER_CUP_PROMO,REEL_B,,2026-08-21,415.66,
3949,Northgate Beverage,FACEBOOK,paid_social,SUMMER_CUP_PROMO,REEL_C,,2026-08-21,2124.28,
3950,Northgate Beverage,fb_paid,PAID_SOCIAL,SUMMER_CUP_PROMO,VIDEO_15S_B,,2026-08-21,1097.56,
3951,Northgate Beverage,GDN,DISPLAY,SUMMER_CUP_PROMO,ZERO_VIDEO_15S_C,,2026-08-21,435.44,
3952,Pinecrest Bottling,ig,paidsocial,sc26_q3,story_c,,2026-08-21,1046.51,
3953,Pinecrest Bottling,ig,paidsocial,sc_26,ginger_video_6s_a,,2026-08-21,177.66,
3954,Pinecrest Bottling,ig,paidsocial,sc_26,ginger_video_6s_a,,2026-08-21,457.32,
3955,Pinecrest Bottling,fb,paidsocial,sc_26,story_c,,2026-08-21,576.27,
3956,Pinecrest Bottling,google,cpc,summer_cup_2026,awareness_rsa_1,zero sugar soda,2026-08-21,1276.08,
3957,Pinecrest Bottling,google,cpc,summer_cup_2026,rt_rsa_2,zestify near me,2026-08-21,243.73,
3958,Redrock Beverage,bing,ppc,sc-26,awareness_zero_rsa_2,zestify near me,2026-08-21,899.97,
3959,Redrock Beverage,email,email,sc-26,footer_link,,2026-08-21,122.26,30565
3960,Redrock Beverage,google,ppc,sc-26,original_rsa_1,zero sugar soda,2026-08-21,946.22,
3961,Redrock Beverage,bing,ppc,sc-26,rt_berry_rsa_2,zero sugar soda,2026-08-21,505.77,
3962,Redrock Beverage,fb,social,sc-26,static_b,,2026-08-21,1733.60,
3963,Redrock Beverage,programmatic,display,sc-26,static_b,,2026-08-21,159.64,
3964,Redrock Beverage,facebook,paid-social,sc-26,zero_video_6s_c,,2026-08-21,1946.20,
3965,Sunvale Drinks,sms,sms,delivery_window_reminder,transactional_template,,2026-08-21,63.77,5314
3966,Sunvale Drinks,newsletter,email,receipt,cta_button,,2026-08-21,141.89,35473
3967,Sunvale Drinks,newsletter,email,summer cupp 2026,header_image,,2026-08-21,22.76,5689
3968,Sunvale Drinks,email,e-mail,summer_cup_blast,footer_link,,2026-08-21,66.89,16722
3969,Sunvale Drinks,fb,social,summer_cup_blast,static_c,,2026-08-21,441.66,
3970,Sunvale Drinks,sfmc,e-mail,summer_cup_newsletter,cta_button,,2026-08-21,142.69,35673
3971,Sunvale Drinks,facebook,social,summer_cup_newsletter,zero_reel_c,,2026-08-21,761.53,
3972,Harborline Distributing,Facebook,paid social,Summer Cup 2026,Video 6S C,,2026-08-22,222.28,
3973,Harborline Distributing,Google Ads,paid search,summer-cup-26,Awareness Generic Ad,lemon lime soda,2026-08-22,907.24,
3974,Harborline Distributing,facebook,Paid Social,summer_cupp_26,Recipe Carousel C,,2026-08-22,205.59,
3975,Northgate Beverage,GOOGLE,CPC,SUMMER_CUP_PROMO,GENERIC_AD,zestify soda,2026-08-22,599.95,
3976,Northgate Beverage,GOOGLE,CPC,SUMMER_CUP_PROMO,GINGER_RSA_1,lemon lime soda,2026-08-22,1891.58,
3977,Northgate Beverage,ig_paid,PAID_SOCIAL,SUMMER_CUP_PROMO,ORIGINAL_STATIC_B,,2026-08-22,685.09,
3978,Northgate Beverage,ig_paid,PAID_SOCIAL,SUMMER_CUP_PROMO,ORIGINAL_VIDEO_6S_B,,2026-08-22,511.09,
3979,Northgate Beverage,GOOGLE,CPC,SUMMER_CUP_PROMO,RSA_2,zestify soda,2026-08-22,659.87,
3980,Northgate Beverage,IG,PAID_SOCIAL,SUMMER_CUP_PROMO,VIDEO_6S_B,,2026-08-22,554.57,
3981,Pinecrest Bottling,google,cpc,sc_26,awareness_brand_ad,zero sugar soda,2026-08-22,271.39,
3982,Pinecrest Bottling,tiktok,paidsocial,sc_26,rt_ginger_carousel_c,,2026-08-22,584.64,
3983,Pinecrest Bottling,email,email,summer_cup_2026,hero_banner,,2026-08-22,158.35,39587
3984,Pinecrest Bottling,tiktok,paidsocial,summer_cup_2026,reel_a,,2026-08-22,503.99,
3985,Redrock Beverage,tiktok,paid-social,sc-26,berry_reel_c,,2026-08-22,1086.36,
3986,Redrock Beverage,bing,ppc,sc-26,brand_ad,zestify near me,2026-08-22,650.34,
3987,Redrock Beverage,tiktok,paid-social,sc-26,carousel_b,,2026-08-22,259.46,
3988,Redrock Beverage,bing,ppc,sc-26,generic_ad,sparkling lime drink,2026-08-22,2841.98,
3989,Redrock Beverage,email,email,sc-26,header_image,,2026-08-22,64.69,16173
3990,Redrock Beverage,bing,ppc,sc-26,lime_rsa_2,lemon lime soda,2026-08-22,715.77,
3991,Redrock Beverage,tiktok,paid-social,sc-26,recipe_original_carousel_c,,2026-08-22,668.92,
3992,Redrock Beverage,facebook,social,sc-26,video_15s_c,,2026-08-22,644.35,
3993,Redrock Beverage,programmatic,display,sc-26,zero_video_6s_a,,2026-08-22,135.41,
3994,Sunvale Drinks,fb,social,summer cupp 2026,berry_story_b,,2026-08-22,461.67,
3995,Sunvale Drinks,sfmc,e-mail,summer cupp 2026,header_image,,2026-08-22,21.72,5429
3996,Sunvale Drinks,newsletter,email,summer cupp 2026,loyalty_hero_banner,,2026-08-22,108.18,27046
3997,Sunvale Drinks,facebook,social,summer cupp 2026,rt_original_video_15s_a,,2026-08-22,1071.07,
3998,Sunvale Drinks,facebook,social,summer cupp 2026,static_b,,2026-08-22,672.21,
3999,Sunvale Drinks,sms,sms,summer_cup_blast,header_image,,2026-08-22,55.94,4662
4000,Sunvale Drinks,sms,sms,summer_cup_blast,loyalty_hero_banner,,2026-08-22,33.25,2771
4001,Sunvale Drinks,newsletter,e-mail,summer_cup_newsletter,loyalty_cta_button,,2026-08-22,21.38,5345
4002,Harborline Distributing,Google Display,Display,Summer Cup 2026,Berry Reel A,,2026-08-23,296.81,
4003,Harborline Distributing,facebook,paid social,Summer Cup 2026,Berry Reel C,,2026-08-23,1401.29,
4004,Harborline Distributing,Instagram,Paid Social,Summer Cup 2026,Berry Video 6S B,,2026-08-23,645.84,
4005,Harborline Distributing,Email,Email,Summer Cup 2026,Hero Banner,,2026-08-23,44.58,11145
4006,Harborline Distributing,facebook,Paid Social,Summer Cup 2026,Lime Story C,,2026-08-23,1065.31,
4007,Harborline Distributing,Google Ads,Paid Search,Summer Cup 2026,Rsa 2,zero sugar soda,2026-08-23,867.80,
4008,Harborline Distributing,facebook,paid social,Summer Cup 2026,Static A,,2026-08-23,1356.12,
4009,Harborline Distributing,facebook,Paid Social,Summer Cup 2026,Static C,,2026-08-23,650.07,
4010,Harborline Distributing,facebook,Paid Social,Summer Cup 2026,Story C,,2026-08-23,565.26,
4011,Harborline Distributing,Google Display,Display,summer-cup-26,Carousel C,,2026-08-23,138.34,
4012,Harborline Distributing,Email,Email,summer-cup-26,Hero Banner,,2026-08-23,55.30,13824
4013,Harborline Distributing,facebook,paid social,summer-cup-26,Story C,,2026-08-23,1621.45,
4014,Harborline Distributing,Email,Email,summer_cupp_26,Footer Link,,2026-08-23,55.07,13767
4015,Harborline Distributing,facebook,paid social,summer_cupp_26,Static A,,2026-08-23,568.36,
4016,Northgate Beverage,fb_paid,paid_social,SC26_Promo,LOYALTY_ZERO_STORY_B,,2026-08-23,600.93,
4017,Northgate Beverage,fb_paid,paid_social,SC26_Promo,REEL_C,,2026-08-23,1189.55,
4018,Northgate Beverage,GOOGLE,CPC,SUMMER_CUP_PROMO,BRAND_AD,lemon lime soda,2026-08-23,1599.67,
4019,Northgate Beverage,IG,PAID_SOCIAL,SUMMER_CUP_PROMO,ORIGINAL_CAROUSEL_A,,2026-08-23,1182.19,
4020,Northgate Beverage,FB,paid_social,SUMMER_CUP_PROMO,REEL_B,,2026-08-23,1042.33,
4021,Pinecrest Bottling,email,email,ord_conf,notice_body,,2026-08-23,42.56,10639
4022,Pinecrest Bottling,fb,paidsocial,sc26_q3,ginger_reel_a,,2026-08-23,1390.81,
4023,Pinecrest Bottling,ig,paidsocial,sc_26,awareness_story_b,,2026-08-23,362.19,
4024,Pinecrest Bottling,fb,paidsocial,summer_cup_2026,recipe_zero_reel_c,,2026-08-23,1092.83,
4025,Pinecrest Bottling,tiktok,paidsocial,summer_cup_2026,reel_c,,2026-08-23,328.81,
4026,Pinecrest Bottling,fb,paidsocial,summer_cup_2026,rt_ginger_video_15s_c,,2026-08-23,1236.66,
4027,Pinecrest Bottling,tiktok,paidsocial,summer_cup_2026,zero_story_a,,2026-08-23,1010.39,
4028,Redrock Beverage,bing,ppc,sc-26,ginger_rsa_2,sparkling lime drink,2026-08-23,974.18,
4029,Redrock Beverage,google,ppc,sc-26,rsa_1,zestify soda,2026-08-23,2020.81,
4030,Redrock Beverage,email,email,sc-26,rt_header_image,,2026-08-23,43.78,10945
4031,Redrock Beverage,programmatic,display,sc-26,static_a,,2026-08-23,750.55,
4032,Redrock Beverage,google,ppc,summer-cup-26,ginger_rsa_2,zestify near me,2026-08-23,597.00,
4033,Redrock Beverage,programmatic,display,summer-cup-26,reel_c,,2026-08-23,345.08,
4034,Sunvale Drinks,sms,sms,summer cupp 2026,footer_link,,2026-08-23,78.47,6539
4035,Sunvale Drinks,newsletter,e-mail,summer_cup_blast,footer_link,,2026-08-23,50.90,12724
4036,Sunvale Drinks,sfmc,e-mail,summer_cup_newsletter,cta_button,,2026-08-23,137.16,34291
4037,Sunvale Drinks,sfmc,email,summer_cup_newsletter,cta_button,,2026-08-23,17.38,4345
4038,Sunvale Drinks,newsletter,e-mail,summer_cup_newsletter,rt_header_image,,2026-08-23,126.04,31509
4039,Harborline Distributing,Instagram,Paid Social,Summer Cup 2026,Berry Video 6S B,,2026-08-24,476.65,
4040,Harborline Distributing,Instagram,Paid Social,Summer Cup 2026,Berry Video 6S B,,2026-08-24,476.65,
4041,Harborline Distributing,Google Ads,paid search,Summer Cup 2026,Generic Ad,sparkling lime drink,2026-08-24,312.20,
4042,Harborline Distributing,Email,Email,Summer Cup 2026,Hero Banner,,2026-08-24,113.62,28406
4043,Harborline Distributing,Facebook,paid social,Summer Cup 2026,Lime Story C,,2026-08-24,1108.81,
4044,Harborline Distributing,facebook,Paid Social,Summer Cup 2026,Lime Video 15S B,,2026-08-24,1288.35,
4045,Harborline Distributing,google,Paid Search,Summer Cup 2026,Rsa 2,zestify near me,2026-08-24,959.96,
4046,Harborline Distributing,facebook,Paid Social,Summer Cup 2026,Zero Static A,,2026-08-24,481.77,
4047,Harborline Distributing,facebook,Paid Social,summer-cup-26,Story C,,2026-08-24,948.20,
4048,Harborline Distributing,Facebook,paid social,summer_cupp_26,Video 6S B,,2026-08-24,495.60,
4049,Harborline Distributing,Facebook,Paid Social,summer_cupp_26,Zero Story A,,2026-08-24,888.21,
4050,Northgate Beverage,GOOGLE,CPC,SUMMER_CUP_PROMO,AWARENESS_BERRY_RSA_1,zestify near me,2026-08-24,806.27,
4051,Northgate Beverage,FB,paid_social,SUMMER_CUP_PROMO,AWARENESS_STORY_A,,2026-08-24,752.47,
4052,Northgate Beverage,IG,PAID_SOCIAL,SUMMER_CUP_PROMO,BERRY_VIDEO_15S_A,,2026-08-24,3528.41,
4053,Northgate Beverage,ig_paid,PAID_SOCIAL,SUMMER_CUP_PROMO,CAROUSEL_A,,2026-08-24,298.33,
4054,Northgate Beverage,GOOGLE,CPC,SUMMER_CUP_PROMO,GINGER_RSA_1,lemon lime soda,2026-08-24,2658.96,
4055,Northgate Beverage,FB,paid_social,SUMMER_CUP_PROMO,LOYALTY_CAROUSEL_C,,2026-08-24,1307.71,
4056,Northgate Beverage,FACEBOOK,PAID_SOCIAL,SUMMER_CUP_PROMO,REEL_C,,2026-08-24,2344.20,
4057,Northgate Beverage,FACEBOOK,PAID_SOCIAL,SUMMER_CUP_PROMO,RT_CAROUSEL_B,,2026-08-24,1413.37,
4058,Northgate Beverage,fb_paid,paid_social,SUMMER_CUP_PROMO,VIDEO_15S_B,,2026-08-24,802.44,
4059,Pinecrest Bottling,tt,paidsocial,sc26_q3,awareness_original_video_6s_c,,2026-08-24,747.81,
4060,Pinecrest Bottling,fb,paidsocial,sc26_q3,ginger_reel_a,,2026-08-24,1155.25,
4061,Pinecrest Bottling,google,cpc,sc_26,awareness_brand_ad,sparkling lime drink,2026-08-24,414.21,
4062,Pinecrest Bottling,ig,paidsocial,sc_26,loyalty_reel_b,,2026-08-24,1071.18,
4063,Pinecrest Bottling,fb,paidsocial,sc_26,loyalty_reel_c,,2026-08-24,3868.05,
4064,Pinecrest Bottling,tiktok,paidsocial,sc_26,zero_video_15s_c,,2026-08-24,408.97,
4065,Pinecrest Bottling,google,cpc,summer_cup_2026,awareness_rsa_1,zestify soda,2026-08-24,1104.90,
4066,Pinecrest Bottling,tiktok,paidsocial,summer_cup_2026,awareness_video_6s_c,,2026-08-24,762.88,
4067,Pinecrest Bottling,ig,paidsocial,summer_cup_2026,berry_reel_a,,2026-08-24,1497.33,
4068,Pinecrest Bottling,email,email,summer_cup_2026,rt_hero_banner,,2026-08-24,159.10,39775
4069,Pinecrest Bottling,fb,paidsocial,summer_cup_2026,video_15s_c,,2026-08-24,2270.88,
4070,Pinecrest Bottling,ig,paidsocial,summer_cup_2026,video_6s_c,,2026-08-24,254.30,
4071,Pinecrest Bottling,fb,paidsocial,summer_cup_2026,zero_reel_b,,2026-08-24,246.57,
4072,Redrock Beverage,tiktok,paid-social,fall-kickoff-26,coupon_video_6s_b,,2026-08-24,756.34,
4073,Redrock Beverage,google,ppc,sc-26,brand_ad,sparkling lime drink,2026-08-24,3391.27,
4074,Redrock Beverage,bing,ppc,sc-26,lime_rsa_2,zestify soda,2026-08-24,603.18,
4075,Redrock Beverage,programmatic,display,sc-26,original_reel_b,,2026-08-24,468.70,
4076,Redrock Beverage,tiktok,paid-social,sc-26,reel_a,,2026-08-24,1294.05,
4077,Redrock Beverage,fb,social,sc-26,reel_c,,2026-08-24,1004.95,
4078,Redrock Beverage,bing,ppc,sc-26,rsa_1,sparkling lime drink,2026-08-24,2565.38,
4079,Redrock Beverage,meta,paid-social,sc-26,rt_video_6s_c,,2026-08-24,5933.58,
4080,Redrock Beverage,tiktok,paid-social,sc-26,story_b,,2026-08-24,702.49,
4081,Redrock Beverage,bing,ppc,summer-cup-26,ginger_rsa_2,sparkling lime drink,2026-08-24,285.43,
4082,Sunvale Drinks,newsletter,e-mail,order_confirmation,notice_body,,2026-08-24,153.96,38491
4083,Sunvale Drinks,email,email,summer cupp 2026,footer_link,,2026-08-24,143.26,35814
4084,Sunvale Drinks,sfmc,e-mail,summer_cup_blast,cta_button,,2026-08-24,48.11,12028
4085,Sunvale Drinks,newsletter,email,summer_cup_blast,header_image,,2026-08-24,60.21,15053
4086,Sunvale Drinks,sms,sms,summer_cup_blast,header_image,,2026-08-24,56.22,4685
4087,Sunvale Drinks,facebook,social,summer_cup_blast,original_video_15s_c,,2026-08-24,636.21,
4088,Sunvale Drinks,sms,sms,summer_cup_blast,recipe_header_image,,2026-08-24,87.22,7268
4089,Sunvale Drinks,google,cpc,summer_cup_blast,rsa_2,zero sugar soda,2026-08-24,372.93,
4090,Sunvale Drinks,facebook,social,summer_cup_blast,static_c,,2026-08-24,335.08,
4091,Sunvale Drinks,email,email,summer_cup_newsletter,footer_link,,2026-08-24,50.01,12502
4092,Sunvale Drinks,text,sms,summer_cup_newsletter,hero_banner,,2026-08-24,68.86,5738
4093,Sunvale Drinks,facebook,social,summer_cup_newsletter,zero_reel_c,,2026-08-24,953.12,
4094,Harborline Distributing,facebook,paid social,Fall%20Kickoff,Zero Video 15S B,,2026-08-25,894.20,
4095,Harborline Distributing,Facebook,Paid Social,Summer Cup 2026,Berry Reel C,,2026-08-25,733.62,
4096,Harborline Distributing,Google Display,Display,Summer Cup 2026,Recipe Lime Reel C,,2026-08-25,185.42,
4097,Harborline Distributing,Facebook,Paid Social,Summer Cup 2026,Recipe Lime Video 6S A,,2026-08-25,1184.96,
4098,Harborline Distributing,google,Paid Search,fal kickoff 2026,Rsa 2,zero sugar soda,2026-08-25,703.44,
4099,Harborline Distributing,Email,Email,summer-cup-26,Coupon Header Image,,2026-08-25,89.88,22470
4100,Harborline Distributing,Email,Email,summer-cup-26,Hero Banner,,2026-08-25,78.39,19597
4101,Harborline Distributing,google,Paid Search,summer-cup-26,Lime Generic Ad,zestify near me,2026-08-25,849.45,
4102,Harborline Distributing,google,paid search,summer-cup-26,Rsa 1,zero sugar soda,2026-08-25,745.99,
4103,Northgate Beverage,EMAIL,EMAIL,SC26_Promo,HEADER_IMAGE,,2026-08-25,78.90,19725
4104,Northgate Beverage,IG,PAID_SOCIAL,SC26_Promo,LOYALTY_VIDEO_15S_B,,2026-08-25,281.85,
4105,Northgate Beverage,fb_paid,PAID_SOCIAL,SC26_Promo,LOYALTY_ZERO_STORY_B,,2026-08-25,938.60,
4106,Northgate Beverage,FACEBOOK,PAID_SOCIAL,SC26_Promo,STORY_C,,2026-08-25,263.48,
4107,Northgate Beverage,IG,PAID_SOCIAL,SC26_Promo,ZERO_REEL_B,,2026-08-25,430.30,
4108,Northgate Beverage,FB,paid_social,SUMMER_CUP_PROMO,BERRY_VIDEO_6S_B,,2026-08-25,2075.41,
4109,Northgate Beverage,IG,PAID_SOCIAL,SUMMER_CUP_PROMO,ORIGINAL_VIDEO_6S_B,,2026-08-25,563.62,
4110,Northgate Beverage,FACEBOOK,PAID_SOCIAL,SUMMER_CUP_PROMO,STORY_B,,2026-08-25,664.69,
4111,Pinecrest Bottling,email,email,ord_conf,notice_body,,2026-08-25,89.48,22370
4112,Pinecrest Bottling,ig,paidsocial,sc26_q3,story_c,,2026-08-25,1470.05,
4113,Pinecrest Bottling,email,email,summer_cup_2026,hero_banner,,2026-08-25,132.23,33058
4114,Pinecrest Bottling,tt,paidsocial,summer_cup_2026,reel_a,,2026-08-25,278.16,
4115,Pinecrest Bottling,tiktok,paidsocial,summer_cup_2026,zero_story_a,,2026-08-25,485.06,
4116,Redrock Beverage,email,email,fall-kickoff-26,coupon_hero_banner,,2026-08-25,33.83,8457
4117,Redrock Beverage,google,ppc,sc-26,brand_ad,zestify near me,2026-08-25,263.37,
4118,Redrock Beverage,facebook,social,sc-26,reel_a,,2026-08-25,1231.27,
4119,Redrock Beverage,fb,paid-social,sc-26,video_15s_c,,2026-08-25,873.91,
4120,Redrock Beverage,bing,ppc,sc-26,zero_brand_ad,lemon lime soda,2026-08-25,2625.07,
4121,Redrock Beverage,programmatic,display,summer-cup-26,ginger_video_15s_b,,2026-08-25,614.37,
4122,Sunvale Drinks,sms,sms,FallKickoff2026,cta_button,,2026-08-25,38.28,3190
4123,Sunvale Drinks,sms,sms,delivery_window_reminder,transactional_template,,2026-08-25,42.96,3580
4124,Sunvale Drinks,email,email,summer cupp 2026,cta_button,,2026-08-25,128.06,32016
4125,Sunvale Drinks,facebook,social,summer cupp 2026,ginger_story_a,,2026-08-25,805.61,
4126,Sunvale Drinks,sfmc,e-mail,summer cupp 2026,hero_banner,,2026-08-25,141.87,35467
4127,Sunvale Drinks,fb,social,summer cupp 2026,story_c,,2026-08-25,1766.75,
4128,Sunvale Drinks,email,email,summer_cup_newsletter,cta_button,,2026-08-25,148.63,37157
4129,Sunvale Drinks,sfmc,email,summer_cup_newsletter,cta_button,,2026-08-25,45.74,11436
4130,Harborline Distributing,Facebook,Paid Social,Fall%20Kickoff,Video 15S C,,2026-08-26,278.30,
4131,Harborline Distributing,facebook,Paid Social,Summer Cup 2026,Berry Carousel A,,2026-08-26,183.08,
4132,Harborline Distributing,Email,Email,fal kickoff 2026,Hero Banner,,2026-08-26,153.86,38466
4133,Harborline Distributing,google,paid search,fal kickoff 2026,Rsa 1,sparkling lime drink,2026-08-26,340.13,
4134,Harborline Distributing,Google Display,Display,summer-cup-26,Carousel C,,2026-08-26,201.18,
4135,Harborline Distributing,Facebook,Paid Social,summer-cup-26,Reel A,,2026-08-26,1225.93,
4136,Harborline Distributing,Google Ads,paid search,summer-cup-26,Rsa 2,sparkling lime drink,2026-08-26,168.42,
4137,Harborline Distributing,Instagram,Paid Social,summer_cupp_26,Carousel B,,2026-08-26,300.90,
4138,Harborline Distributing,google,paid search,summer_cupp_26,Coupon Zero Generic Ad,zestify near me,2026-08-26,858.11,
4139,Harborline Distributing,Email,Email,summer_cupp_26,Footer Link,,2026-08-26,80.81,20203
4140,Northgate Beverage,IG,PAID_SOCIAL,SC26_Promo,AWARENESS_VIDEO_15S_C,,2026-08-26,1213.32,
4141,Northgate Beverage,GOOGLE,CPC,SC26_Promo,BERRY_GENERIC_AD,zestify soda,2026-08-26,930.29,
4142,Northgate Beverage,ig_paid,PAID_SOCIAL,SC26_Promo,GINGER_VIDEO_6S_B,,2026-08-26,1144.15,
4143,Northgate Beverage,ig_paid,PAID_SOCIAL,SC26_Promo,LOYALTY_STATIC_B,,2026-08-26,715.64,
4144,Northgate Beverage,FB,PAID_SOCIAL,SC26_Promo,REEL_C,,2026-08-26,888.92,
4145,Northgate Beverage,GOOGLE,CPC,SC26_Promo,RSA_2,zero sugar soda,2026-08-26,1991.38,
4146,Northgate Beverage,FB,PAID_SOCIAL,SC26_Promo,ZERO_STATIC_C,,2026-08-26,1044.01,
4147,Northgate Beverage,FACEBOOK,paid_social,SUMMER_CUP_PROMO,AWARENESS_ORIGINAL_VIDEO_6S_B,,2026-08-26,1202.14,
4148,Northgate Beverage,GOOGLE,CPC,SUMMER_CUP_PROMO,GENERIC_AD,sparkling lime drink,2026-08-26,791.07,
4149,Northgate Beverage,ig_paid,PAID_SOCIAL,SUMMER_CUP_PROMO,REEL_B,,2026-08-26,565.13,
4150,Northgate Beverage,GOOGLE,CPC,SUMMER_CUP_PROMO,RSA_1,zero sugar soda,2026-08-26,2585.75,
4151,Northgate Beverage,GDN,DISPLAY,SUMMER_CUP_PROMO,VIDEO_15S_B,,2026-08-26,881.57,
4152,Northgate Beverage,ig_paid,PAID_SOCIAL,SUMMER_CUP_PROMO,VIDEO_6S_C,,2026-08-26,206.30,
4153,Pinecrest Bottling,fb,paidsocial,fk26,loyalty_static_c,,2026-08-26,508.51,
4154,Pinecrest Bottling,google,cpc,fk26_promo,rsa_2,zestify near me,2026-08-26,1150.93,
4155,Pinecrest Bottling,email,email,fk26_retargeting,footer_link,,2026-08-26,96.81,24202
4156,Pinecrest Bottling,tiktok,paidsocial,sc_26,berry_static_b,,2026-08-26,324.75,
4157,Pinecrest Bottling,email,email,sc_26,header_image,,2026-08-26,38.55,9637
4158,Pinecrest Bottling,tt,paidsocial,summer_cup_2026,recipe_video_6s_c,,2026-08-26,344.76,
4159,Pinecrest Bottling,fb,paidsocial,summer_cup_2026,rt_ginger_video_15s_c,,2026-08-26,1605.59,
4160,Pinecrest Bottling,fb,paidsocial,summer_cup_2026,rt_video_15s_a,,2026-08-26,1857.81,
4161,Redrock Beverage,email,email,sc-26,footer_link,,2026-08-26,101.53,25382
4162,Redrock Beverage,email,email,sc-26,header_image,,2026-08-26,118.88,29720
4163,Redrock Beverage,programmatic,display,sc-26,reel_b,,2026-08-26,995.00,
4164,Redrock Beverage,google,ppc,sc-26,rt_berry_rsa_2,lemon lime soda,2026-08-26,1067.12,
4165,Redrock Beverage,fb,paid-social,sc-26,rt_berry_static_b,,2026-08-26,578.77,
4166,Redrock Beverage,email,email,sc-26,rt_header_image,,2026-08-26,77.58,19395
4167,Redrock Beverage,facebook,paid-social,sc-26,static_b,,2026-08-26,1679.00,
4168,Redrock Beverage,programmatic,display,sc-26,static_b,,2026-08-26,139.30,
4169,Redrock Beverage,meta,social,sc-26,video_6s_b,,2026-08-26,346.00,
4170,Redrock Beverage,fb,paid-social,summer-cup-26,recipe_static_a,,2026-08-26,326.91,
4171,Redrock Beverage,tiktok,paid-social,summer-cup-26,zero_video_15s_b,,2026-08-26,1334.95,
4172,Sunvale Drinks,fb,social,summer cupp 2026,berry_story_b,,2026-08-26,826.90,
4173,Sunvale Drinks,sfmc,email,summer cupp 2026,coupon_cta_button,,2026-08-26,32.18,8045
4174,Sunvale Drinks,email,email,summer cupp 2026,header_image,,2026-08-26,125.06,31264
4175,Sunvale Drinks,facebook,social,summer_cup_blast,carousel_b,,2026-08-26,420.22,
4176,Sunvale Drinks,email,email,summer_cup_blast,footer_link,,2026-08-26,30.82,7704
4177,Sunvale Drinks,text,sms,summer_cup_blast,loyalty_hero_banner,,2026-08-26,128.86,10738
4178,Sunvale Drinks,fb,social,summer_cup_blast,rt_reel_b,,2026-08-26,441.33,
4179,Harborline Distributing,Facebook,paid social,summer-cup-26,Awareness Video 15S B,,2026-08-27,312.32,
4180,Northgate Beverage,EMAIL,EMAIL,DELIVERY_REMINDER,NOTICE_BODY,,2026-08-27,62.07,15518
4181,Northgate Beverage,GOOGLE,CPC,FALL_KICKOFF_2026,COUPON_BRAND_AD,sparkling lime drink,2026-08-27,2373.57,
4182,Northgate Beverage,FB,PAID_SOCIAL,FALL_KICKOFF_2026,STORY_C,,2026-08-27,870.77,
4183,Northgate Beverage,FACEBOOK,paid_social,SUMMER_CUP_PROMO,AWARENESS_STATIC_C,,2026-08-27,797.62,
4184,Northgate Beverage,GOOGLE,CPC,SUMMER_CUP_PROMO,GENERIC_AD,zestify soda,2026-08-27,495.79,
4185,Northgate Beverage,GOOGLE,CPC,SUMMER_CUP_PROMO,GINGER_BRAND_AD,sparkling lime drink,2026-08-27,1775.96,
4186,Northgate Beverage,FACEBOOK,paid_social,SUMMER_CUP_PROMO,LIME_REEL_B,,2026-08-27,466.94,
4187,Northgate Beverage,IG,PAID_SOCIAL,SUMMER_CUP_PROMO,ORIGINAL_STATIC_C,,2026-08-27,1690.04,
4188,Northgate Beverage,FB,paid_social,SUMMER_CUP_PROMO,STATIC_A,,2026-08-27,1148.44,
4189,Northgate Beverage,IG,PAID_SOCIAL,SUMMER_CUP_PROMO,VIDEO_15S_A,,2026-08-27,626.69,
4190,Northgate Beverage,GDN,DISPLAY,SUMMER_CUP_PROMO,ZERO_VIDEO_15S_C,,2026-08-27,539.80,
4191,Pinecrest Bottling,ig,paidsocial,sc26_q3,recipe_carousel_c,,2026-08-27,716.92,
4192,Pinecrest Bottling,fb,paidsocial,sc_26,carousel_a,,2026-08-27,708.92,
4193,Pinecrest Bottling,fb,paidsocial,sc_26,coupon_reel_c,,2026-08-27,2071.58,
4194,Pinecrest Bottling,ig,paidsocial,sc_26,ginger_video_6s_a,,2026-08-27,622.03,
4195,Pinecrest Bottling,ig,paidsocial,sc_26,story_a,,2026-08-27,1362.30,
4196,Pinecrest Bottling,fb,paidsocial,summer_cup_2026,recipe_zero_reel_c,,2026-08-27,1492.98,
4197,Pinecrest Bottling,tt,paidsocial,summer_cup_2026,reel_c,,2026-08-27,253.02,
4198,Pinecrest Bottling,google,cpc,summer_cup_2026,rt_rsa_2,sparkling lime drink,2026-08-27,261.60,
4199,Redrock Beverage,email,email,order-receipt,cta_button,,2026-08-27,113.42,28356
4200,Redrock Beverage,email,email,sc-26,footer_link,,2026-08-27,125.74,31434
4201,Redrock Beverage,bing,ppc,sc-26,rsa_2,zero sugar soda,2026-08-27,1091.64,
4202,Redrock Beverage,bing,ppc,sc-26,rsa_2,zestify near me,2026-08-27,202.09,
4203,Redrock Beverage,google,ppc,sc-26,rsa_2,zero sugar soda,2026-08-27,416.41,
4204,Redrock Beverage,tiktok,paid-social,sc-26,story_a,,2026-08-27,267.68,
4205,Redrock Beverage,fb,paid-social,summer-cup-26,carousel_c,,2026-08-27,1465.99,
4206,Redrock Beverage,programmatic,display,summer-cup-26,reel_c,,2026-08-27,303.56,
4207,Redrock Beverage,bing,ppc,summer-cup-26,rsa_2,lemon lime soda,2026-08-27,183.63,
4208,Sunvale Drinks,newsletter,email,service_survey,transactional_template,,2026-08-27,110.80,27701
4209,Sunvale Drinks,newsletter,e-mail,summer cupp 2026,coupon_header_image,,2026-08-27,149.99,37497
4210,Sunvale Drinks,newsletter,email,summer cupp 2026,header_image,,2026-08-27,110.83,27707
4211,Sunvale Drinks,email,e-mail,summer_cup_blast,loyalty_header_image,,2026-08-27,103.72,25930
4212,Harborline Distributing,Email,Email,Invoice Ready,Cta Button,,2026-08-28,66.27,16568
4213,Harborline Distributing,Google Ads,Paid Search,Summer Cup 2026,Brand Ad,zero sugar soda,2026-08-28,478.76,
4214,Harborline Distributing,Google Ads,Paid Search,Summer Cup 2026,Original Rsa 2,sparkling lime drink,2026-08-28,576.88,
4215,Harborline Distributing,Google Ads,paid search,summer-cup-26,Original Generic Ad,zestify soda,2026-08-28,1094.21,
4216,Harborline Distributing,facebook,Paid Social,summer_cupp_26,Story B,,2026-08-28,719.84,
4217,Harborline Distributing,Instagram,Paid Social,summer_cupp_26,Video 6S A,,2026-08-28,461.93,
4218,Harborline Distributing,google,Paid Search,summer_cupp_26,Zero Brand Ad,zestify near me,2026-08-28,255.04,
4219,Harborline Distributing,google,paid search,summer_cupp_26,Zero Generic Ad,zestify soda,2026-08-28,138.61,
4220,Northgate Beverage,fb_paid,paid_social,SC26_Promo,VIDEO_15S_C,,2026-08-28,770.80,
4221,Northgate Beverage,FB,PAID_SOCIAL,SUMMER_CUP_PROMO,AWARENESS_CAROUSEL_C,,2026-08-28,931.00,
4222,Northgate Beverage,GOOGLE,CPC,SUMMER_CUP_PROMO,BRAND_AD,sparkling lime drink,2026-08-28,901.64,
4223,Northgate Beverage,ig_paid,PAID_SOCIAL,SUMMER_CUP_PROMO,LIME_CAROUSEL_C,,2026-08-28,1800.84,
4224,Northgate Beverage,ig_paid,PAID_SOCIAL,SUMMER_CUP_PROMO,ORIGINAL_CAROUSEL_A,,2026-08-28,840.96,
4225,Northgate Beverage,GDN,DISPLAY,SUMMER_CUP_PROMO,REEL_A,,2026-08-28,235.72,
4226,Northgate Beverage,GOOGLE,CPC,SUMMER_CUP_PROMO,RSA_2,zestify near me,2026-08-28,475.83,
4227,Northgate Beverage,GOOGLE,CPC,SUMMER_CUP_PROMO,RSA_2,lemon lime soda,2026-08-28,305.68,
4228,Pinecrest Bottling,fb,paidsocial,fk26_retargeting,carousel_a,,2026-08-28,683.32,
4229,Pinecrest Bottling,ig,paidsocial,sc26_q3,loyalty_static_a,,2026-08-28,682.41,
4230,Pinecrest Bottling,ig,paidsocial,sc26_q3,story_c,,2026-08-28,1310.12,
4231,Pinecrest Bottling,email,email,sc_26,awareness_footer_link,,2026-08-28,125.39,31348
4232,Pinecrest Bottling,ig,paidsocial,sc_26,awareness_story_b,,2026-08-28,551.17,
4233,Pinecrest Bottling,tt,paidsocial,sc_26,rt_ginger_carousel_c,,2026-08-28,333.26,
4234,Pinecrest Bottling,fb,paidsocial,summer_cup_2026,coupon_video_6s_a,,2026-08-28,238.14,
4235,Pinecrest Bottling,email,email,summer_cup_2026,cta_button,,2026-08-28,119.54,29884
4236,Pinecrest Bottling,fb,paidsocial,summer_cup_2026,ginger_story_b,,2026-08-28,529.09,
4237,Redrock Beverage,google,ppc,fall-kickoff-26,rsa_1,zestify near me,2026-08-28,512.51,
4238,Redrock Beverage,google,ppc,sc-26,awareness_berry_rsa_1,zestify near me,2026-08-28,371.31,
4239,Redrock Beverage,programmatic,display,sc-26,awareness_static_b,,2026-08-28,307.22,
4240,Redrock Beverage,email,email,sc-26,footer_link,,2026-08-28,22.22,5555
4241,Redrock Beverage,programmatic,display,sc-26,ginger_video_6s_c,,2026-08-28,389.17,
4242,Redrock Beverage,email,email,sc-26,hero_banner,,2026-08-28,47.69,11922
4243,Redrock Beverage,tiktok,paid-social,sc-26,story_c,,2026-08-28,128.24,
4244,Redrock Beverage,bing,ppc,sc-26,zero_rsa_2,zestify soda,2026-08-28,727.62,
4245,Sunvale Drinks,newsletter,e-mail,receipt,cta_button,,2026-08-28,49.63,12407
4246,Sunvale Drinks,text,sms,summer cupp 2026,cta_button,,2026-08-28,62.36,5197
4247,Sunvale Drinks,sms,sms,summer cupp 2026,footer_link,,2026-08-28,127.12,10593
4248,Sunvale Drinks,facebook,social,summer cupp 2026,static_c,,2026-08-28,402.30,
4249,Sunvale Drinks,sms,sms,summer_cup_blast,cta_button,,2026-08-28,122.86,10238
4250,Sunvale Drinks,newsletter,email,summer_cup_blast,footer_link,,2026-08-28,24.80,6199
4251,Sunvale Drinks,sms,sms,summer_cup_blast,footer_link,,2026-08-28,142.66,11888
4252,Harborline Distributing,Instagram,Paid Social,Fall Kickoff 2026,Rt Lime Video 6S C,,2026-08-29,980.43,
4253,Harborline Distributing,Facebook,paid social,Fall Kickoff 2026,Static B,,2026-08-29,810.60,
4254,Harborline Distributing,Google Ads,paid search,Summer Cup 2026,Generic Ad,lemon lime soda,2026-08-29,558.75,
4255,Harborline Distributing,Instagram,Paid Social,Summer Cup 2026,Lime Video 6S C,,2026-08-29,200.36,
4256,Harborline Distributing,Google Ads,Paid Search,summer_cupp_26,Rsa 1,zero sugar soda,2026-08-29,623.47,
4257,Northgate Beverage,ig_paid,PAID_SOCIAL,SC26_Promo,AWARENESS_VIDEO_6S_C,,2026-08-29,1027.71,
4258,Northgate Beverage,GDN,DISPLAY,SC26_Promo,COUPON_GINGER_CAROUSEL_B,,2026-08-29,221.06,
4259,Northgate Beverage,GOOGLE,CPC,SC26_Promo,GINGER_RSA_2,zero sugar soda,2026-08-29,644.74,
4260,Northgate Beverage,EMAIL,EMAIL,SC26_Promo,HERO_BANNER,,2026-08-29,28.17,7042
4261,Northgate Beverage,FB,paid_social,SUMMER_CUP_PROMO,STATIC_B,,2026-08-29,910.52,
4262,Northgate Beverage,IG,PAID_SOCIAL,SUMMER_CUP_PROMO,VIDEO_6S_B,,2026-08-29,767.80,
4263,Pinecrest Bottling,sms,sms,rte_chg_notice,cta_button,,2026-08-29,81.41,6784
4264,Pinecrest Bottling,google,cpc,sc26_q3,brand_ad,sparkling lime drink,2026-08-29,986.54,
4265,Pinecrest Bottling,tt,paidsocial,sc26_q3,carousel_c,,2026-08-29,946.02,
4266,Pinecrest Bottling,fb,paidsocial,sc26_q3,recipe_video_6s_c,,2026-08-29,1105.91,
4267,Pinecrest Bottling,fb,paidsocial,sc_26,story_c,,2026-08-29,730.66,
4268,Pinecrest Bottling,tt,paidsocial,summer_cup_2026,story_a,,2026-08-29,715.76,
4269,Redrock Beverage,bing,ppc,fall-kickoff-26,generic_ad,zestify soda,2026-08-29,478.01,
4270,Redrock Beverage,fb,social,fall-kickoff-26,loyalty_original_story_c,,2026-08-29,1024.15,
4271,Redrock Beverage,tiktok,paid-social,sc-26,carousel_b,,2026-08-29,626.06,
4272,Redrock Beverage,email,email,sc-26,coupon_footer_link,,2026-08-29,89.24,22311
4273,Redrock Beverage,google,ppc,sc-26,coupon_lime_generic_ad,zestify near me,2026-08-29,658.73,
4274,Redrock Beverage,google,ppc,sc-26,ginger_rsa_2,zestify near me,2026-08-29,1159.17,
4275,Redrock Beverage,google,ppc,sc-26,original_rsa_1,lemon lime soda,2026-08-29,938.15,
4276,Redrock Beverage,google,ppc,sc-26,recipe_brand_ad,lemon lime soda,2026-08-29,411.83,
4277,Redrock Beverage,bing,ppc,sc-26,rsa_1,zestify near me,2026-08-29,1658.30,
4278,Redrock Beverage,programmatic,display,sc-26,static_a,,2026-08-29,778.37,
4279,Redrock Beverage,programmatic,display,sc-26,zero_video_6s_a,,2026-08-29,229.62,
4280,Redrock Beverage,google,ppc,summer-cup-26,rsa_1,sparkling lime drink,2026-08-29,1370.74,
4281,Sunvale Drinks,email,e-mail,fallkickoff,cta_button,,2026-08-29,76.63,19157
4282,Sunvale Drinks,text,sms,summer cupp 2026,cta_button,,2026-08-29,60.35,5029
4283,Sunvale Drinks,facebook,social,summer cupp 2026,static_b,,2026-08-29,840.08,
4284,Sunvale Drinks,fb,social,summer cupp 2026,story_c,,2026-08-29,1466.15,
4285,Sunvale Drinks,email,email,summer_cup_blast,awareness_header_image,,2026-08-29,126.45,31612
4286,Sunvale Drinks,newsletter,e-mail,summer_cup_blast,coupon_cta_button,,2026-08-29,136.44,34111
4287,Sunvale Drinks,newsletter,email,summer_cup_blast,header_image,,2026-08-29,150.95,37737
4288,Sunvale Drinks,sfmc,e-mail,summer_cup_newsletter,cta_button,,2026-08-29,153.85,38463
4289,Sunvale Drinks,google,cpc,summer_cup_newsletter,generic_ad,zestify near me,2026-08-29,657.43,
4290,Sunvale Drinks,text,sms,summer_cup_newsletter,header_image,,2026-08-29,73.46,6122
4291,Sunvale Drinks,email,email,summer_cup_newsletter,rt_header_image,,2026-08-29,142.25,35562
4292,Harborline Distributing,Google Display,Display,Summer Cup 2026,Berry Reel A,,2026-08-30,349.98,
4293,Harborline Distributing,Google Display,Display,Summer Cup 2026,Berry Story B,,2026-08-30,843.94,
4294,Harborline Distributing,Instagram,Paid Social,Summer Cup 2026,Carousel A,,2026-08-30,321.60,
4295,Harborline Distributing,Facebook,Paid Social,Summer Cup 2026,Coupon Video 6S A,,2026-08-30,549.59,
4296,Harborline Distributing,facebook,Paid Social,Summer Cup 2026,Static A,,2026-08-30,1597.58,
4297,Harborline Distributing,facebook,Paid Social,Summer Cup 2026,Static C,,2026-08-30,726.22,
4298,Harborline Distributing,Facebook,paid social,fal kickoff 2026,Zero Video 6S B,,2026-08-30,1015.22,
4299,Harborline Distributing,Facebook,Paid Social,summer_cupp_26,Story A,,2026-08-30,833.86,
4300,Northgate Beverage,ig_paid,PAID_SOCIAL,FALL_KICKOFF_2026,VIDEO_15S_B,,2026-08-30,1299.31,
4301,Northgate Beverage,GDN,DISPLAY,SUMMER_CUP_PROMO,AWARENESS_ORIGINAL_VIDEO_15S_A,,2026-08-30,352.53,
4302,Northgate Beverage,FB,PAID_SOCIAL,SUMMER_CUP_PROMO,REEL_B,,2026-08-30,914.37,
4303,Northgate Beverage,FACEBOOK,paid_social,SUMMER_CUP_TO_FALL_KICKOFF_BRIDGE,AWARENESS_STATIC_B,,2026-08-30,1631.27,
4304,Pinecrest Bottling,ig,paidsocial,sc_26,ginger_video_6s_a,,2026-08-30,338.62,
4305,Pinecrest Bottling,google,cpc,sc_26,loyalty_zero_rsa_2,sparkling lime drink,2026-08-30,611.39,
4306,Pinecrest Bottling,fb,paidsocial,summer_cup_2026,lime_carousel_c,,2026-08-30,967.19,
4307,Redrock Beverage,bing,ppc,FallKickoff2026,brand_ad,sparkling lime drink,2026-08-30,567.90,
4308,Redrock Beverage,google,ppc,sc-26,awareness_zero_rsa_2,lemon lime soda,2026-08-30,864.42,
4309,Redrock Beverage,tiktok,paid-social,sc-26,berry_reel_c,,2026-08-30,1377.52,
4310,Redrock Beverage,email,email,sc-26,footer_link,,2026-08-30,123.22,30806
4311,Redrock Beverage,email,email,sc-26,header_image,,2026-08-30,102.46,25616
4312,Redrock Beverage,tiktok,paid-social,sc-26,recipe_original_carousel_c,,2026-08-30,361.48,
4313,Redrock Beverage,programmatic,display,sc-26,zero_video_6s_a,,2026-08-30,174.83,
4314,Redrock Beverage,google,ppc,summer-cup-26,awareness_rsa_1,zero sugar soda,2026-08-30,757.70,
4315,Sunvale Drinks,sfmc,email,fall_kickoff_blast,hero_banner,,2026-08-30,17.34,4335
4316,Sunvale Drinks,newsletter,e-mail,fallkickoff,footer_link,,2026-08-30,102.25,25563
4317,Sunvale Drinks,fb,social,fallkickoff,lime_carousel_a,,2026-08-30,1550.02,
4318,Sunvale Drinks,email,email,password_reset,notice_body,,2026-08-30,63.66,15914
4319,Sunvale Drinks,sfmc,e-mail,summer cupp 2026,footer_link,,2026-08-30,101.36,25340
4320,Sunvale Drinks,newsletter,email,summer cupp 2026,header_image,,2026-08-30,70.00,17501
4321,Sunvale Drinks,newsletter,email,summer cupp 2026,loyalty_hero_banner,,2026-08-30,66.25,16562
4322,Sunvale Drinks,facebook,social,summer cupp 2026,rt_original_video_15s_a,,2026-08-30,1522.96,
4323,Sunvale Drinks,newsletter,email,summer_cup_blast,cta_button,,2026-08-30,117.47,29368
4324,Sunvale Drinks,sfmc,e-mail,summer_cup_blast,footer_link,,2026-08-30,81.86,20464
4325,Sunvale Drinks,facebook,social,summer_cup_blast,lime_video_6s_b,,2026-08-30,248.23,
4326,Sunvale Drinks,newsletter,e-mail,summer_cup_blast,rt_header_image,,2026-08-30,48.85,12213
4327,Harborline Distributing,facebook,Paid Social,Fall Kickoff 2026,Static B,,2026-08-31,858.32,
4328,Harborline Distributing,Email,Email,Fall%20Kickoff,Hero Banner,,2026-08-31,129.73,32433
4329,Harborline Distributing,facebook,paid social,Fall%20Kickoff,Zero Video 15S B,,2026-08-31,1030.07,
4330,Harborline Distributing,Google Ads,paid search,fal kickoff 2026,Rsa 2,lemon lime soda,2026-08-31,448.42,
4331,Harborline Distributing,Facebook,paid social,fal kickoff 2026,Zero Video 6S B,,2026-08-31,629.32,
4332,Northgate Beverage,FACEBOOK,PAID_SOCIAL,FALL_KICKOFF_2026,ZERO_VIDEO_6S_A,,2026-08-31,501.78,
4333,Pinecrest Bottling,fb,paidsocial,fk26,loyalty_static_c,,2026-08-31,241.54,
4334,Redrock Beverage,google,ppc,FallKickoff2026,brand_ad,sparkling lime drink,2026-08-31,687.64,
4335,Sunvale Drinks,newsletter,email,fallkickoff,footer_link,,2026-08-31,107.46,26865
4336,Sunvale Drinks,sfmc,e-mail,fallkickoff,hero_banner,,2026-08-31,131.68,32919
4337,Harborline Distributing,Email,Email,Invoice Ready,Cta Button,,2026-09-01,49.79,12448
4338,Northgate Beverage,GOOGLE,CPC,FALL_KICKOFF_2026,COUPON_BRAND_AD,lemon lime soda,2026-09-01,2444.80,
4339,Northgate Beverage,FACEBOOK,PAID_SOCIAL,FALL_KICKOFF_2026,ZERO_CAROUSEL_A,,2026-09-01,1312.56,
4340,Pinecrest Bottling,ig,paidsocial,fk26_retargeting,carousel_a,,2026-09-01,291.13,
4341,Redrock Beverage,fb,social,fall-kickoff-26,zero_video_6s_c,,2026-09-01,750.20,
4342,Sunvale Drinks,google,cpc,fallkickoff,brand_ad,lemon lime soda,2026-09-01,237.11,
4343,Sunvale Drinks,email,email,route_change_notice,notice_body,,2026-09-01,106.93,26732
4344,Harborline Distributing,google,paid search,fal kickoff 2026,Rsa 1,zestify near me,2026-09-02,630.47,
4345,Northgate Beverage,EMAIL,EMAIL,FALL_KICKOFF_2026,COUPON_CTA_BUTTON,,2026-09-02,43.47,10867
4346,Northgate Beverage,ig_paid,PAID_SOCIAL,FALL_KICKOFF_2026,VIDEO_15S_B,,2026-09-02,1565.74,
4347,Redrock Beverage,fb,social,FallKickoff2026,story_a,,2026-09-02,1424.89,
4348,Redrock Beverage,email,email,fall-kickoff-26,coupon_hero_banner,,2026-09-02,25.24,6310
4349,Redrock Beverage,bing,ppc,fall-kickoff-26,rsa_1,lemon lime soda,2026-09-02,616.73,
4350,Redrock Beverage,fb,paid-social,fall-kickoff-26,story_b,,2026-09-02,972.20,
4351,Redrock Beverage,programmatic,display,fall-kickoff-26,video_6s_b,,2026-09-02,572.56,
4352,Sunvale Drinks,newsletter,email,FallKickoff2026,coupon_cta_button,,2026-09-02,29.68,7419
4353,Sunvale Drinks,sfmc,email,FallKickoff2026,hero_banner,,2026-09-02,140.70,35174
4354,Harborline Distributing,Facebook,Paid Social,Fall Kickoff 2026,Video 6S A,,2026-09-03,1290.47,
4355,Northgate Beverage,GOOGLE,CPC,FALL_KICKOFF_2026,GINGER_RSA_2,lemon lime soda,2026-09-03,1204.32,
4356,Northgate Beverage,fb_paid,paid_social,FALL_KICKOFF_2026,LIME_VIDEO_6S_C,,2026-09-03,2240.53,
4357,Pinecrest Bottling,ig,paidsocial,fk26_retargeting,carousel_b,,2026-09-03,708.54,
4358,Pinecrest Bottling,tiktok,paidsocial,fk26_retargeting,loyalty_static_c,,2026-09-03,626.82,
4359,Pinecrest Bottling,sms,sms,rte_chg_notice,cta_button,,2026-09-03,82.22,6852
4360,Redrock Beverage,tiktok,paid-social,FallKickoff2026,zero_video_6s_c,,2026-09-03,333.70,
4361,Redrock Beverage,google,ppc,fall-kickoff-26,brand_ad,zestify near me,2026-09-03,1456.14,
4362,Redrock Beverage,tiktok,paid-social,fall-kickoff-26,coupon_video_6s_b,,2026-09-03,1107.67,
4363,Redrock Beverage,tiktok,paid-social,fall-kickoff-26,zero_video_15s_c,,2026-09-03,692.43,
4364,Sunvale Drinks,newsletter,e-mail,order_confirmation,notice_body,,2026-09-03,60.25,15062
4365,Harborline Distributing,Facebook,paid social,Fall%20Kickoff,Video 15S C,,2026-09-04,143.13,
4366,Northgate Beverage,GDN,DISPLAY,FALL_KICKOFF_2026,RECIPE_BERRY_REEL_A,,2026-09-04,749.77,
4367,Northgate Beverage,IG,PAID_SOCIAL,FALL_KICKOFF_2026,REEL_A,,2026-09-04,1717.62,
4368,Northgate Beverage,FACEBOOK,paid_social,SUMMER_CUP_TO_FALL_KICKOFF_BRIDGE,AWARENESS_STATIC_B,,2026-09-04,1601.28,
4369,Redrock Beverage,fb,paid-social,fall-kickoff-26,loyalty_original_story_c,,2026-09-04,1293.14,
4370,Sunvale Drinks,newsletter,e-mail,FallKickoff2026,awareness_footer_link,,2026-09-04,23.96,5989
4371,Sunvale Drinks,fb,social,FallKickoff2026,zero_static_a,,2026-09-04,819.88,
4372,Sunvale Drinks,newsletter,e-mail,fall_kickoff_blast,hero_banner,,2026-09-04,33.50,8376
4373,Sunvale Drinks,sfmc,email,fall_kickoff_blast,hero_banner,,2026-09-04,145.47,36368
4374,Sunvale Drinks,fb,social,fallkickoff,carousel_b,,2026-09-04,579.35,
4375,Sunvale Drinks,sfmc,email,fallkickoff,header_image,,2026-09-04,113.01,28252
4376,Sunvale Drinks,facebook,social,fallkickoff,lime_carousel_a,,2026-09-04,1307.09,
4377,Sunvale Drinks,email,email,password_reset,notice_body,,2026-09-04,135.86,33966
4378,Harborline Distributing,Email,Email,fal kickoff 2026,Hero Banner,,2026-09-05,135.65,33912
4379,Northgate Beverage,FACEBOOK,PAID_SOCIAL,FALL_KICKOFF_2026,COUPON_BERRY_VIDEO_15S_A,,2026-09-05,1188.12,
4380,Northgate Beverage,FACEBOOK,paid_social,FALL_KICKOFF_2026,STORY_C,,2026-09-05,1399.40,
4381,Northgate Beverage,EMAIL,EMAIL,ORDER_CONFIRMATION,NOTICE_BODY,,2026-09-05,135.72,33931
4382,Pinecrest Bottling,google,cpc,fk26_promo,rsa_2,lemon lime soda,2026-09-05,1364.24,
4383,Pinecrest Bottling,tiktok,paidsocial,fk26_retargeting,recipe_original_reel_a,,2026-09-05,252.37,
4384,Redrock Beverage,email,email,FallKickoff2026,cta_button,,2026-09-05,130.79,32698
4385,Redrock Beverage,tiktok,paid-social,fall-kickoff-26,video_6s_a,,2026-09-05,476.82,
4386,Sunvale Drinks,email,e-mail,fallkickoff,cta_button,,2026-09-05,38.65,9662
4387,Sunvale Drinks,newsletter,e-mail,fallkickoff,cta_button,,2026-09-05,80.18,20044
4388,Sunvale Drinks,email,e-mail,service_survey,transactional_template,,2026-09-05,43.57,10893
4389,Harborline Distributing,Email,Email,Delivery Reminder,Notice Body,,2026-09-06,40.37,10092
4390,Harborline Distributing,Instagram,Paid Social,Fall Kickoff 2026,Rt Lime Video 6S C,,2026-09-06,882.93,
4391,Northgate Beverage,GOOGLE,CPC,FALL_KICKOFF_2026,RSA_2,lemon lime soda,2026-09-06,1314.86,
4392,Pinecrest Bottling,fb,paidsocial,fk26_retargeting,carousel_a,,2026-09-06,482.75,
4393,Pinecrest Bottling,email,email,fk26_retargeting,footer_link,,2026-09-06,62.24,15561
4394,Redrock Beverage,tiktok,paid-social,FallKickoff2026,video_15s_b,,2026-09-06,285.90,
4395,Redrock Beverage,bing,ppc,fall-kickoff-26,generic_ad,zestify soda,2026-09-06,488.64,
4396,Sunvale Drinks,sms,sms,FallKickoff2026,cta_button,,2026-09-06,126.89,10574
4397,Harborline Distributing,Email,Email,Fall%20Kickoff,Hero Banner,,2026-09-07,60.87,15218
4398,Harborline Distributing,facebook,paid social,Fall%20Kickoff,Zero Video 15S B,,2026-09-07,793.08,
4399,Harborline Distributing,facebook,paid social,fal kickoff 2026,Zero Video 6S B,,2026-09-07,714.54,
4400,Northgate Beverage,ig_paid,PAID_SOCIAL,FALL_KICKOFF_2026,REEL_A,,2026-09-07,929.21,
4401,Pinecrest Bottling,fb,paidsocial,ff26_q3,carousel_b,,2026-09-07,651.08,
4402,Pinecrest Bottling,tiktok,paidsocial,fk26_retargeting,recipe_original_reel_a,,2026-09-07,165.47,
4403,Redrock Beverage,google,ppc,fall-kickoff-26,brand_ad,zestify soda,2026-09-07,1544.97,
4404,Redrock Beverage,email,email,order-receipt,cta_button,,2026-09-07,44.07,11017
4405,Sunvale Drinks,sms,sms,FallKickoff2026,cta_button,,2026-09-07,93.41,7784
4406,Sunvale Drinks,email,email,FallKickoff2026,header_image,,2026-09-07,80.08,20019
4407,Sunvale Drinks,email,email,fall_kickoff_blast,hero_banner,,2026-09-07,140.79,35198
4408,Sunvale Drinks,email,e-mail,fallkickoff,cta_button,,2026-09-07,93.94,23485
4409,Sunvale Drinks,newsletter,e-mail,order_confirmation,notice_body,,2026-09-07,156.18,39045
4410,Sunvale Drinks,email,email,password_reset,notice_body,,2026-09-07,78.53,19632
4411,Harborline Distributing,Email,Email,Fall Kickoff 2026,Coupon Header Image,,2026-09-08,93.26,23316
4412,Harborline Distributing,Instagram,Paid Social,Fall Kickoff 2026,Rt Lime Video 6S C,,2026-09-08,616.23,
4413,Harborline Distributing,facebook,paid social,Fall Kickoff 2026,Video 6S A,,2026-09-08,1140.54,
4414,Harborline Distributing,Facebook,Paid Social,fal kickoff 2026,Lime Carousel C,,2026-09-08,395.09,
4415,Harborline Distributing,Instagram,Paid Social,fal kickoff 2026,Story A,,2026-09-08,485.64,
4416,Northgate Beverage,EMAIL,EMAIL,DELIVERY_REMINDER,NOTICE_BODY,,2026-09-08,72.89,18223
4417,Northgate Beverage,FACEBOOK,PAID_SOCIAL,FALL_KICKOFF_2026,COUPON_BERRY_VIDEO_15S_A,,2026-09-08,1212.29,
4418,Northgate Beverage,GOOGLE,CPC,FALL_KICKOFF_2026,COUPON_BRAND_AD,lemon lime soda,2026-09-08,2425.64,
4419,Northgate Beverage,FACEBOOK,PAID_SOCIAL,FALL_KICKOFF_2026,STORY_C,,2026-09-08,1366.32,
4420,Northgate Beverage,fb_paid,paid_social,FALL_KICKOFF_2026,ZERO_CAROUSEL_A,,2026-09-08,1140.83,
4421,Pinecrest Bottling,tiktok,paidsocial,ff26_q3,lime_carousel_c,,2026-09-08,950.29,
4422,Pinecrest Bottling,fb,paidsocial,fk26,loyalty_static_c,,2026-09-08,359.90,
4423,Pinecrest Bottling,email,email,ord_conf,notice_body,,2026-09-08,69.15,17288
4424,Redrock Beverage,email,email,FallKickoff2026,cta_button,,2026-09-08,109.86,27464
4425,Redrock Beverage,google,ppc,fall-kickoff-26,brand_ad,sparkling lime drink,2026-09-08,527.02,
4426,Redrock Beverage,bing,ppc,fall-kickoff-26,generic_ad,lemon lime soda,2026-09-08,330.70,
4427,Redrock Beverage,programmatic,display,fall-kickoff-26,original_carousel_a,,2026-09-08,279.66,
4428,Redrock Beverage,fb,social,fall-kickoff-26,zero_video_6s_c,,2026-09-08,793.26,
4429,Sunvale Drinks,google,cpc,fallkickoff,brand_ad,zestify near me,2026-09-08,247.37,
4430,Sunvale Drinks,text,sms,fallkickoff,footer_link,,2026-09-08,120.22,10018
4431,Sunvale Drinks,fb,social,fallkickoff,lime_carousel_a,,2026-09-08,1389.41,
4432,Sunvale Drinks,email,e-mail,service_survey,transactional_template,,2026-09-08,77.77,19442
4433,Harborline Distributing,Email,Email,Delivery Reminder,Notice Body,,2026-09-09,21.96,5491
4434,Harborline Distributing,google,paid search,fal kickoff 2026,Rsa 2,sparkling lime drink,2026-09-09,602.09,
4435,Northgate Beverage,GOOGLE,CPC,FALL_KICKOFF_2026,GINGER_RSA_2,sparkling lime drink,2026-09-09,1892.26,
4436,Northgate Beverage,fb_paid,paid_social,FALL_KICKOFF_2026,ZERO_VIDEO_6S_A,,2026-09-09,753.32,
4437,Northgate Beverage,EMAIL,EMAIL,FALL_KICKOFF_LAUNCH,HERO_BANNER,,2026-09-09,74.82,18704
4438,Northgate Beverage,ig_paid,PAID_SOCIAL,FALL_KICKOFF_LAUNCH,LIME_STORY_B,,2026-09-09,847.76,
4439,Pinecrest Bottling,google,cpc,fall_fest_2026,rsa_2,lemon lime soda,2026-09-09,325.72,
4440,Pinecrest Bottling,tt,paidsocial,fall_fest_2026,video_15s_c,,2026-09-09,226.23,
4441,Pinecrest Bottling,fb,paidsocial,fk26_retargeting,carousel_a,,2026-09-09,490.96,
4442,Pinecrest Bottling,ig,paidsocial,fk26_retargeting,carousel_a,,2026-09-09,286.85,
4443,Pinecrest Bottling,tiktok,paidsocial,fk26_retargeting,loyalty_static_c,,2026-09-09,603.79,
4444,Redrock Beverage,facebook,paid-social,FallKickoff2026,story_a,,2026-09-09,782.54,
4445,Redrock Beverage,email,email,fall-kickoff-26,coupon_hero_banner,,2026-09-09,125.23,31307
4446,Redrock Beverage,google,ppc,fall-kickoff-26,loyalty_brand_ad,zero sugar soda,2026-09-09,502.30,
4447,Redrock Beverage,fb,paid-social,fall-kickoff-26,loyalty_original_story_c,,2026-09-09,1661.38,
4448,Redrock Beverage,bing,ppc,fall-kickoff-26,rsa_1,zestify soda,2026-09-09,367.50,
4449,Redrock Beverage,fb,paid-social,fall-kickoff-26,rt_video_15s_a,,2026-09-09,765.96,
4450,Sunvale Drinks,newsletter,e-mail,FallKickoff2026,awareness_footer_link,,2026-09-09,134.04,33509
4451,Sunvale Drinks,sfmc,e-mail,FallKickoff2026,coupon_cta_button,,2026-09-09,33.04,8259
4452,Sunvale Drinks,newsletter,e-mail,FallKickoff2026,hero_banner,,2026-09-09,146.52,36629
4453,Sunvale Drinks,text,sms,delivery_window_reminder,transactional_template,,2026-09-09,22.12,1843
4454,Sunvale Drinks,newsletter,email,fall_kickoff_blast,hero_banner,,2026-09-09,121.18,30295
4455,Northgate Beverage,fb_paid,PAID_SOCIAL,FALL_KICKOFF_2026,LIME_VIDEO_6S_C,,2026-09-10,1777.17,
4456,Northgate Beverage,ig_paid,PAID_SOCIAL,FALL_KICKOFF_2026,VIDEO_15S_B,,2026-09-10,1524.78,
4457,Pinecrest Bottling,tt,paidsocial,fall_fest_2026,video_15s_b,,2026-09-10,1806.74,
4458,Pinecrest Bottling,google,cpc,fk26_promo,brand_ad,lemon lime soda,2026-09-10,1026.19,
4459,Pinecrest Bottling,ig,paidsocial,fk26_retargeting,carousel_b,,2026-09-10,663.66,
4460,Redrock Beverage,bing,ppc,FallKickoff2026,brand_ad,sparkling lime drink,2026-09-10,629.67,
4461,Redrock Beverage,programmatic,display,fall-kickoff-26,video_6s_b,,2026-09-10,322.53,
4462,Redrock Beverage,tiktok,paid-social,fall-kickoff-26,zero_video_15s_c,,2026-09-10,729.91,
4463,Sunvale Drinks,sms,sms,fall_kickoff_blast,footer_link,,2026-09-10,56.51,4709
4464,Sunvale Drinks,email,e-mail,fallkickoff,header_image,,2026-09-10,79.31,19828
4465,Harborline Distributing,Email,Email,Fall Kickoff 2026,Recipe Cta Button,,2026-09-11,54.00,13500
4466,Harborline Distributing,facebook,paid social,Fall%20Kickoff,Video 15S C,,2026-09-11,192.97,
4467,Northgate Beverage,fb_paid,PAID_SOCIAL,FALL_KICKOFF_2026,ORIGINAL_CAROUSEL_C,,2026-09-11,211.44,
4468,Northgate Beverage,GDN,DISPLAY,FALL_KICKOFF_2026,RECIPE_BERRY_REEL_A,,2026-09-11,772.32,
4469,Northgate Beverage,FACEBOOK,paid_social,FALL_KICKOFF_2026,STATIC_B,,2026-09-11,1407.21,
4470,Redrock Beverage,tiktok,paid-social,FallKickoff2026,ginger_video_15s_b,,2026-09-11,629.27,
4471,Redrock Beverage,tiktok,paid-social,FallKickoff2026,video_15s_b,,2026-09-11,455.91,
4472,Redrock Beverage,tiktok,paid-social,fall-kickoff-26,video_6s_a,,2026-09-11,1165.64,
4473,Redrock Beverage,tiktok,paid-social,fall-kickoff-26,video_6s_a,,2026-09-11,447.43,
4474,Sunvale Drinks,newsletter,e-mail,FallKickoff2026,cta_button,,2026-09-11,75.67,18918
4475,Sunvale Drinks,email,e-mail,fall_kickoff_blast,footer_link,,2026-09-11,128.03,32008
4476,Sunvale Drinks,email,email,fallkickoff,cta_button,,2026-09-11,52.72,13179
4477,Harborline Distributing,Facebook,paid social,Fall Kickoff 2026,Static B,,2026-09-12,697.40,
4478,Harborline Distributing,Google Ads,paid search,Fall%20Kickoff,Lime Rsa 1,lemon lime soda,2026-09-12,1063.25,
4479,Harborline Distributing,Email,Email,Invoice Ready,Cta Button,,2026-09-12,112.06,28014
4480,Harborline Distributing,Email,Email,fal kickoff 2026,Hero Banner,,2026-09-12,143.86,35965
4481,Harborline Distributing,google,Paid Search,fal kickoff 2026,Rsa 1,sparkling lime drink,2026-09-12,390.88,
4482,Northgate Beverage,EMAIL,EMAIL,FALL_KICKOFF_2026,COUPON_CTA_BUTTON,,2026-09-12,154.54,38635
4483,Northgate Beverage,FB,paid_social,FALL_KICKOFF_2026,VIDEO_6S_C,,2026-09-12,1542.80,
4484,Northgate Beverage,GOOGLE,CPC,FALL_KICKOFF_LAUNCH,RSA_2,lemon lime soda,2026-09-12,1026.48,
4485,Pinecrest Bottling,tiktok,paidsocial,fall_fest_2026,carousel_c,,2026-09-12,470.64,
4486,Pinecrest Bottling,ig,paidsocial,fall_fest_2026,static_c,,2026-09-12,441.49,
4487,Pinecrest Bottling,fb,paidsocial,fk26,awareness_zero_story_c,,2026-09-12,3639.95,
4488,Pinecrest Bottling,google,cpc,fk26_promo,rsa_2,zero sugar soda,2026-09-12,1314.04,
4489,Pinecrest Bottling,email,email,fk26_retargeting,footer_link,,2026-09-12,63.74,15935
4490,Pinecrest Bottling,google,cpc,fk26_retargeting,generic_ad,zestify near me,2026-09-12,827.88,
4491,Pinecrest Bottling,fb,paidsocial,fk26_retargeting,story_b,,2026-09-12,1204.40,
4492,Pinecrest Bottling,sms,sms,rte_chg_notice,cta_button,,2026-09-12,97.36,8113
4493,Redrock Beverage,google,ppc,fall-kickoff-26,rsa_1,sparkling lime drink,2026-09-12,643.80,
4494,Sunvale Drinks,text,sms,FallKickoff2026,cta_button,,2026-09-12,67.94,5662
4495,Sunvale Drinks,fb,social,FallKickoff2026,zero_video_6s_b,,2026-09-12,572.23,
4496,Sunvale Drinks,fb,social,fallkickoff,carousel_b,,2026-09-12,635.35,
4497,Sunvale Drinks,newsletter,e-mail,fallkickoff,cta_button,,2026-09-12,54.50,13625
4498,Sunvale Drinks,email,e-mail,fallkickoff,footer_link,,2026-09-12,25.03,6258
4499,Sunvale Drinks,newsletter,email,fallkickoff,hero_banner,,2026-09-12,105.08,26271
4500,Sunvale Drinks,newsletter,e-mail,receipt,cta_button,,2026-09-12,36.26,9066
4501,Harborline Distributing,Google Display,Display,Fall%20Kickoff,Carousel C,,2026-09-13,310.69,
4502,Northgate Beverage,ig_paid,PAID_SOCIAL,FALL_KICKOFF_2026,AWARENESS_VIDEO_6S_B,,2026-09-13,5090.84,
4503,Northgate Beverage,FACEBOOK,paid_social,FALL_KICKOFF_2026,REEL_B,,2026-09-13,842.83,
4504,Northgate Beverage,GOOGLE,CPC,FALL_KICKOFF_2026,RSA_2,lemon lime soda,2026-09-13,1831.09,
4505,Pinecrest Bottling,google,cpc,fall_fest_2026,rsa_1,zero sugar soda,2026-09-13,1091.41,
4506,Pinecrest Bottling,email,email,fk26_promo,cta_button,,2026-09-13,34.28,8570
4507,Pinecrest Bottling,tt,paidsocial,fk26_promo,story_a,,2026-09-13,361.54,
4508,Pinecrest Bottling,fb,paidsocial,fk26_retargeting,ginger_story_c,,2026-09-13,1432.77,
4509,Redrock Beverage,tiktok,paid-social,FallKickoff2026,zero_video_6s_c,,2026-09-13,286.51,
4510,Redrock Beverage,meta,paid-social,fall-kickoff-26,berry_video_6s_a,,2026-09-13,1070.66,
4511,Redrock Beverage,tiktok,paid-social,fall-kickoff-26,coupon_video_6s_b,,2026-09-13,761.38,
4512,Redrock Beverage,meta,social,fall-kickoff-26,story_b,,2026-09-13,1083.07,
4513,Sunvale Drinks,newsletter,email,FallKickoff2026,hero_banner,,2026-09-13,159.70,39925
4514,Sunvale Drinks,facebook,social,FallKickoff2026,zero_static_a,,2026-09-13,459.54,
4515,Harborline Distributing,facebook,paid social,fal kickoff 2026,Lime Carousel C,,2026-09-14,654.46,
4516,Harborline Distributing,google,Paid Search,fal kickoff 2026,Rsa 1,lemon lime soda,2026-09-14,535.28,
4517,Harborline Distributing,Google Ads,Paid Search,fal kickoff 2026,Rsa 2,zestify soda,2026-09-14,545.27,
4518,Northgate Beverage,EMAIL,EMAIL,FALL_KICKOFF_LAUNCH,HERO_BANNER,,2026-09-14,89.36,22340
4519,Pinecrest Bottling,google,cpc,fall_fest_2026,rsa_1,zero sugar soda,2026-09-14,1195.43,
4520,Pinecrest Bottling,fb,paidsocial,fall_fest_2026,story_b,,2026-09-14,670.46,
4521,Pinecrest Bottling,tiktok,paidsocial,ff26_q3,lime_carousel_c,,2026-09-14,1222.27,
4522,Pinecrest Bottling,tt,paidsocial,ff26_q3,recipe_static_b,,2026-09-14,336.97,
4523,Pinecrest Bottling,fb,paidsocial,fk26,awareness_zero_story_c,,2026-09-14,1514.30,
4524,Pinecrest Bottling,email,email,fk26_promo,cta_button,,2026-09-14,49.12,12281
4525,Pinecrest Bottling,google,cpc,fk26_promo,rsa_2,zestify soda,2026-09-14,1525.79,
4526,Pinecrest Bottling,email,email,ord_conf,notice_body,,2026-09-14,131.76,32940
4527,Redrock Beverage,tiktok,paid-social,FallKickoff2026,ginger_video_15s_b,,2026-09-14,775.23,
4528,Redrock Beverage,facebook,social,FallKickoff2026,story_a,,2026-09-14,1266.06,
4529,Redrock Beverage,tiktok,paid-social,FallKickoff2026,video_15s_b,,2026-09-14,343.39,
4530,Redrock Beverage,facebook,paid-social,fall-kickoff-26,zero_video_6s_c,,2026-09-14,508.84,
4531,Sunvale Drinks,email,email,fallkickoff,header_image,,2026-09-14,48.46,12116
4532,Sunvale Drinks,sfmc,e-mail,order_confirmation,notice_body,,2026-09-14,89.59,22398
4533,Sunvale Drinks,email,email,service_survey,transactional_template,,2026-09-14,60.86,15215
4534,Harborline Distributing,facebook,Paid Social,fal kickoff 2026,Zero Video 6S B,,2026-09-15,874.03,
4535,Northgate Beverage,GDN,DISPLAY,FALL_KICKOFF_2026,RECIPE_BERRY_REEL_A,,2026-09-15,835.77,
4536,Northgate Beverage,FB,paid_social,FALL_KICKOFF_2026,STATIC_A,,2026-09-15,1259.07,
4537,Northgate Beverage,IG,PAID_SOCIAL,FALL_KICKOFF_LAUNCH,LIME_STORY_B,,2026-09-15,1020.66,
4538,Pinecrest Bottling,fb,paidsocial,ff26_q3,carousel_b,,2026-09-15,665.28,
4539,Pinecrest Bottling,tt,paidsocial,ff26_q3,story_c,,2026-09-15,1367.22,
4540,Pinecrest Bottling,tiktok,paidsocial,fk26_promo,story_a,,2026-09-15,426.97,
4541,Pinecrest Bottling,ig,paidsocial,fk26_retargeting,carousel_a,,2026-09-15,246.10,
4542,Pinecrest Bottling,tiktok,paidsocial,fk26_retargeting,loyalty_static_c,,2026-09-15,601.34,
4543,Redrock Beverage,tiktok,paid-social,fall-kickoff-26,video_6s_a,,2026-09-15,738.27,
4544,Sunvale Drinks,text,sms,FallKickoff2026,cta_button,,2026-09-15,128.69,10724
4545,Sunvale Drinks,sfmc,e-mail,FallKickoff2026,hero_banner,,2026-09-15,125.60,31401
4546,Sunvale Drinks,sfmc,e-mail,fall_kickoff_blast,footer_link,,2026-09-15,28.06,7016
4547,Sunvale Drinks,sfmc,e-mail,fallkickoff,cta_button,,2026-09-15,136.28,34070
4548,Harborline Distributing,Google Ads,paid search,Fall Kickoff 2026,Rt Lime Rsa 2,sparkling lime drink,2026-09-16,843.71,
4549,Harborline Distributing,Google Ads,paid search,Fall Kickoff 2026,Rt Lime Rsa 2,sparkling lime drink,2026-09-16,843.71,
4550,Harborline Distributing,Google Display,Display,Fall%20Kickoff,Carousel C,,2026-09-16,199.62,
4551,Harborline Distributing,Facebook,Paid Social,Fall%20Kickoff,Zero Video 15S B,,2026-09-16,985.48,
4552,Harborline Distributing,Email,Email,Invoice Ready,Cta Button,,2026-09-16,74.36,18589
4553,Harborline Distributing,Email,Email,fal kickoff 2026,Hero Banner,,2026-09-16,36.10,9024
4554,Northgate Beverage,EMAIL,EMAIL,FALL_KICKOFF_2026,COUPON_CTA_BUTTON,,2026-09-16,84.75,21187
4555,Northgate Beverage,GOOGLE,CPC,FALL_KICKOFF_2026,LIME_BRAND_AD,zero sugar soda,2026-09-16,841.85,
4556,Northgate Beverage,FACEBOOK,PAID_SOCIAL,FALL_KICKOFF_2026,LIME_VIDEO_6S_C,,2026-09-16,1515.22,
4557,Northgate Beverage,FACEBOOK,paid_social,FALL_KICKOFF_2026,REEL_B,,2026-09-16,4869.47,
4558,Northgate Beverage,fb_paid,PAID_SOCIAL,FALL_KICKOFF_2026,STATIC_B,,2026-09-16,1837.68,
4559,Northgate Beverage,FACEBOOK,paid_social,FALL_KICKOFF_2026,VIDEO_6S_C,,2026-09-16,1591.37,
4560,Northgate Beverage,ig_paid,PAID_SOCIAL,FALL_KICKOFF_LAUNCH,REEL_A,,2026-09-16,415.55,
4561,Pinecrest Bottling,fb,paidsocial,fall_fest_2026,awareness_zero_reel_b,,2026-09-16,599.17,
4562,Pinecrest Bottling,tt,paidsocial,fall_fest_2026,video_15s_b,,2026-09-16,1679.57,
4563,Pinecrest Bottling,tiktok,paidsocial,ff26_q3,rt_story_b,,2026-09-16,663.62,
4564,Pinecrest Bottling,fb,paidsocial,fk26_retargeting,awareness_video_6s_c,,2026-09-16,660.10,
4565,Pinecrest Bottling,fb,paidsocial,fk26_retargeting,awareness_video_6s_c,,2026-09-16,660.10,
4566,Pinecrest Bottling,fb,paidsocial,fk26_retargeting,carousel_a,,2026-09-16,331.37,
4567,Pinecrest Bottling,fb,paidsocial,fk26_retargeting,story_b,,2026-09-16,1750.07,
4568,Redrock Beverage,bing,ppc,FallKickoff2026,rt_berry_rsa_1,sparkling lime drink,2026-09-16,1585.75,
4569,Redrock Beverage,programmatic,display,FallKickoff2026,zero_video_15s_c,,2026-09-16,229.32,
4570,Redrock Beverage,google,ppc,fall-kickoff-26,loyalty_brand_ad,lemon lime soda,2026-09-16,1107.67,
4571,Redrock Beverage,programmatic,display,fall-kickoff-26,video_6s_b,,2026-09-16,287.22,
4572,Redrock Beverage,tiktok,paid-social,fall-kickoff-26,zero_video_15s_c,,2026-09-16,613.90,
4573,Sunvale Drinks,newsletter,email,fall_kickoff_blast,cta_button,,2026-09-16,139.47,34868
4574,Sunvale Drinks,facebook,social,fallkickoff,carousel_b,,2026-09-16,789.94,
4575,Harborline Distributing,Facebook,Paid Social,Fall Kickoff 2026,Static B,,2026-09-17,1124.37,
4576,Harborline Distributing,Email,Email,Fall%20Kickoff,Hero Banner,,2026-09-17,133.50,33376
4577,Harborline Distributing,facebook,paid social,Fall%20Kickoff,Video 15S C,,2026-09-17,173.00,
4578,Harborline Distributing,facebook,paid social,Fall%20Kickoff,Zero Static A,,2026-09-17,461.01,
4579,Northgate Beverage,FB,PAID_SOCIAL,FALL_KICKOFF_2026,COUPON_BERRY_VIDEO_15S_A,,2026-09-17,1291.65,
4580,Northgate Beverage,EMAIL,EMAIL,FALL_KICKOFF_2026,CTA_BUTTON,,2026-09-17,23.08,5771
4581,Northgate Beverage,GOOGLE,CPC,FALL_KICKOFF_2026,GINGER_RSA_2,zero sugar soda,2026-09-17,1808.77,
4582,Northgate Beverage,EMAIL,EMAIL,ORDER_CONFIRMATION,NOTICE_BODY,,2026-09-17,37.26,9315
4583,Pinecrest Bottling,tiktok,paidsocial,fall_fest_2026,carousel_c,,2026-09-17,333.86,
4584,Pinecrest Bottling,tiktok,paidsocial,fall_fest_2026,lime_carousel_b,,2026-09-17,356.85,
4585,Pinecrest Bottling,tt,paidsocial,fall_fest_2026,static_b,,2026-09-17,353.10,
4586,Pinecrest Bottling,fb,paidsocial,fall_fest_2026,video_15s_c,,2026-09-17,765.20,
4587,Pinecrest Bottling,fb,paidsocial,fallfest_x_kickoff,static_b,,2026-09-17,759.99,
4588,Pinecrest Bottling,tiktok,paidsocial,fk26,static_c,,2026-09-17,538.76,
4589,Pinecrest Bottling,ig,paidsocial,fk26_promo,recipe_video_15s_c,,2026-09-17,242.61,
4590,Pinecrest Bottling,ig,paidsocial,fk26_promo,recipe_video_15s_c,,2026-09-17,242.61,
4591,Pinecrest Bottling,ig,paidsocial,fk26_retargeting,carousel_b,,2026-09-17,697.86,
4592,Pinecrest Bottling,google,cpc,fk26_retargeting,generic_ad,zero sugar soda,2026-09-17,641.32,
4593,Redrock Beverage,programmatic,display,fall-kickoff-26,original_carousel_a,,2026-09-17,238.03,
4594,Redrock Beverage,bing,ppc,fall-kickoff-26,rsa_1,zestify soda,2026-09-17,445.79,
4595,Sunvale Drinks,email,email,FallKickoff2026,footer_link,,2026-09-17,140.61,35153
4596,Sunvale Drinks,text,sms,FallKickoff2026,footer_link,,2026-09-17,62.53,5211
4597,Sunvale Drinks,facebook,social,FallKickoff2026,zero_static_a,,2026-09-17,607.64,
4598,Sunvale Drinks,email,e-mail,fallkickoff,cta_button,,2026-09-17,120.68,30170
4599,Sunvale Drinks,newsletter,e-mail,fallkickoff,footer_link,,2026-09-17,43.85,10962
4600,Sunvale Drinks,sfmc,email,route_change_notice,notice_body,,2026-09-17,22.91,5728
4601,Harborline Distributing,Google Ads,paid search,Fall%20Kickoff,Lime Rsa 1,sparkling lime drink,2026-09-18,1152.58,
4602,Northgate Beverage,ig_paid,PAID_SOCIAL,FALL_KICKOFF_2026,REEL_A,,2026-09-18,1798.21,
4603,Northgate Beverage,IG,PAID_SOCIAL,FALL_KICKOFF_2026,VIDEO_15S_B,,2026-09-18,1410.83,
4604,Northgate Beverage,FACEBOOK,paid_social,FALL_KICKOFF_2026,ZERO_CAROUSEL_A,,2026-09-18,2033.91,
4605,Northgate Beverage,GOOGLE,CPC,FALL_KICKOFF_LAUNCH,RSA_2,sparkling lime drink,2026-09-18,1038.66,
4606,Pinecrest Bottling,ig,paidsocial,fall_fest_2026,berry_story_b,,2026-09-18,666.34,
4607,Pinecrest Bottling,ig,paidsocial,fall_fest_2026,static_c,,2026-09-18,676.45,
4608,Pinecrest Bottling,ig,paidsocial,fk26,carousel_c,,2026-09-18,274.67,
4609,Pinecrest Bottling,fb,paidsocial,fk26,loyalty_static_c,,2026-09-18,484.34,
4610,Pinecrest Bottling,google,cpc,fk26_promo,brand_ad,sparkling lime drink,2026-09-18,870.80,
4611,Pinecrest Bottling,google,cpc,fk26_retargeting,loyalty_rsa_1,zero sugar soda,2026-09-18,245.72,
4612,Redrock Beverage,facebook,paid-social,FallKickoff2026,video_15s_b,,2026-09-18,399.39,
4613,Redrock Beverage,programmatic,display,FallKickoff2026,video_6s_b,,2026-09-18,866.67,
4614,Redrock Beverage,fb,social,fall-kickoff-26,berry_video_6s_a,,2026-09-18,1703.25,
4615,Redrock Beverage,bing,ppc,fall-kickoff-26,brand_ad,zestify near me,2026-09-18,470.21,
4616,Redrock Beverage,facebook,paid-social,fall-kickoff-26,rt_video_15s_a,,2026-09-18,599.42,
4617,Sunvale Drinks,email,email,FallKickoff2026,coupon_cta_button,,2026-09-18,93.52,23380
4618,Sunvale Drinks,newsletter,e-mail,FallKickoff2026,cta_button,,2026-09-18,23.06,5766
4619,Sunvale Drinks,newsletter,e-mail,FallKickoff2026,hero_banner,,2026-09-18,26.02,6504
4620,Sunvale Drinks,text,sms,fall_kickoff_blast,footer_link,,2026-09-18,107.16,8930
4621,Sunvale Drinks,sfmc,e-mail,fall_kickoff_blast,hero_banner,,2026-09-18,51.38,12846
4622,Harborline Distributing,Email,Email,Fall Kickoff 2026,Coupon Header Image,,2026-09-19,27.96,6989
4623,Harborline Distributing,Instagram,Paid Social,Fall Kickoff 2026,Rt Lime Video 6S C,,2026-09-19,737.69,
4624,Harborline Distributing,facebook,paid social,Fall Kickoff 2026,Video 15S B,,2026-09-19,557.28,
4625,Harborline Distributing,Instagram,Paid Social,fal kickoff 2026,Story A,,2026-09-19,678.27,
4626,Northgate Beverage,fb_paid,paid_social,FALL_KICKOFF_2026,ORIGINAL_CAROUSEL_C,,2026-09-19,422.61,
4627,Northgate Beverage,fb_paid,paid_social,FALL_KICKOFF_2026,REEL_B,,2026-09-19,737.14,
4628,Northgate Beverage,GOOGLE,CPC,FALL_KICKOFF_2026,RSA_2,sparkling lime drink,2026-09-19,1351.50,
4629,Northgate Beverage,ig_paid,PAID_SOCIAL,FALL_KICKOFF_2026,VIDEO_15S_C,,2026-09-19,2524.08,
4630,Northgate Beverage,FACEBOOK,paid_social,FALL_KICKOFF_2026,ZERO_VIDEO_6S_A,,2026-09-19,898.03,
4631,Pinecrest Bottling,ig,paidsocial,fall_fest_2026,rt_original_video_6s_c,,2026-09-19,362.76,
4632,Pinecrest Bottling,ig,paidsocial,fall_fest_2026,zero_story_c,,2026-09-19,1326.85,
4633,Pinecrest Bottling,fb,paidsocial,fk26_retargeting,ginger_story_c,,2026-09-19,1223.62,
4634,Pinecrest Bottling,email,email,fk26_retargeting,hero_banner,,2026-09-19,144.48,36120
4635,Pinecrest Bottling,tt,paidsocial,fk26_retargeting,recipe_original_reel_a,,2026-09-19,218.59,
4636,Redrock Beverage,bing,ppc,fall-kickoff-26,generic_ad,zestify soda,2026-09-19,276.72,
4637,Redrock Beverage,tiktok,paid-social,fall-kickoff-26,story_c,,2026-09-19,1454.49,
4638,Redrock Beverage,email,email,order-receipt,cta_button,,2026-09-19,151.00,37749
4639,Sunvale Drinks,sms,sms,FallKickoff2026,cta_button,,2026-09-19,51.28,4273
4640,Sunvale Drinks,email,email,FallKickoff2026,header_image,,2026-09-19,33.82,8454
4641,Sunvale Drinks,email,e-mail,FallKickoff2026,recipe_hero_banner,,2026-09-19,120.56,30139
4642,Sunvale Drinks,sms,sms,fall_kickoff_blast,footer_link,,2026-09-19,75.66,6305
4643,Sunvale Drinks,newsletter,e-mail,fall_kickoff_blast,hero_banner,,2026-09-19,36.64,9160
4644,Sunvale Drinks,google,cpc,fallkickoff,brand_ad,zestify soda,2026-09-19,537.93,
4645,Sunvale Drinks,sms,sms,fallkickoff,footer_link,,2026-09-19,45.84,3820
4646,Sunvale Drinks,text,sms,fallkickoff,header_image,,2026-09-19,136.55,11379
4647,Sunvale Drinks,fb,social,fallkickoff,lime_carousel_a,,2026-09-19,1170.19,
4648,Sunvale Drinks,fb,social,fallkickoff,video_6s_b,,2026-09-19,1823.59,
4649,Harborline Distributing,facebook,paid social,Fall Kickoff 2026,Awareness Video 6S C,,2026-09-20,824.45,
4650,Harborline Distributing,Email,Email,Fall Kickoff 2026,Recipe Cta Button,,2026-09-20,122.36,30591
4651,Harborline Distributing,facebook,Paid Social,Fall Kickoff 2026,Video 6S A,,2026-09-20,1970.95,
4652,Harborline Distributing,google,Paid Search,fal kickoff 2026,Brand Ad,lemon lime soda,2026-09-20,155.17,
4653,Harborline Distributing,google,Paid Search,fal kickoff 2026,Rsa 2,zestify soda,2026-09-20,1105.48,
4654,Northgate Beverage,IG,PAID_SOCIAL,FALL_KICKOFF_2026,AWARENESS_VIDEO_6S_B,,2026-09-20,2061.77,
4655,Northgate Beverage,GOOGLE,CPC,FALL_KICKOFF_2026,COUPON_BRAND_AD,zestify near me,2026-09-20,1533.10,
4656,Northgate Beverage,ig_paid,PAID_SOCIAL,FALL_KICKOFF_2026,REEL_A,,2026-09-20,418.47,
4657,Pinecrest Bottling,tt,paidsocial,fall_fest_2026,video_15s_c,,2026-09-20,396.92,
4658,Pinecrest Bottling,tiktok,paidsocial,ff26_q3,loyalty_carousel_c,,2026-09-20,1700.82,
4659,Pinecrest Bottling,email,email,fk26_retargeting,footer_link,,2026-09-20,16.18,4046
4660,Pinecrest Bottling,fb,paidsocial,fk26_retargeting,original_static_a,,2026-09-20,288.13,
4661,Pinecrest Bottling,sms,sms,rte_chg_notice,cta_button,,2026-09-20,43.19,3599
4662,Redrock Beverage,email,email,FallKickoff2026,cta_button,,2026-09-20,108.46,27115
4663,Redrock Beverage,facebook,social,FallKickoff2026,static_c,,2026-09-20,231.94,
4664,Redrock Beverage,bing,ppc,fall-kickoff-26,brand_ad,zestify near me,2026-09-20,1924.28,
4665,Redrock Beverage,tiktok,paid-social,fall-kickoff-26,coupon_video_6s_b,,2026-09-20,694.57,
4666,Redrock Beverage,facebook,paid-social,fall-kickoff-26,story_b,,2026-09-20,1984.38,
4667,Redrock Beverage,meta,paid-social,fall-kickoff-26,story_c,,2026-09-20,898.06,
4668,Redrock Beverage,tiktok,paid-social,fall-kickoff-26,video_6s_a,,2026-09-20,657.97,
4669,Sunvale Drinks,email,email,FallKickoff2026,awareness_footer_link,,2026-09-20,144.96,36239
4670,Sunvale Drinks,facebook,social,FallKickoff2026,zero_video_6s_b,,2026-09-20,358.26,
4671,Sunvale Drinks,sms,sms,delivery_window_reminder,transactional_template,,2026-09-20,114.66,9555
4672,Sunvale Drinks,email,email,fallkickoff,hero_banner,,2026-09-20,136.80,34201
4673,Harborline Distributing,Email,Email,Fall Kickoff 2026,Coupon Header Image,,2026-09-21,25.17,6293
4674,Harborline Distributing,facebook,Paid Social,Fall Kickoff 2026,Video 6S A,,2026-09-21,1292.62,
4675,Harborline Distributing,Email,Email,Fall%20Kickoff,Rt Cta Button,,2026-09-21,66.11,16528
4676,Harborline Distributing,Google Ads,Paid Search,fal kickoff 2026,Brand Ad,zero sugar soda,2026-09-21,1700.79,
4677,Harborline Distributing,google,paid search,fal kickoff 2026,Brand Ad,zestify soda,2026-09-21,259.59,
4678,Harborline Distributing,Google Ads,paid search,fal kickoff 2026,Rsa 2,zestify near me,2026-09-21,1128.77,
4679,Northgate Beverage,GDN,DISPLAY,FALL_KICKOFF_2026,RECIPE_BERRY_REEL_A,,2026-09-21,545.60,
4680,Northgate Beverage,IG,PAID_SOCIAL,FALL_KICKOFF_2026,RECIPE_VIDEO_6S_B,,2026-09-21,450.41,
4681,Northgate Beverage,IG,PAID_SOCIAL,FALL_KICKOFF_2026,REEL_A,,2026-09-21,1367.76,
4682,Northgate Beverage,FB,paid_social,FALL_KICKOFF_2026,REEL_B,,2026-09-21,528.39,
4683,Northgate Beverage,IG,PAID_SOCIAL,FALL_KICKOFF_2026,STATIC_A,,2026-09-21,467.90,
4684,Northgate Beverage,FB,PAID_SOCIAL,FALL_KICKOFF_2026,STATIC_B,,2026-09-21,1641.87,
4685,Northgate Beverage,IG,PAID_SOCIAL,FALL_KICKOFF_LAUNCH,LIME_STORY_B,,2026-09-21,1809.19,
4686,Northgate Beverage,ig_paid,PAID_SOCIAL,FALL_KICKOFF_LAUNCH,REEL_A,,2026-09-21,373.54,
4687,Pinecrest Bottling,tt,paidsocial,fall_fest_2026,lime_carousel_b,,2026-09-21,251.48,
4688,Pinecrest Bottling,tiktok,paidsocial,fall_fest_2026,video_15s_b,,2026-09-21,245.59,
4689,Pinecrest Bottling,tt,paidsocial,ff26_q3,rt_story_b,,2026-09-21,367.81,
4690,Pinecrest Bottling,tiktok,paidsocial,ff26_q3,story_c,,2026-09-21,853.64,
4691,Pinecrest Bottling,email,email,fk26_promo,cta_button,,2026-09-21,36.76,9189
4692,Pinecrest Bottling,fb,paidsocial,fk26_retargeting,awareness_video_6s_c,,2026-09-21,573.46,
4693,Pinecrest Bottling,ig,paidsocial,fk26_retargeting,carousel_a,,2026-09-21,509.61,
4694,Pinecrest Bottling,fb,paidsocial,fk26_retargeting,original_static_a,,2026-09-21,242.31,
4695,Pinecrest Bottling,google,cpc,fk26_retargeting,rsa_2,sparkling lime drink,2026-09-21,886.47,
4696,Redrock Beverage,meta,social,FallKickoff2026,static_c,,2026-09-21,208.33,
4697,Redrock Beverage,fb,paid-social,FallKickoff2026,story_a,,2026-09-21,626.25,
4698,Redrock Beverage,tiktok,paid-social,fall-kickoff-26,video_6s_a,,2026-09-21,829.40,
4699,Sunvale Drinks,newsletter,email,FallKickoff2026,recipe_hero_banner,,2026-09-21,21.06,5265
4700,Sunvale Drinks,newsletter,email,fallkickoff,cta_button,,2026-09-21,24.27,6068
4701,Sunvale Drinks,fb,social,fallkickoff,lime_carousel_a,,2026-09-21,1184.26,
4702,Harborline Distributing,Facebook,Paid Social,Fall Kickoff 2026,Awareness Video 6S C,,2026-09-22,932.99,
4703,Harborline Distributing,Instagram,Paid Social,Fall Kickoff 2026,Rt Lime Video 6S C,,2026-09-22,710.82,
4704,Harborline Distributing,Facebook,paid social,Fall Kickoff 2026,Video 15S B,,2026-09-22,497.65,
4705,Harborline Distributing,Google Display,Display,Fall%20Kickoff,Carousel C,,2026-09-22,300.62,
4706,Harborline Distributing,facebook,Paid Social,Fall%20Kickoff,Zero Static A,,2026-09-22,722.75,
4707,Harborline Distributing,Email,Email,fal kickoff 2026,Hero Banner,,2026-09-22,103.86,25966
4708,Harborline Distributing,facebook,Paid Social,fal kickoff 2026,Original Video 6S A,,2026-09-22,420.09,
4709,Northgate Beverage,IG,PAID_SOCIAL,FALL_KICKOFF_2026,VIDEO_15S_B,,2026-09-22,1399.25,
4710,Northgate Beverage,FB,PAID_SOCIAL,FALL_KICKOFF_LAUNCH,REEL_A,,2026-09-22,2223.73,
4711,Pinecrest Bottling,fb,paidsocial,fall_fest_2026,coupon_reel_c,,2026-09-22,554.21,
4712,Pinecrest Bottling,tiktok,paidsocial,ff26_q3,loyalty_video_15s_b,,2026-09-22,632.60,
4713,Pinecrest Bottling,google,cpc,ff26_q3,rt_generic_ad,zestify soda,2026-09-22,693.54,
4714,Pinecrest Bottling,fb,paidsocial,fk26,awareness_zero_story_c,,2026-09-22,3007.92,
4715,Pinecrest Bottling,ig,paidsocial,fk26,static_c,,2026-09-22,2587.87,
4716,Pinecrest Bottling,ig,paidsocial,fk26_promo,loyalty_reel_c,,2026-09-22,2650.20,
4717,Pinecrest Bottling,fb,paidsocial,fk26_retargeting,lime_story_c,,2026-09-22,1523.96,
4718,Pinecrest Bottling,fb,paidsocial,fk26_retargeting,story_b,,2026-09-22,1057.35,
4719,Pinecrest Bottling,email,email,ord_conf,notice_body,,2026-09-22,142.50,35626
4720,Redrock Beverage,google,ppc,FallKickoff2026,original_generic_ad,zestify near me,2026-09-22,498.07,
4721,Redrock Beverage,bing,ppc,fall-kickoff-26,loyalty_brand_ad,sparkling lime drink,2026-09-22,1030.52,
4722,Redrock Beverage,fb,paid-social,fall-kickoff-26,rt_video_15s_a,,2026-09-22,513.99,
4723,Sunvale Drinks,text,sms,FallKickoff2026,footer_link,,2026-09-22,72.52,6043
4724,Sunvale Drinks,email,e-mail,fall_kickoff_blast,cta_button,,2026-09-22,159.91,39977
4725,Sunvale Drinks,facebook,social,fallkickoff,carousel_b,,2026-09-22,535.67,
4726,Sunvale Drinks,newsletter,e-mail,fallkickoff,header_image,,2026-09-22,152.53,38133
4727,Harborline Distributing,Email,Email,Fall%20Kickoff,Footer Link,,2026-09-23,38.72,9681
4728,Harborline Distributing,google,Paid Search,Fall%20Kickoff,Generic Ad,lemon lime soda,2026-09-23,603.96,
4729,Harborline Distributing,Email,Email,Fall%20Kickoff,Hero Banner,,2026-09-23,38.80,9701
4730,Harborline Distributing,Facebook,Paid Social,Fall%20Kickoff,Video 15S C,,2026-09-23,310.27,
4731,Harborline Distributing,Email,Email,Invoice Ready,Cta Button,,2026-09-23,113.30,28326
4732,Harborline Distributing,facebook,Paid Social,fal kickoff 2026,Ginger Video 6S C,,2026-09-23,365.33,
4733,Northgate Beverage,FB,PAID_SOCIAL,FALL_KICKOFF_2026,COUPON_BERRY_VIDEO_15S_A,,2026-09-23,568.60,
4734,Northgate Beverage,ig_paid,PAID_SOCIAL,FALL_KICKOFF_2026,REEL_A,,2026-09-23,302.94,
4735,Northgate Beverage,FB,PAID_SOCIAL,FALL_KICKOFF_2026,REEL_B,,2026-09-23,2038.69,
4736,Northgate Beverage,ig_paid,PAID_SOCIAL,FALL_KICKOFF_2026,VIDEO_15S_C,,2026-09-23,1113.68,
4737,Northgate Beverage,FB,paid_social,FALL_KICKOFF_2026,VIDEO_6S_C,,2026-09-23,1045.86,
4738,Northgate Beverage,EMAIL,EMAIL,FALL_KICKOFF_LAUNCH,HERO_BANNER,,2026-09-23,106.98,26745
4739,Pinecrest Bottling,tt,paidsocial,fall_fest_2026,static_b,,2026-09-23,227.06,
4740,Pinecrest Bottling,tt,paidsocial,fall_fest_2026,video_15s_b,,2026-09-23,1315.02,
4741,Pinecrest Bottling,tiktok,paidsocial,fk26_promo,story_a,,2026-09-23,403.13,
4742,Pinecrest Bottling,google,cpc,fk26_retargeting,generic_ad,zestify near me,2026-09-23,372.59,
4743,Pinecrest Bottling,google,cpc,fk26_retargeting,loyalty_rsa_1,zestify soda,2026-09-23,486.15,
4744,Pinecrest Bottling,tt,paidsocial,fk26_retargeting,loyalty_static_c,,2026-09-23,1013.37,
4745,Redrock Beverage,email,email,FallKickoff2026,cta_button,,2026-09-23,16.08,4019
4746,Redrock Beverage,bing,ppc,FallKickoff2026,rt_berry_rsa_1,zestify soda,2026-09-23,1407.76,
4747,Redrock Beverage,programmatic,display,FallKickoff2026,video_6s_b,,2026-09-23,1033.70,
4748,Redrock Beverage,google,ppc,fall-kickoff-26,brand_ad,zestify near me,2026-09-23,336.05,
4749,Redrock Beverage,bing,ppc,fall-kickoff-26,rsa_1,sparkling lime drink,2026-09-23,596.08,
4750,Redrock Beverage,fb,social,fall-kickoff-26,story_c,,2026-09-23,1660.68,
4751,Redrock Beverage,tiktok,paid-social,fall-kickoff-26,story_c,,2026-09-23,968.14,
4752,Redrock Beverage,tiktok,paid-social,fall-kickoff-26,zero_video_15s_c,,2026-09-23,425.63,
4753,Sunvale Drinks,text,sms,FallKickoff2026,cta_button,,2026-09-23,107.74,8978
4754,Sunvale Drinks,sfmc,email,FallKickoff2026,footer_link,,2026-09-23,148.13,37032
4755,Sunvale Drinks,email,email,FallKickoff2026,hero_banner,,2026-09-23,107.30,26825
4756,Sunvale Drinks,text,sms,delivery_window_reminder,transactional_template,,2026-09-23,57.55,4796
4757,Sunvale Drinks,sfmc,e-mail,fall_kickoff_blast,footer_link,,2026-09-23,17.01,4253
4758,Sunvale Drinks,text,sms,fallkickoff,awareness_hero_banner,,2026-09-23,86.02,7168
4759,Sunvale Drinks,newsletter,email,password_reset,notice_body,,2026-09-23,67.58,16895
4760,Sunvale Drinks,sfmc,email,route_change_notice,notice_body,,2026-09-23,19.06,4764
4761,Harborline Distributing,Instagram,Paid Social,Fall%20Kickoff,Loyalty Story A,,2026-09-24,716.41,
4762,Northgate Beverage,EMAIL,EMAIL,DELIVERY_REMINDER,NOTICE_BODY,,2026-09-24,124.20,31049
4763,Northgate Beverage,GOOGLE,CPC,FALL_KICKOFF_2026,COUPON_BRAND_AD,lemon lime soda,2026-09-24,1501.93,
4764,Northgate Beverage,EMAIL,EMAIL,FALL_KICKOFF_2026,CTA_BUTTON,,2026-09-24,51.83,12957
4765,Northgate Beverage,FACEBOOK,PAID_SOCIAL,FALL_KICKOFF_2026,STATIC_A,,2026-09-24,1869.25,
4766,Northgate Beverage,fb_paid,paid_social,FALL_KICKOFF_2026,ZERO_CAROUSEL_A,,2026-09-24,1618.88,
4767,Northgate Beverage,GOOGLE,CPC,FALL_KICKOFF_LAUNCH,RSA_2,sparkling lime drink,2026-09-24,725.65,
4768,Northgate Beverage,EMAIL,EMAIL,ORDER_CONFIRMATION,NOTICE_BODY,,2026-09-24,61.76,15441
4769,Pinecrest Bottling,tiktok,paidsocial,fall_fest_2026,reel_c,,2026-09-24,643.81,
4770,Pinecrest Bottling,fb,paidsocial,fall_fest_2026,video_6s_a,,2026-09-24,1653.58,
4771,Pinecrest Bottling,ig,paidsocial,fall_fest_2026,zero_story_c,,2026-09-24,1524.85,
4772,Pinecrest Bottling,ig,paidsocial,fk26_retargeting,awareness_berry_story_b,,2026-09-24,569.43,
4773,Pinecrest Bottling,fb,paidsocial,fk26_retargeting,carousel_a,,2026-09-24,687.22,
4774,Pinecrest Bottling,ig,paidsocial,fk26_retargeting,static_b,,2026-09-24,412.68,
4775,Redrock Beverage,tiktok,paid-social,fall-kickoff-26,video_6s_a,,2026-09-24,953.83,
4776,Redrock Beverage,meta,social,fall-kickoff-26,zero_video_6s_c,,2026-09-24,371.73,
4777,Sunvale Drinks,email,email,FallKickoff2026,coupon_cta_button,,2026-09-24,95.05,23762
4778,Sunvale Drinks,email,e-mail,FallKickoff2026,hero_banner,,2026-09-24,33.69,8422
4779,Sunvale Drinks,facebook,social,FallKickoff2026,zero_video_6s_b,,2026-09-24,571.95,
4780,Sunvale Drinks,email,e-mail,fall_kickoff_blast,footer_link,,2026-09-24,105.57,26393
4781,Sunvale Drinks,text,sms,fall_kickoff_blast,footer_link,,2026-09-24,116.10,9675
4782,Sunvale Drinks,newsletter,email,fallkickoff,cta_button,,2026-09-24,143.34,35834
4783,Sunvale Drinks,sms,sms,fallkickoff,cta_button,,2026-09-24,89.64,7470
4784,Sunvale Drinks,sms,sms,fallkickoff,footer_link,,2026-09-24,88.86,7405
4785,Sunvale Drinks,email,e-mail,fallkickoff,header_image,,2026-09-24,155.52,38880
4786,Sunvale Drinks,newsletter,email,order_confirmation,notice_body,,2026-09-24,138.00,34500
4787,Sunvale Drinks,sfmc,e-mail,service_survey,transactional_template,,2026-09-24,73.21,18302
4788,Harborline Distributing,Email,Email,Delivery Reminder,Notice Body,,2026-09-25,49.42,12356
4789,Harborline Distributing,google,paid search,Fall Kickoff 2026,Rt Lime Rsa 2,zero sugar soda,2026-09-25,1025.13,
4790,Harborline Distributing,Google Ads,Paid Search,Fall%20Kickoff,Lime Rsa 1,zestify near me,2026-09-25,714.48,
4791,Harborline Distributing,Facebook,Paid Social,Fall%20Kickoff,Zero Video 15S B,,2026-09-25,935.87,
4792,Harborline Distributing,Instagram,Paid Social,fal kickoff 2026,Story A,,2026-09-25,376.61,
4793,Northgate Beverage,ig_paid,PAID_SOCIAL,FALL_KICKOFF_2026,AWARENESS_VIDEO_6S_B,,2026-09-25,3134.17,
4794,Northgate Beverage,FB,PAID_SOCIAL,FALL_KICKOFF_2026,ZERO_VIDEO_15S_C,,2026-09-25,2774.53,
4795,Northgate Beverage,ig_paid,PAID_SOCIAL,FALL_KICKOFF_LAUNCH,STATIC_B,,2026-09-25,361.30,
4796,Pinecrest Bottling,fb,paidsocial,fall_fest_2026,awareness_zero_reel_b,,2026-09-25,317.89,
4797,Pinecrest Bottling,fb,paidsocial,fall_fest_2026,berry_reel_a,,2026-09-25,1164.84,
4798,Pinecrest Bottling,fb,paidsocial,fall_fest_2026,video_15s_c,,2026-09-25,739.53,
4799,Pinecrest Bottling,fb,paidsocial,fallfest_x_kickoff,static_b,,2026-09-25,678.20,
4800,Pinecrest Bottling,tiktok,paidsocial,ff26_q3,loyalty_carousel_c,,2026-09-25,1253.81,
4801,Pinecrest Bottling,fb,paidsocial,fk26,loyalty_static_c,,2026-09-25,328.50,
4802,Pinecrest Bottling,sms,sms,rte_chg_notice,cta_button,,2026-09-25,112.06,9338
4803,Redrock Beverage,facebook,paid-social,fall-kickoff-26,story_b,,2026-09-25,1293.41,
4804,Sunvale Drinks,newsletter,e-mail,FallKickoff2026,cta_button,,2026-09-25,62.85,15712
4805,Sunvale Drinks,facebook,social,FallKickoff2026,zero_static_a,,2026-09-25,1035.51,
4806,Sunvale Drinks,newsletter,e-mail,fallkickoff,header_image,,2026-09-25,46.30,11574
4807,Sunvale Drinks,facebook,social,fallkickoff,video_6s_b,,2026-09-25,1692.13,
4808,Harborline Distributing,Email,Email,Fall Kickoff 2026,Recipe Cta Button,,2026-09-26,99.39,24847
4809,Harborline Distributing,Email,Email,Fall%20Kickoff,Cta Button,,2026-09-26,53.02,13256
4810,Harborline Distributing,Google Ads,paid search,fal kickoff 2026,Awareness Brand Ad,sparkling lime drink,2026-09-26,3185.32,
4811,Northgate Beverage,GOOGLE,CPC,FALL_KICKOFF_2026,LIME_BRAND_AD,zestify soda,2026-09-26,1043.18,
4812,Northgate Beverage,fb_paid,PAID_SOCIAL,FALL_KICKOFF_2026,LIME_VIDEO_6S_C,,2026-09-26,1481.95,
4813,Northgate Beverage,ig_paid,PAID_SOCIAL,FALL_KICKOFF_LAUNCH,RT_VIDEO_15S_A,,2026-09-26,1249.68,
4814,Pinecrest Bottling,ig,paidsocial,fall_fest_2026,rt_original_video_6s_c,,2026-09-26,319.77,
4815,Pinecrest Bottling,ig,paidsocial,fk26,carousel_c,,2026-09-26,402.95,
4816,Pinecrest Bottling,google,cpc,fk26_retargeting,generic_ad,zestify soda,2026-09-26,971.01,
4817,Pinecrest Bottling,fb,paidsocial,fk26_retargeting,ginger_story_c,,2026-09-26,1599.23,
4818,Pinecrest Bottling,email,email,fk26_retargeting,hero_banner,,2026-09-26,96.85,24212
4819,Redrock Beverage,tiktok,paid-social,FallKickoff2026,static_b,,2026-09-26,687.55,
4820,Redrock Beverage,bing,ppc,fall-kickoff-26,brand_ad,zestify near me,2026-09-26,2123.06,
4821,Redrock Beverage,tiktok,paid-social,fall-kickoff-26,coupon_video_6s_b,,2026-09-26,576.90,
4822,Sunvale Drinks,newsletter,e-mail,FallKickoff2026,header_image,,2026-09-26,63.08,15769
4823,Sunvale Drinks,email,email,fallkickoff,cta_button,,2026-09-26,115.00,28750
4824,Sunvale Drinks,text,sms,fallkickoff,header_image,,2026-09-26,117.35,9779
4825,Sunvale Drinks,sfmc,email,fallkickoff,hero_banner,,2026-09-26,16.03,4008
4826,Harborline Distributing,facebook,Paid Social,fal kickoff 2026,Lime Carousel C,,2026-09-27,434.93,
4827,Northgate Beverage,fb_paid,PAID_SOCIAL,FALL_KICKOFF_2026,ORIGINAL_CAROUSEL_C,,2026-09-27,241.27,
4828,Northgate Beverage,ig_paid,PAID_SOCIAL,FALL_KICKOFF_LAUNCH,AWARENESS_VIDEO_15S_A,,2026-09-27,1432.78,
4829,Northgate Beverage,FB,PAID_SOCIAL,FALL_KICKOFF_LAUNCH,STATIC_B,,2026-09-27,1110.15,
4830,Pinecrest Bottling,fb,paidsocial,ff26_q3,carousel_b,,2026-09-27,983.05,
4831,Pinecrest Bottling,tt,paidsocial,fk26,static_c,,2026-09-27,243.24,
4832,Pinecrest Bottling,ig,paidsocial,fk26_promo,recipe_video_15s_c,,2026-09-27,422.53,
4833,Pinecrest Bottling,ig,paidsocial,fk26_retargeting,carousel_b,,2026-09-27,509.38,
4834,Pinecrest Bottling,tiktok,paidsocial,fk26_retargeting,recipe_original_reel_a,,2026-09-27,217.11,
4835,Redrock Beverage,facebook,paid-social,FallKickoff2026,video_15s_b,,2026-09-27,261.94,
4836,Redrock Beverage,programmatic,display,FallKickoff2026,zero_video_15s_c,,2026-09-27,307.46,
4837,Redrock Beverage,tiktok,paid-social,fall-kickoff-26,berry_reel_b,,2026-09-27,519.06,
4838,Redrock Beverage,facebook,social,fall-kickoff-26,berry_video_6s_a,,2026-09-27,1038.40,
4839,Redrock Beverage,programmatic,display,fall-kickoff-26,original_carousel_a,,2026-09-27,327.33,
4840,Redrock Beverage,email,email,order-receipt,cta_button,,2026-09-27,149.13,37282
4841,Sunvale Drinks,text,sms,FallKickoff2026,cta_button,,2026-09-27,73.20,6100
4842,Sunvale Drinks,text,sms,fall_kickoff_blast,footer_link,,2026-09-27,43.94,3662
4843,Sunvale Drinks,google,cpc,fallkickoff,brand_ad,zestify near me,2026-09-27,473.42,
4844,Sunvale Drinks,email,email,fallkickoff,footer_link,,2026-09-27,49.52,12380
4845,Harborline Distributing,Email,Email,Delivery Reminder,Notice Body,,2026-09-28,159.12,39781
4846,Harborline Distributing,facebook,paid social,Fall Kickoff 2026,Video 15S B,,2026-09-28,565.04,
4847,Harborline Distributing,Email,Email,Invoice Ready,Cta Button,,2026-09-28,62.31,15577
4848,Harborline Distributing,google,Paid Search,fal kickoff 2026,Rsa 2,sparkling lime drink,2026-09-28,783.14,
4849,Northgate Beverage,EMAIL,EMAIL,DELIVERY_REMINDER,NOTICE_BODY,,2026-09-28,102.72,25679
4850,Northgate Beverage,GOOGLE,CPC,FALL_KICKOFF_2026,ORIGINAL_GENERIC_AD,lemon lime soda,2026-09-28,567.19,
4851,Northgate Beverage,GOOGLE,CPC,FALL_KICKOFF_2026,RECIPE_RSA_1,zestify soda,2026-09-28,606.27,
4852,Northgate Beverage,IG,PAID_SOCIAL,FALL_KICKOFF_LAUNCH,REEL_A,,2026-09-28,479.78,
4853,Pinecrest Bottling,fb,paidsocial,fallfest_x_kickoff,static_b,,2026-09-28,1554.30,
4854,Pinecrest Bottling,fb,paidsocial,fk26,static_a,,2026-09-28,1021.28,
4855,Pinecrest Bottling,ig,paidsocial,fk26_promo,loyalty_reel_c,,2026-09-28,2415.68,
4856,Redrock Beverage,fb,social,FallKickoff2026,video_15s_b,,2026-09-28,273.61,
4857,Redrock Beverage,google,ppc,fall-kickoff-26,awareness_ginger_rsa_1,lemon lime soda,2026-09-28,913.90,
4858,Redrock Beverage,facebook,social,fall-kickoff-26,berry_video_6s_a,,2026-09-28,787.80,
4859,Sunvale Drinks,email,e-mail,fall_kickoff_blast,cta_button,,2026-09-28,31.14,7785
4860,Sunvale Drinks,newsletter,e-mail,fall_kickoff_blast,footer_link,,2026-09-28,104.47,26117
4861,Sunvale Drinks,text,sms,fall_kickoff_blast,footer_link,,2026-09-28,75.82,6318
4862,Sunvale Drinks,text,sms,fallkickoff,awareness_hero_banner,,2026-09-28,101.96,8497
4863,Sunvale Drinks,sms,sms,fallkickoff,cta_button,,2026-09-28,92.17,7681
4864,Sunvale Drinks,newsletter,email,fallkickoff,recipe_cta_button,,2026-09-28,18.45,4612
4865,Sunvale Drinks,email,email,receipt,cta_button,,2026-09-28,30.08,7519
4866,Harborline Distributing,facebook,paid social,Fall Kickoff 2026,Awareness Video 6S C,,2026-09-29,1052.55,
4867,Harborline Distributing,Instagram,Paid Social,Fall%20Kickoff,Loyalty Story A,,2026-09-29,729.07,
4868,Harborline Distributing,Instagram,Paid Social,Fall%20Kickoff,Static A,,2026-09-29,413.95,
4869,Harborline Distributing,Google Ads,Paid Search,fal kickoff 2026,Brand Ad,zestify near me,2026-09-29,125.35,
4870,Harborline Distributing,google,Paid Search,fal kickoff 2026,Brand Ad,zestify near me,2026-09-29,1035.17,
4871,Northgate Beverage,FB,paid_social,FALL_KICKOFF_2026,LIME_VIDEO_6S_C,,2026-09-29,1858.39,
4872,Northgate Beverage,FACEBOOK,PAID_SOCIAL,FALL_KICKOFF_2026,VIDEO_6S_C,,2026-09-29,1476.67,
4873,Northgate Beverage,ig_paid,PAID_SOCIAL,FALL_KICKOFF_LAUNCH,AWARENESS_VIDEO_15S_A,,2026-09-29,1086.37,
4874,Northgate Beverage,IG,PAID_SOCIAL,FALL_KICKOFF_LAUNCH,COUPON_STATIC_A,,2026-09-29,1806.51,
4875,Northgate Beverage,fb_paid,paid_social,FALL_KICKOFF_LAUNCH,REEL_A,,2026-09-29,2037.67,
4876,Pinecrest Bottling,ig,paidsocial,fk26_promo,recipe_video_15s_c,,2026-09-29,254.53,
4877,Pinecrest Bottling,google,cpc,fk26_retargeting,rsa_2,lemon lime soda,2026-09-29,742.19,
4878,Pinecrest Bottling,fb,paidsocial,fk26_retargeting,story_b,,2026-09-29,821.97,
4879,Redrock Beverage,google,ppc,FallKickoff2026,original_generic_ad,sparkling lime drink,2026-09-29,306.57,
4880,Redrock Beverage,bing,ppc,fall-kickoff-26,rsa_1,zestify soda,2026-09-29,556.00,
4881,Redrock Beverage,email,email,order-receipt,cta_button,,2026-09-29,157.72,39430
4882,Sunvale Drinks,text,sms,FallKickoff2026,footer_link,,2026-09-29,77.16,6430
4883,Sunvale Drinks,text,sms,fall_kickoff_blast,footer_link,,2026-09-29,91.81,7651
4884,Sunvale Drinks,email,e-mail,fallkickoff,hero_banner,,2026-09-29,39.08,9771
4885,Harborline Distributing,Instagram,Paid Social,Fall Kickoff 2026,Rt Lime Video 6S C,,2026-09-30,617.30,
4886,Harborline Distributing,Google Ads,paid search,Fall%20Kickoff,Lime Rsa 1,sparkling lime drink,2026-09-30,642.12,
4887,Harborline Distributing,Facebook,Paid Social,fal kickoff 2026,Ginger Video 6S C,,2026-09-30,319.64,
4888,Northgate Beverage,GOOGLE,CPC,FALL_KICKOFF_2026,AWARENESS_RSA_1,zero sugar soda,2026-09-30,422.43,
4889,Northgate Beverage,GDN,DISPLAY,FALL_KICKOFF_2026,RECIPE_BERRY_REEL_A,,2026-09-30,663.84,
4890,Northgate Beverage,IG,PAID_SOCIAL,FALL_KICKOFF_2026,STATIC_A,,2026-09-30,249.48,
4891,Northgate Beverage,fb_paid,paid_social,FALL_KICKOFF_2026,STATIC_A,,2026-09-30,1468.41,
4892,Northgate Beverage,EMAIL,EMAIL,ORDER_CONFIRMATION,NOTICE_BODY,,2026-09-30,157.25,39313
4893,Pinecrest Bottling,google,cpc,fk26,brand_ad,sparkling lime drink,2026-09-30,592.02,
4894,Pinecrest Bottling,ig,paidsocial,fk26,carousel_c,,2026-09-30,474.76,
4895,Pinecrest Bottling,tt,paidsocial,fk26,static_c,,2026-09-30,355.32,
4896,Pinecrest Bottling,email,email,fk26_promo,cta_button,,2026-09-30,35.06,8766
4897,Pinecrest Bottling,ig,paidsocial,fk26_promo,video_6s_a,,2026-09-30,579.68,
4898,Pinecrest Bottling,ig,paidsocial,fk26_retargeting,awareness_berry_story_b,,2026-09-30,1009.51,
4899,Pinecrest Bottling,ig,paidsocial,fk26_retargeting,static_b,,2026-09-30,494.11,
4900,Pinecrest Bottling,fb,paidsocial,fk26_retargeting,story_b,,2026-09-30,1077.61,
4901,Redrock Beverage,bing,ppc,FallKickoff2026,lime_brand_ad,zestify soda,2026-09-30,810.11,
4902,Redrock Beverage,bing,ppc,fall-kickoff-26,loyalty_brand_ad,sparkling lime drink,2026-09-30,617.01,
4903,Redrock Beverage,programmatic,display,fall-kickoff-26,original_carousel_a,,2026-09-30,268.66,
4904,Redrock Beverage,meta,paid-social,fall-kickoff-26,zero_video_6s_c,,2026-09-30,393.15,
4905,Sunvale Drinks,email,e-mail,FallKickoff2026,footer_link,,2026-09-30,140.51,35127
4906,Sunvale Drinks,newsletter,email,FallKickoff2026,hero_banner,,2026-09-30,103.94,25984
4907,Sunvale Drinks,newsletter,e-mail,FallKickoff2026,recipe_hero_banner,,2026-09-30,45.55,11387
4908,Sunvale Drinks,email,email,fallkickoff,cta_button,,2026-09-30,122.12,30530
4909,Sunvale Drinks,sfmc,e-mail,fallkickoff,footer_link,,2026-09-30,49.48,12369
4910,Sunvale Drinks,text,sms,fallkickoff,recipe_footer_link,,2026-09-30,63.31,5276
4911,Sunvale Drinks,facebook,social,fallkickoff,video_6s_b,,2026-09-30,937.32,
4912,Sunvale Drinks,email,e-mail,service_survey,transactional_template,,2026-09-30,106.46,26614
4913,Harborline Distributing,Email,Email,Fall Kickoff 2026,Recipe Cta Button,,2026-10-01,134.58,33645
4914,Harborline Distributing,Email,Email,Fall%20Kickoff,Hero Banner,,2026-10-01,51.42,12856
4915,Northgate Beverage,GOOGLE,CPC,FALL_KICKOFF_2026,LIME_BRAND_AD,zero sugar soda,2026-10-01,639.09,
4916,Northgate Beverage,ig_paid,PAID_SOCIAL,FALL_KICKOFF_2026,LOYALTY_VIDEO_15S_A,,2026-10-01,1178.04,
4917,Northgate Beverage,ig_paid,PAID_SOCIAL,FALL_KICKOFF_2026,VIDEO_15S_C,,2026-10-01,1267.83,
4918,Northgate Beverage,EMAIL,EMAIL,FALL_KICKOFF_LAUNCH,HERO_BANNER,,2026-10-01,109.32,27330
4919,Northgate Beverage,ig_paid,PAID_SOCIAL,FALL_KICKOFF_LAUNCH,RT_VIDEO_15S_A,,2026-10-01,585.61,
4920,Pinecrest Bottling,ig,paidsocial,fk26,static_c,,2026-10-01,1299.17,
4921,Pinecrest Bottling,fb,paidsocial,fk26_retargeting,lime_story_c,,2026-10-01,744.97,
4922,Pinecrest Bottling,email,email,ord_conf,notice_body,,2026-10-01,25.77,6443
4923,Redrock Beverage,tiktok,paid-social,FallKickoff2026,static_b,,2026-10-01,927.54,
4924,Redrock Beverage,tiktok,paid-social,FallKickoff2026,static_b,,2026-10-01,927.54,
4925,Redrock Beverage,tiktok,paid-social,fall-kickoff-26,video_6s_a,,2026-10-01,439.74,
4926,Sunvale Drinks,newsletter,email,FallKickoff2026,cta_button,,2026-10-01,42.73,10682
4927,Sunvale Drinks,email,email,FallKickoff2026,header_image,,2026-10-01,31.56,7890
4928,Sunvale Drinks,fb,social,FallKickoff2026,zero_static_a,,2026-10-01,617.17,
4929,Sunvale Drinks,newsletter,e-mail,fallkickoff,cta_button,,2026-10-01,75.47,18868
4930,Sunvale Drinks,email,email,password_reset,notice_body,,2026-10-01,65.39,16347
4931,Harborline Distributing,Email,Email,Fall%20Kickoff,Cta Button,,2026-10-02,120.18,30045
4932,Harborline Distributing,google,paid search,Fall%20Kickoff,Generic Ad,sparkling lime drink,2026-10-02,1058.37,
4933,Harborline Distributing,google,Paid Search,fal kickoff 2026,Brand Ad,sparkling lime drink,2026-10-02,895.20,
4934,Harborline Distributing,Google Ads,paid search,fal kickoff 2026,Rsa 2,lemon lime soda,2026-10-02,1276.12,
4935,Northgate Beverage,FB,paid_social,FALL_KICKOFF_2026,GINGER_REEL_B,,2026-10-02,882.28,
4936,Northgate Beverage,fb_paid,PAID_SOCIAL,FALL_KICKOFF_2026,ZERO_VIDEO_15S_C,,2026-10-02,2405.27,
4937,Pinecrest Bottling,fb,paidsocial,fk26_retargeting,ginger_story_c,,2026-10-02,1164.91,
4938,Pinecrest Bottling,tiktok,paidsocial,fk26_retargeting,loyalty_static_c,,2026-10-02,716.40,
4939,Redrock Beverage,email,email,FallKickoff2026,cta_button,,2026-10-02,81.91,20477
4940,Redrock Beverage,facebook,paid-social,FallKickoff2026,ginger_static_b,,2026-10-02,584.14,
4941,Redrock Beverage,bing,ppc,FallKickoff2026,rt_berry_rsa_1,sparkling lime drink,2026-10-02,1145.28,
4942,Redrock Beverage,facebook,paid-social,FallKickoff2026,static_c,,2026-10-02,171.53,
4943,Redrock Beverage,programmatic,display,FallKickoff2026,video_6s_b,,2026-10-02,1009.80,
4944,Redrock Beverage,google,ppc,fall-kickoff-26,rsa_1,zestify near me,2026-10-02,1250.00,
4945,Redrock Beverage,tiktok,paid-social,fall-kickoff-26,story_c,,2026-10-02,1568.64,
4946,Sunvale Drinks,newsletter,e-mail,FallKickoff2026,coupon_cta_button,,2026-10-02,120.54,30134
4947,Sunvale Drinks,newsletter,e-mail,FallKickoff2026,hero_banner,,2026-10-02,103.80,25951
4948,Sunvale Drinks,email,email,fallkickoff,header_image,,2026-10-02,133.06,33264
4949,Sunvale Drinks,text,sms,fallkickoff,header_image,,2026-10-02,120.07,10006
4950,Sunvale Drinks,newsletter,email,route_change_notice,notice_body,,2026-10-02,95.70,23924
4951,Harborline Distributing,Facebook,Paid Social,Fall%20Kickoff,Zero Static A,,2026-10-03,435.01,
4952,Harborline Distributing,Google Ads,Paid Search,fal kickoff 2026,Recipe Brand Ad,zestify soda,2026-10-03,1562.98,
4953,Northgate Beverage,IG,PAID_SOCIAL,FALL_KICKOFF_2026,RECIPE_VIDEO_6S_B,,2026-10-03,713.99,
4954,Northgate Beverage,FB,paid_social,FALL_KICKOFF_2026,REEL_B,,2026-10-03,4756.93,
4955,Northgate Beverage,fb_paid,paid_social,FALL_KICKOFF_2026,STATIC_B,,2026-10-03,2995.96,
4956,Northgate Beverage,fb_paid,paid_social,FALL_KICKOFF_LAUNCH,STATIC_B,,2026-10-03,2372.06,
4957,Pinecrest Bottling,tiktok,paidsocial,fk26_promo,story_a,,2026-10-03,262.79,
4958,Pinecrest Bottling,fb,paidsocial,fk26_retargeting,awareness_video_6s_c,,2026-10-03,737.78,
4959,Pinecrest Bottling,ig,paidsocial,fk26_retargeting,carousel_a,,2026-10-03,360.07,
4960,Pinecrest Bottling,google,cpc,fk26_retargeting,generic_ad,zero sugar soda,2026-10-03,521.73,
4961,Pinecrest Bottling,google,cpc,fk26_retargeting,loyalty_rsa_1,sparkling lime drink,2026-10-03,471.53,
4962,Pinecrest Bottling,fb,paidsocial,fk26_retargeting,original_static_a,,2026-10-03,363.96,
4963,Redrock Beverage,programmatic,display,FallKickoff2026,zero_video_15s_c,,2026-10-03,272.58,
4964,Redrock Beverage,meta,paid-social,fall-kickoff-26,story_c,,2026-10-03,1172.15,
4965,Sunvale Drinks,facebook,social,fallkickoff,carousel_b,,2026-10-03,903.66,
4966,Sunvale Drinks,email,email,fallkickoff,header_image,,2026-10-03,86.88,21721
4967,Sunvale Drinks,newsletter,e-mail,fallkickoff,header_image,,2026-10-03,32.60,8149
4968,Harborline Distributing,google,paid search,Fall Kickoff 2026,Rt Lime Rsa 2,zestify near me,2026-10-04,512.53,
4969,Harborline Distributing,facebook,Paid Social,Fall Kickoff 2026,Video 6S A,,2026-10-04,1848.77,
4970,Harborline Distributing,Google Display,Display,Fall%20Kickoff,Carousel C,,2026-10-04,193.12,
4971,Harborline Distributing,Email,Email,Fall%20Kickoff,Footer Link,,2026-10-04,35.62,8904
4972,Harborline Distributing,Email,Email,Fall%20Kickoff,Rt Cta Button,,2026-10-04,31.01,7752
4973,Harborline Distributing,facebook,paid social,Fall%20Kickoff,Video 15S C,,2026-10-04,178.77,
4974,Harborline Distributing,Google Ads,Paid Search,fal kickoff 2026,Awareness Brand Ad,zero sugar soda,2026-10-04,2404.64,
4975,Harborline Distributing,google,Paid Search,fal kickoff 2026,Brand Ad,zestify soda,2026-10-04,1166.54,
4976,Harborline Distributing,facebook,Paid Social,fal kickoff 2026,Original Video 6S A,,2026-10-04,623.43,
4977,Harborline Distributing,Instagram,Paid Social,fal kickoff 2026,Story A,,2026-10-04,475.03,
4978,Northgate Beverage,IG,PAID_SOCIAL,FALL_KICKOFF_2026,AWARENESS_VIDEO_6S_B,,2026-10-04,2350.61,
4979,Northgate Beverage,fb_paid,paid_social,FALL_KICKOFF_2026,COUPON_BERRY_VIDEO_15S_A,,2026-10-04,981.28,
4980,Northgate Beverage,EMAIL,EMAIL,FALL_KICKOFF_2026,CTA_BUTTON,,2026-10-04,158.48,39620
4981,Northgate Beverage,FACEBOOK,PAID_SOCIAL,FALL_KICKOFF_2026,ORIGINAL_CAROUSEL_C,,2026-10-04,355.00,
4982,Northgate Beverage,ig_paid,PAID_SOCIAL,FALL_KICKOFF_2026,REEL_A,,2026-10-04,331.90,
4983,Northgate Beverage,IG,PAID_SOCIAL,FALL_KICKOFF_LAUNCH,STATIC_B,,2026-10-04,498.98,
4984,Pinecrest Bottling,tt,paidsocial,fk26,awareness_lime_video_15s_b,,2026-10-04,370.57,
4985,Pinecrest Bottling,google,cpc,fk26,rsa_1,sparkling lime drink,2026-10-04,683.29,
4986,Pinecrest Bottling,google,cpc,fk26_retargeting,berry_rsa_1,zestify near me,2026-10-04,533.13,
4987,Pinecrest Bottling,ig,paidsocial,fk26_retargeting,carousel_b,,2026-10-04,521.36,
4988,Pinecrest Bottling,email,email,fk26_retargeting,hero_banner,,2026-10-04,141.68,35420
4989,Pinecrest Bottling,sms,sms,rte_chg_notice,cta_button,,2026-10-04,119.83,9986
4990,Redrock Beverage,google,ppc,FallKickoff2026,rsa_2,zero sugar soda,2026-10-04,328.63,
4991,Redrock Beverage,meta,social,FallKickoff2026,story_a,,2026-10-04,482.68,
4992,Redrock Beverage,tiktok,paid-social,fall-kickoff-26,berry_reel_b,,2026-10-04,343.03,
4993,Redrock Beverage,tiktok,paid-social,fall-kickoff-26,zero_video_15s_c,,2026-10-04,723.08,
4994,Sunvale Drinks,sms,sms,FallKickoff2026,cta_button,,2026-10-04,129.41,10784
4995,Sunvale Drinks,facebook,social,FallKickoff2026,zero_video_6s_b,,2026-10-04,514.48,
4996,Sunvale Drinks,email,e-mail,fall_kickoff_blast,footer_link,,2026-10-04,16.34,4086
4997,Sunvale Drinks,sfmc,email,fallkickoff,footer_link,,2026-10-04,144.11,36027
4998,Sunvale Drinks,sms,sms,fallkickoff,footer_link,,2026-10-04,120.53,10044
